"quad","year","trackID","area","x","y","allEdge","totCover","age","Treatment","inARTR"
"Q47",2011,1,7.77828696204049,92.45855396,10.26009366,0,128.558146072289,NA,"No_shrub",0
"Q47",2011,10,0.968396401853999,17.13025798,84.70321257,0,128.558146072289,NA,"No_shrub",0
"Q47",2011,11,3.420502668627,70.0492878,97.43446255,1,128.558146072289,NA,"No_shrub",0
"Q47",2011,12,0.814775153782493,76.52052318,90.89291433,0,128.558146072289,NA,"No_shrub",1
"Q47",2011,13,1.84151086139901,95.36617107,92.34297206,0,128.558146072289,NA,"No_shrub",1
"Q47",2011,14,6.60085289887049,80.44586924,81.93273453,0,128.558146072289,NA,"No_shrub",1
"Q47",2011,15,5.37382582810598,93.04699255,82.17059241,0,128.558146072289,NA,"No_shrub",1
"Q47",2011,16,0.771995926489497,92.37334583,78.99862972,0,128.558146072289,NA,"No_shrub",1
"Q47",2011,17,0.25,92.803693,0.426405,1,128.558146072289,NA,"No_shrub",0
"Q47",2011,18,1.66787299693499,76.84282448,97.06205666,0,128.558146072289,NA,"No_shrub",0
"Q47",2011,19,0.6047626621175,7.68676152,15.3975598,0,128.558146072289,NA,"No_shrub",1
"Q47",2011,2,2.613505784675,57.47325978,2.8646242,1,128.558146072289,NA,"No_shrub",0
"Q47",2011,20,0.214129,4.609072,99.785871,1,128.558146072289,NA,"No_shrub",1
"Q47",2011,21,0.25,2.404206,99.557159,1,128.558146072289,NA,"No_shrub",1
"Q47",2011,22,0.25,37.990735,99.424866,1,128.558146072289,NA,"No_shrub",1
"Q47",2011,23,0.25,43.061926,99.336672,1,128.558146072289,NA,"No_shrub",0
"Q47",2011,24,0.25,41.518521,98.454725,1,128.558146072289,NA,"No_shrub",0
"Q47",2011,25,0.25,4.035807,97.616877,1,128.558146072289,NA,"No_shrub",1
"Q47",2011,26,0.25,13.16395,90.032139,0,128.558146072289,NA,"No_shrub",0
"Q47",2011,27,0.25,98.271759,89.723459,1,128.558146072289,NA,"No_shrub",1
"Q47",2011,28,0.25,12.502491,88.885609,0,128.558146072289,NA,"No_shrub",0
"Q47",2011,29,0.25,12.370198,84.167197,0,128.558146072289,NA,"No_shrub",0
"Q47",2011,3,3.5438074621005,27.22211192,0.72644156,1,128.558146072289,NA,"No_shrub",0
"Q47",2011,30,0.25,12.590685,83.197056,0,128.558146072289,NA,"No_shrub",1
"Q47",2011,31,0.25,89.849173,77.993574,0,128.558146072289,NA,"No_shrub",0
"Q47",2011,32,0.25,98.315857,54.974778,1,128.558146072289,NA,"No_shrub",0
"Q47",2011,33,0.25,89.89327,28.295905,0,128.558146072289,NA,"No_shrub",0
"Q47",2011,34,1.25,50.3997192,16.5660202,0,128.558146072289,NA,"No_shrub",0
"Q47",2011,35,8.98696502453299,56.69928513,18.1291071,0,128.558146072289,NA,"No_shrub",0
"Q47",2011,36,0.25,89.672784,6.644125,0,128.558146072289,NA,"No_shrub",0
"Q47",2011,37,0.25,58.055012,1.484741,1,128.558146072289,NA,"No_shrub",0
"Q47",2011,4,5.8159993922955,20.0039703,0.84248114,1,128.558146072289,NA,"No_shrub",0
"Q47",2011,5,5.870666661002,3.36003737,1.42195864,1,128.558146072289,NA,"No_shrub",0
"Q47",2011,6,2.0311057034405,3.43947624,11.2829908,0,128.558146072289,NA,"No_shrub",0
"Q47",2011,7,1.847345015769,50.07037392,23.51420882,0,128.558146072289,NA,"No_shrub",0
"Q47",2011,8,31.198244359585,58.45061544,34.35661216,0,128.558146072289,NA,"No_shrub",0
"Q47",2011,9,31.3435953086675,3.61813829,41.35365189,0,128.558146072289,NA,"No_shrub",0
"Q47",2012,1,3.82050943651149,92.44062562,9.12157974,0,241.599501182563,2,"No_shrub",0
"Q47",2012,10,0.75,15.33544967,84.545543,0,241.599501182563,2,"No_shrub",0
"Q47",2012,11,34.334808322458,74.04396063,95.86795788,0,241.599501182563,2,"No_shrub",1
"Q47",2012,13,13.0450632985025,94.35442129,90.39129775,0,241.599501182563,2,"No_shrub",1
"Q47",2012,14,4.00557706204,79.88945982,79.9409601,0,241.599501182563,2,"No_shrub",1
"Q47",2012,15,8.97371881896201,91.81804541,80.55479893,0,241.599501182563,2,"No_shrub",0
"Q47",2012,16,0.25,88.548009,77.181292,0,241.599501182563,2,"No_shrub",0
"Q47",2012,2,9.3851781128465,57.06390727,2.67003236,0,241.599501182563,2,"No_shrub",0
"Q47",2012,24,0.473393999999999,41.30604169,98.16632947,1,241.599501182563,2,"No_shrub",0
"Q47",2012,32,0.25,97.643079,52.012752,1,241.599501182563,2,"No_shrub",0
"Q47",2012,33,0.25,88.944885,27.075723,0,241.599501182563,2,"No_shrub",0
"Q47",2012,35,46.486142803284,52.59217184,17.33402957,0,241.599501182563,2,"No_shrub",0
"Q47",2012,38,0.1360115,65.463067,0.1360115,1,241.599501182563,1,"No_shrub",0
"Q47",2012,4,2.028799682089,20.89447166,0.9066349,1,241.599501182563,2,"No_shrub",0
"Q47",2012,5,19.484194054336,4.60670247,5.07650857,0,241.599501182563,2,"No_shrub",0
"Q47",2012,6,4.4808421161305,8.04139366,13.12146159,0,241.599501182563,2,"No_shrub",0
"Q47",2012,8,43.8546166938245,57.98099282,31.5438679,0,241.599501182563,2,"No_shrub",0
"Q47",2012,9,49.5906452815785,5.50549722,38.29022602,0,241.599501182563,2,"No_shrub",0
"Q47",2013,1,16.243535336433,91.47885802,9.68746096,0,320.790351695359,3,"No_shrub",0
"Q47",2013,10,5.35884334788598,17.40749363,84.61984434,0,320.790351695359,3,"No_shrub",0
"Q47",2013,11,45.5722889419745,73.4568441,96.57898957,0,320.790351695359,3,"No_shrub",1
"Q47",2013,13,16.063532037079,95.45501393,91.17482074,0,320.790351695359,3,"No_shrub",1
"Q47",2013,14,13.6751513232265,80.33719934,80.36949562,0,320.790351695359,3,"No_shrub",1
"Q47",2013,15,12.5046129933435,92.34348885,81.11565311,0,320.790351695359,3,"No_shrub",1
"Q47",2013,24,0.25,41.842855,97.185956,1,320.790351695359,3,"No_shrub",0
"Q47",2013,35,51.209929130903,53.25320442,18.90282142,0,320.790351695359,3,"No_shrub",0
"Q47",2013,38,0.1272645,65.69165,0.1272645,1,320.790351695359,2,"No_shrub",0
"Q47",2013,4,13.026048096712,24.06674483,1.15769039,1,320.790351695359,3,"No_shrub",0
"Q47",2013,5,33.7979498898565,3.85509111,7.6716587,0,320.790351695359,3,"No_shrub",0
"Q47",2013,6,7.944056941484,8.9272921,13.32181581,0,320.790351695359,3,"No_shrub",0
"Q47",2013,8,49.8033286100195,56.67497982,30.42397188,0,320.790351695359,3,"No_shrub",0
"Q47",2013,9,55.2138105464415,6.64073822,38.61495738,0,320.790351695359,3,"No_shrub",0
"Q47",2014,1,17.8643008472005,91.74314564,9.73312751,0,620.05567397668,4,"No_shrub",0
"Q47",2014,10,3.38647199949002,16.2595564,84.89816349,0,620.05567397668,4,"No_shrub",0
"Q47",2014,11,93.139148917995,72.50810597,95.71560706,0,620.05567397668,4,"No_shrub",1
"Q47",2014,13,106.322314134063,91.56286891,86.07580025,0,620.05567397668,4,"No_shrub",1
"Q47",2014,14,35.8915893906205,78.07586197,80.74117085,0,620.05567397668,4,"No_shrub",1
"Q47",2014,24,15.5845745960175,41.32305816,98.60649405,1,620.05567397668,4,"No_shrub",0
"Q47",2014,4,17.353318405583,25.60577663,1.79272345,1,620.05567397668,4,"No_shrub",0
"Q47",2014,5,66.1434271190555,5.93191795,6.73717172,0,620.05567397668,4,"No_shrub",0
"Q47",2014,8,203.184036585885,53.15411005,26.14478588,0,620.05567397668,4,"No_shrub",0
"Q47",2014,9,61.1864919807695,7.42397579,38.79283888,0,620.05567397668,4,"No_shrub",0
"Q47",2015,1,9.76520377566399,91.51801569,10.12346224,0,460.869952176464,5,"No_shrub",0
"Q47",2015,10,0.25,18.420961,84.966058,0,460.869952176464,5,"No_shrub",0
"Q47",2015,11,54.880896211549,72.33683957,97.15101869,0,460.869952176464,5,"No_shrub",1
"Q47",2015,13,93.806506197178,94.18174934,85.48848529,0,460.869952176464,5,"No_shrub",1
"Q47",2015,14,12.5574243804925,79.57225715,79.95248461,0,460.869952176464,5,"No_shrub",1
"Q47",2015,38,8.35242013423,65.18768156,1.4249628,1,460.869952176464,4,"No_shrub",0
"Q47",2015,39,0.25,65.225845,83.087512,0,460.869952176464,1,"No_shrub",0
"Q47",2015,4,7.4927396553025,20.68697956,1.27934003,1,460.869952176464,5,"No_shrub",0
"Q47",2015,40,0.25,65.99314,87.188563,0,460.869952176464,1,"No_shrub",1
"Q47",2015,41,0.25,55.118743,89.172941,0,460.869952176464,1,"No_shrub",0
"Q47",2015,42,0.25,81.577129,35.092,0,460.869952176464,1,"No_shrub",0
"Q47",2015,43,0.25,90.837564,27.657193,0,460.869952176464,1,"No_shrub",0
"Q47",2015,44,0.25,89.435269,28.794904,0,460.869952176464,1,"No_shrub",0
"Q47",2015,45,0.25,88.535685,28.530319,0,460.869952176464,1,"No_shrub",0
"Q47",2015,46,0.25,96.552575,0.48443,1,460.869952176464,1,"No_shrub",0
"Q47",2015,47,0.25,95.520699,0.934223,1,460.869952176464,1,"No_shrub",0
"Q47",2015,48,0.25,95.309031,0.457972,1,460.869952176464,1,"No_shrub",0
"Q47",2015,49,0.25,94.647572,0.66964,1,460.869952176464,1,"No_shrub",0
"Q47",2015,5,76.8863772845325,5.5413756,8.04408866,0,460.869952176464,5,"No_shrub",0
"Q47",2015,8,164.032095916143,55.03131827,26.65134206,0,460.869952176464,5,"No_shrub",0
"Q47",2015,9,30.0962886213725,8.84987427,37.86402095,0,460.869952176464,5,"No_shrub",0
"Q47",2016,1,3.408740085953,92.34339168,8.89583994,0,337.141116933003,6,"No_shrub",0
"Q47",2016,10,1.82992063389599,21.0554401,81.82269749,0,337.141116933003,6,"No_shrub",0
"Q47",2016,11,58.9273664100555,76.36179669,94.16046046,0,337.141116933003,6,"No_shrub",0
"Q47",2016,13,95.233368520787,95.51205447,83.58758516,0,337.141116933003,6,"No_shrub",1
"Q47",2016,14,20.8933611900465,81.90137079,78.09268535,0,337.141116933003,6,"No_shrub",1
"Q47",2016,24,0.25,33.316373,98.212432,1,337.141116933003,6,"No_shrub",1
"Q47",2016,38,0.25,66.339086,6.860885,0,337.141116933003,5,"No_shrub",0
"Q47",2016,4,5.371530111402,21.6419592,0.90095579,1,337.141116933003,6,"No_shrub",0
"Q47",2016,43,0.568514567760499,91.8852494,27.16786802,0,337.141116933003,2,"No_shrub",0
"Q47",2016,5,26.44447640806,8.23691074,7.96215723,0,337.141116933003,6,"No_shrub",0
"Q47",2016,50,1.37654352714952,98.98213151,49.00055869,1,337.141116933003,1,"No_shrub",0
"Q47",2016,51,0.25,44.230457,46.856704,0,337.141116933003,1,"No_shrub",1
"Q47",2016,52,0.25,45.447544,45.427951,0,337.141116933003,1,"No_shrub",1
"Q47",2016,53,0.25,45.130042,42.305862,0,337.141116933003,1,"No_shrub",0
"Q47",2016,54,0.226977,43.722456,0.226977,1,337.141116933003,1,"No_shrub",0
"Q47",2016,55,0.25,45.386689,37.575102,0,337.141116933003,1,"No_shrub",0
"Q47",2016,56,0.25,46.544243,37.11208,0,337.141116933003,1,"No_shrub",0
"Q47",2016,57,0.25,47.50336,37.740467,0,337.141116933003,1,"No_shrub",0
"Q47",2016,58,0.25,98.893484,27.811958,1,337.141116933003,1,"No_shrub",0
"Q47",2016,59,0.25,98.708275,47.879321,1,337.141116933003,1,"No_shrub",0
"Q47",2016,8,83.2018207058235,56.37527084,26.07085521,0,337.141116933003,6,"No_shrub",0
"Q47",2016,9,37.1584977720695,7.6431394,39.02329497,0,337.141116933003,6,"No_shrub",0
"Q50",2011,1,20.314748328677,5.06425599,22.28050014,0,21.548314328677,NA,"No_shrub",0
"Q50",2011,2,0.25,90.125558,3.308999,1,21.548314328677,NA,"No_shrub",1
"Q50",2011,3,0.25,96.607862,5.602059,1,21.548314328677,NA,"No_shrub",1
"Q50",2011,4,0.25,97.710295,7.277757,1,21.548314328677,NA,"No_shrub",1
"Q50",2011,5,0.25,98.680436,11.599293,1,21.548314328677,NA,"No_shrub",1
"Q50",2011,6,0.233566000000003,99.766434,13.583672,1,21.548314328677,NA,"No_shrub",1
"Q50",2012,1,53.395755107934,5.16231454,22.02756716,0,53.645755107934,2,"No_shrub",0
"Q50",2012,7,0.25,17.32854,65.861479,0,53.645755107934,1,"No_shrub",0
"Q50",2013,1,114.724107981562,5.56684071,22.87161154,0,114.974107981562,3,"No_shrub",0
"Q50",2013,8,0.25,16.527157,77.160093,0,114.974107981562,1,"No_shrub",0
"Q50",2014,1,47.368075167871,5.75153741,21.11148769,0,53.087768167871,4,"No_shrub",0
"Q50",2014,10,0.25,18.583369,37.777011,0,53.087768167871,1,"No_shrub",0
"Q50",2014,11,0.25,19.840141,34.403567,0,53.087768167871,1,"No_shrub",0
"Q50",2014,12,0.25,27.446928,23.820212,0,53.087768167871,1,"No_shrub",0
"Q50",2014,13,0.25,33.863086,26.929073,0,53.087768167871,1,"No_shrub",0
"Q50",2014,14,0.25,47.819884,0.669125,1,53.087768167871,1,"No_shrub",1
"Q50",2014,15,0.25,43.255813,42.671813,0,53.087768167871,1,"No_shrub",1
"Q50",2014,16,0.25,2.046877,45.516089,1,53.087768167871,1,"No_shrub",0
"Q50",2014,17,0.25,47.158425,54.379649,0,53.087768167871,1,"No_shrub",1
"Q50",2014,18,0.25,31.68027,62.317164,0,53.087768167871,1,"No_shrub",0
"Q50",2014,19,0.25,10.645852,75.943233,0,53.087768167871,1,"No_shrub",0
"Q50",2014,20,0.25,24.073484,81.301056,0,53.087768167871,1,"No_shrub",0
"Q50",2014,21,0.25,25.131819,75.810941,0,53.087768167871,1,"No_shrub",0
"Q50",2014,22,0.25,29.034431,93.53806,0,53.087768167871,1,"No_shrub",0
"Q50",2014,23,0.25,13.291691,88.577113,0,53.087768167871,1,"No_shrub",0
"Q50",2014,24,0.25,45.43863,92.678163,0,53.087768167871,1,"No_shrub",0
"Q50",2014,25,0.25,50.8626,95.853169,1,53.087768167871,1,"No_shrub",0
"Q50",2014,26,0.25,67.994405,85.402106,0,53.087768167871,1,"No_shrub",0
"Q50",2014,27,0.25,66.869924,75.810941,0,53.087768167871,1,"No_shrub",0
"Q50",2014,28,0.219692999999999,99.780307,14.625923,1,53.087768167871,1,"No_shrub",1
"Q50",2014,29,0.250000000000002,37.964137,31.956166,0,53.087768167871,1,"No_shrub",0
"Q50",2014,30,0.25,3.105212,75.546358,1,53.087768167871,1,"No_shrub",0
"Q50",2014,8,0.25,12.49794,80.242721,0,53.087768167871,2,"No_shrub",0
"Q50",2014,9,0.25,16.532843,37.115551,0,53.087768167871,1,"No_shrub",0
"Q50",2015,1,148.178484750643,5.92372027,20.16550948,0,148.428484750643,5,"No_shrub",0
"Q50",2015,10,0.25,18.946749,38.58052,0,148.428484750643,2,"No_shrub",0
"Q50",2016,1,48.59431514745,9.01457313,18.85456229,0,80.9491952773245,6,"No_shrub",0
"Q50",2016,14,2.4626759904805,47.50998428,1.7628453,1,80.9491952773245,3,"No_shrub",1
"Q50",2016,15,1.25,43.0536478,44.1312612,0,80.9491952773245,3,"No_shrub",1
"Q50",2016,19,7.30095103057101,10.14932313,75.37725915,0,80.9491952773245,3,"No_shrub",0
"Q50",2016,20,0.5,22.689951,81.847691,0,80.9491952773245,3,"No_shrub",0
"Q50",2016,23,0.25,8.725215,89.441248,0,80.9491952773245,3,"No_shrub",0
"Q50",2016,25,0.5,51.5983835,93.547589,0,80.9491952773245,3,"No_shrub",0
"Q50",2016,26,0.5,70.0134205,81.5420965,0,80.9491952773245,3,"No_shrub",0
"Q50",2016,27,0.25,70.981798,77.876288,0,80.9491952773245,3,"No_shrub",0
"Q50",2016,29,1.7136646465275,42.05113517,32.82523771,0,80.9491952773245,3,"No_shrub",0
"Q50",2016,31,1.8969601565535,9.46226563,7.74582697,0,80.9491952773245,1,"No_shrub",0
"Q50",2016,32,0.396926196875996,37.73339245,17.696184,0,80.9491952773245,1,"No_shrub",0
"Q50",2016,33,0.368180426524499,44.03137473,24.76370186,0,80.9491952773245,1,"No_shrub",0
"Q50",2016,34,1.127381187779,18.17366453,52.23428537,0,80.9491952773245,1,"No_shrub",0
"Q50",2016,35,1.329388831414,22.77865206,61.19869156,0,80.9491952773245,1,"No_shrub",0
"Q50",2016,36,0.616653054142498,18.52297993,72.274096,0,80.9491952773245,1,"No_shrub",0
"Q50",2016,37,0.233902875078994,18.51697359,70.42195364,0,80.9491952773245,1,"No_shrub",0
"Q50",2016,38,0.162235911876001,49.3646803,80.70730925,0,80.9491952773245,1,"No_shrub",0
"Q50",2016,39,0.495959822050999,39.21363337,81.11607579,0,80.9491952773245,1,"No_shrub",0
"Q50",2016,40,0.25,90.132377,74.047759,0,80.9491952773245,1,"No_shrub",1
"Q50",2016,41,0.25,73.945137,80.257542,0,80.9491952773245,1,"No_shrub",0
"Q50",2016,42,0.25,77.067226,80.733793,0,80.9491952773245,1,"No_shrub",0
"Q50",2016,43,0.25,75.188681,83.136214,0,80.9491952773245,1,"No_shrub",0
"Q50",2016,44,0.25,66.388622,94.724988,0,80.9491952773245,1,"No_shrub",0
"Q50",2016,45,0.25,66.547373,93.454985,0,80.9491952773245,1,"No_shrub",0
"Q50",2016,46,0.25,66.388622,92.661233,0,80.9491952773245,1,"No_shrub",0
"Q50",2016,47,0.25,53.285106,85.927574,0,80.9491952773245,1,"No_shrub",0
"Q50",2016,48,0.25,53.166043,89.499456,0,80.9491952773245,1,"No_shrub",0
"Q50",2016,49,0.25,46.05006,80.490376,0,80.9491952773245,1,"No_shrub",0
"Q50",2016,50,0.25,44.700683,78.307559,0,80.9491952773245,1,"No_shrub",0
"Q50",2016,51,0.25,35.847706,87.390723,0,80.9491952773245,1,"No_shrub",0
"Q50",2016,52,0.25,30.966134,86.160408,0,80.9491952773245,1,"No_shrub",0
"Q50",2016,53,0.25,20.758489,92.35167,0,80.9491952773245,1,"No_shrub",0
"Q50",2016,54,0.25,22.081408,90.076249,0,80.9491952773245,1,"No_shrub",0
"Q50",2016,55,0.25,24.780164,87.642078,0,80.9491952773245,1,"No_shrub",0
"Q50",2016,56,0.25,18.906402,85.260823,0,80.9491952773245,1,"No_shrub",0
"Q50",2016,57,0.25,36.633521,73.566216,0,80.9491952773245,1,"No_shrub",0
"Q50",2016,58,0.25,3.803955,91.716669,1,80.9491952773245,1,"No_shrub",0
"Q50",2016,59,0.25,4.386039,85.154989,1,80.9491952773245,1,"No_shrub",0
"Q50",2016,60,0.25,20.975448,70.096199,0,80.9491952773245,1,"No_shrub",0
"Q50",2016,61,0.25,24.183527,69.633177,0,80.9491952773245,1,"No_shrub",0
"Q50",2016,62,0.25,17.370492,63.002705,0,80.9491952773245,1,"No_shrub",0
"Q50",2016,63,0.249999999999999,15.994656,55.594357,0,80.9491952773245,1,"No_shrub",0
"Q50",2016,64,0.25,16.629658,53.276603,0,80.9491952773245,1,"No_shrub",0
"Q50",2016,65,0.25,25.464113,50.141284,0,80.9491952773245,1,"No_shrub",0
"Q50",2016,66,0.25,25.067237,56.808797,0,80.9491952773245,1,"No_shrub",0
"Q50",2016,67,0.25,32.465002,56.570672,0,80.9491952773245,1,"No_shrub",0
"Q50",2016,68,0.25,25.995927,64.905064,0,80.9491952773245,1,"No_shrub",0
"Q50",2016,69,0.25,34.044568,8.552669,0,80.9491952773245,1,"No_shrub",0
"Q50",2016,70,0.25,35.737904,5.060162,0,80.9491952773245,1,"No_shrub",1
"Q50",2016,71,0.25,47.506595,8.182252,0,80.9491952773245,1,"No_shrub",1
"Q50",2016,72,0.25,59.254118,10.986841,0,80.9491952773245,1,"No_shrub",1
"Q50",2016,73,0.25,41.421166,16.860603,0,80.9491952773245,1,"No_shrub",0
"Q50",2016,74,0.25,41.685749,17.866021,0,80.9491952773245,1,"No_shrub",0
"Q50",2016,75,0.25,39.092828,20.988111,0,80.9491952773245,1,"No_shrub",0
"Q50",2016,76,0.25,34.99707,41.779111,0,80.9491952773245,1,"No_shrub",0
"Q50",2016,77,0.25,46.241884,26.179246,0,80.9491952773245,1,"No_shrub",0
"Q50",2016,78,0.25,47.30022,28.348834,0,80.9491952773245,1,"No_shrub",0
"Q50",2016,79,0.25,48.834806,35.63812,0,80.9491952773245,1,"No_shrub",1
"Q50",2016,80,0.25,61.402539,47.716373,0,80.9491952773245,1,"No_shrub",1
"Q50",2016,81,0.25,88.277645,13.214637,0,80.9491952773245,1,"No_shrub",1
"Q50",2016,82,0.25,97.518236,2.988471,1,80.9491952773245,1,"No_shrub",1
"Q50",2016,83,0.25,96.989068,38.569709,1,80.9491952773245,1,"No_shrub",1
"Q52",2011,3,0.25,47.264745,93.818933,0,0.25,NA,"No_shrub",0
"Q52",2012,3,0.5,48.0678565,95.002967,0,1.25,2,"No_shrub",0
"Q52",2012,4,0.25,19.327434,27.897885,0,1.25,1,"No_shrub",1
"Q52",2012,5,0.25,39.865756,87.958422,0,1.25,1,"No_shrub",0
"Q52",2012,6,0.25,35.963144,93.547756,0,1.25,1,"No_shrub",0
"Q52",2015,7,9.2801630147605,48.04521574,95.85556082,0,9.5301630147605,1,"No_shrub",0
"Q52",2015,8,0.25,47.399233,81.925195,0,9.5301630147605,1,"No_shrub",0
"Q52",2016,10,0.25,33.634147,95.292093,1,13.0911267218255,1,"No_shrub",0
"Q52",2016,11,0.25,53.828511,89.442144,0,13.0911267218255,1,"No_shrub",0
"Q52",2016,12,0.25,31.584946,19.625739,0,13.0911267218255,1,"No_shrub",1
"Q52",2016,7,12.0911267218255,49.9585013,92.439324,0,13.0911267218255,2,"No_shrub",0
"Q52",2016,9,0.25,33.10498,92.963755,0,13.0911267218255,1,"No_shrub",0
"Q53",2011,1,73.8150099629875,29.76020151,16.02244937,0,165.852507317411,NA,"No_shrub",0
"Q53",2011,10,2.189225734432,90.31236637,83.29060995,0,165.852507317411,NA,"No_shrub",0
"Q53",2011,11,1.92318323480949,98.62578917,80.85452129,1,165.852507317411,NA,"No_shrub",0
"Q53",2011,12,2.28390050920949,88.52247341,89.99743877,0,165.852507317411,NA,"No_shrub",0
"Q53",2011,13,4.729686628577,92.04107686,92.56448131,0,165.852507317411,NA,"No_shrub",0
"Q53",2011,14,1.975686666406,20.99520114,60.04440214,0,165.852507317411,NA,"No_shrub",0
"Q53",2011,15,18.528863660513,76.06288845,75.50655909,0,165.852507317411,NA,"No_shrub",0
"Q53",2011,16,0.307241129128002,96.57160727,78.96423214,1,165.852507317411,NA,"No_shrub",0
"Q53",2011,17,0.25,99.736939,85.930305,1,165.852507317411,NA,"No_shrub",0
"Q53",2011,18,0.25,20.273585,62.205952,0,165.852507317411,NA,"No_shrub",0
"Q53",2011,19,0.25,80.598707,25.693379,0,165.852507317411,NA,"No_shrub",0
"Q53",2011,2,3.875665452358,18.11918326,0.76724966,1,165.852507317411,NA,"No_shrub",0
"Q53",2011,20,0.25,80.598707,23.179832,0,165.852507317411,NA,"No_shrub",0
"Q53",2011,3,1.920264255927,21.82377856,2.25083916,1,165.852507317411,NA,"No_shrub",0
"Q53",2011,4,3.09770491164549,47.4817225,8.59196394,0,165.852507317411,NA,"No_shrub",0
"Q53",2011,5,2.9442054333825,50.34418131,15.91416096,0,165.852507317411,NA,"No_shrub",0
"Q53",2011,6,5.58870111645499,83.50324392,17.47530642,0,165.852507317411,NA,"No_shrub",0
"Q53",2011,7,4.38890169427049,84.22660342,24.98119502,0,165.852507317411,NA,"No_shrub",0
"Q53",2011,8,8.57167782692598,71.95554969,36.82379275,0,165.852507317411,NA,"No_shrub",0
"Q53",2011,9,28.712589100384,75.62090413,66.21033653,0,165.852507317411,NA,"No_shrub",0
"Q53",2012,1,78.053182285229,30.96591381,14.51431854,0,198.753188589701,2,"No_shrub",0
"Q53",2012,10,4.40438318247649,89.52631683,83.22267337,0,198.753188589701,2,"No_shrub",0
"Q53",2012,11,6.11620066599149,96.7834546,82.09532093,0,198.753188589701,2,"No_shrub",0
"Q53",2012,13,15.024920439913,91.85884921,91.52299989,0,198.753188589701,2,"No_shrub",0
"Q53",2012,14,2.4231007837805,21.30459497,57.28681205,0,198.753188589701,2,"No_shrub",0
"Q53",2012,15,32.434051281101,73.65142636,74.57664749,0,198.753188589701,2,"No_shrub",0
"Q53",2012,2,1.5825260300095,22.79810315,0.92746,1,198.753188589701,2,"No_shrub",0
"Q53",2012,21,0.25,93.316573,4.990049,0,198.753188589701,1,"No_shrub",0
"Q53",2012,22,0.25,89.228752,5.029737,0,198.753188589701,1,"No_shrub",0
"Q53",2012,23,0.25,65.416205,71.030181,0,198.753188589701,1,"No_shrub",0
"Q53",2012,24,0.25,64.582765,75.435503,0,198.753188589701,1,"No_shrub",0
"Q53",2012,25,0.25,65.813081,78.173946,0,198.753188589701,1,"No_shrub",0
"Q53",2012,4,4.511097159938,47.50789317,5.55907808,0,198.753188589701,2,"No_shrub",0
"Q53",2012,5,8.199204921363,50.52001583,15.28897453,0,198.753188589701,2,"No_shrub",0
"Q53",2012,6,2.84488867360301,84.65703501,16.36379113,0,198.753188589701,2,"No_shrub",0
"Q53",2012,7,4.5590443608,84.14106233,23.85902745,0,198.753188589701,2,"No_shrub",0
"Q53",2012,8,2.177437410357,72.85724471,33.15054306,0,198.753188589701,2,"No_shrub",0
"Q53",2012,9,35.173151395139,75.80599549,66.16072758,0,198.753188589701,2,"No_shrub",0
"Q53",2013,1,72.337438587311,30.48959371,15.11771755,0,263.472433858235,3,"No_shrub",0
"Q53",2013,10,4.65379631295251,88.99546256,81.57614292,0,263.472433858235,3,"No_shrub",0
"Q53",2013,11,5.84046605482901,94.15755522,78.07803067,0,263.472433858235,3,"No_shrub",0
"Q53",2013,13,44.3607015162275,89.46267667,90.15719249,0,263.472433858235,3,"No_shrub",0
"Q53",2013,14,12.6612226250725,19.88842989,55.78048601,0,263.472433858235,3,"No_shrub",0
"Q53",2013,15,1,66.77340425,73.34725,0,263.472433858235,3,"No_shrub",0
"Q53",2013,2,5.8470175066505,21.62208376,0.95776512,1,263.472433858235,3,"No_shrub",0
"Q53",2013,26,0.25,8.807311,77.261937,0,263.472433858235,1,"No_shrub",1
"Q53",2013,4,6.742902105816,47.52608004,3.69183781,0,263.472433858235,3,"No_shrub",0
"Q53",2013,5,10.58713245224,51.36823041,14.19957051,0,263.472433858235,3,"No_shrub",0
"Q53",2013,6,6.936611674831,86.15732495,12.93010663,0,263.472433858235,3,"No_shrub",0
"Q53",2013,7,10.3394836583505,82.83970843,23.33547817,0,263.472433858235,3,"No_shrub",0
"Q53",2013,8,2.92258276102799,73.8082561,32.25960942,0,263.472433858235,3,"No_shrub",0
"Q53",2013,9,78.9930786029265,75.20459776,66.44696811,0,263.472433858235,3,"No_shrub",0
"Q53",2014,1,93.5445424478755,30.86553829,15.49688269,0,361.27887524404,4,"No_shrub",0
"Q53",2014,11,13.529520516388,94.40194926,79.33509143,0,361.27887524404,4,"No_shrub",0
"Q53",2014,13,60.874008984617,93.38601914,90.60023802,0,361.27887524404,4,"No_shrub",0
"Q53",2014,14,19.323464475384,19.72374575,58.15102686,0,361.27887524404,4,"No_shrub",0
"Q53",2014,15,2.5,66.2676754,72.4652452,0,361.27887524404,4,"No_shrub",0
"Q53",2014,2,8.4190233721175,19.44688743,1.06853619,1,361.27887524404,4,"No_shrub",0
"Q53",2014,21,0.25,96.061142,5.287402,1,361.27887524404,3,"No_shrub",0
"Q53",2014,27,0.25,54.124599,25.131192,0,361.27887524404,1,"No_shrub",0
"Q53",2014,4,8.78076244222,47.97048786,5.01406682,0,361.27887524404,4,"No_shrub",0
"Q53",2014,5,29.6792499823205,50.70108772,13.77901994,0,361.27887524404,4,"No_shrub",0
"Q53",2014,6,9.43172274660099,86.86130246,15.57384725,0,361.27887524404,4,"No_shrub",0
"Q53",2014,7,16.174303781319,85.05151538,22.77019307,0,361.27887524404,4,"No_shrub",0
"Q53",2014,8,26.2965936716125,73.37394353,33.2697532,0,361.27887524404,4,"No_shrub",0
"Q53",2014,9,72.2256828235855,75.38702955,67.19013607,0,361.27887524404,4,"No_shrub",0
"Q53",2015,1,154.426688948806,32.20439503,18.52364682,0,287.922031196331,5,"No_shrub",0
"Q53",2015,11,2.935509567095,98.80016931,78.64071563,1,287.922031196331,5,"No_shrub",0
"Q53",2015,13,24.5515697214455,93.41125418,92.97279274,0,287.922031196331,5,"No_shrub",0
"Q53",2015,14,23.794918367035,21.61373131,56.36625303,0,287.922031196331,5,"No_shrub",0
"Q53",2015,15,1,68.998005,74.6293535,0,287.922031196331,5,"No_shrub",0
"Q53",2015,2,0.37523958477,22.08523899,0.10131383,1,287.922031196331,5,"No_shrub",0
"Q53",2015,27,0.25,54.243485,24.854514,0,287.922031196331,2,"No_shrub",0
"Q53",2015,28,0.25,96.733008,71.209607,1,287.922031196331,1,"No_shrub",0
"Q53",2015,29,0.25,89.007159,45.015805,0,287.922031196331,1,"No_shrub",0
"Q53",2015,30,0.25,57.550783,35.543703,0,287.922031196331,1,"No_shrub",0
"Q53",2015,4,2.045010369488,48.82014574,4.2646755,0,287.922031196331,5,"No_shrub",0
"Q53",2015,5,6.8364606745395,48.42687788,15.67507868,0,287.922031196331,5,"No_shrub",0
"Q53",2015,6,22.367000327275,86.78473173,15.06530345,0,287.922031196331,5,"No_shrub",0
"Q53",2015,7,16.1930272215395,84.48130186,23.80578028,0,287.922031196331,5,"No_shrub",0
"Q53",2015,9,32.396606414337,75.43714276,66.67634865,0,287.922031196331,5,"No_shrub",0
"Q53",2016,1,184.519722332395,28.88700051,17.86615735,0,362.964832294478,6,"No_shrub",0
"Q53",2016,11,6.06336208150699,93.99737884,76.8788338,0,362.964832294478,6,"No_shrub",0
"Q53",2016,13,41.816297347443,90.79750366,88.68031475,0,362.964832294478,6,"No_shrub",0
"Q53",2016,14,86.6209177212155,21.68056547,52.58034048,0,362.964832294478,6,"No_shrub",0
"Q53",2016,31,0.757100631046006,30.35279871,92.92068773,0,362.964832294478,1,"No_shrub",1
"Q53",2016,6,12.939653356856,86.58360239,17.79141353,0,362.964832294478,6,"No_shrub",0
"Q53",2016,7,13.5166580429665,85.60997188,26.02331302,0,362.964832294478,6,"No_shrub",0
"Q53",2016,8,4.0319487568695,74.76810681,32.76782748,0,362.964832294478,6,"No_shrub",0
"Q53",2016,9,12.6991720241795,71.55951493,63.00768781,0,362.964832294478,6,"No_shrub",0
"Q54",2011,1,56.240705171241,1.71647363,37.26565242,1,109.39135154397,NA,"No_shrub",0
"Q54",2011,10,0.25,71.345527,39.456121,0,109.39135154397,NA,"No_shrub",1
"Q54",2011,11,0.25,97.054258,42.895711,1,109.39135154397,NA,"No_shrub",0
"Q54",2011,2,12.561825723373,91.32808976,98.38793194,1,109.39135154397,NA,"No_shrub",0
"Q54",2011,3,3.54495555917501,84.20694836,94.70870015,0,109.39135154397,NA,"No_shrub",0
"Q54",2011,4,0.519200437211998,97.84765286,99.0067584,1,109.39135154397,NA,"No_shrub",0
"Q54",2011,5,2.7233725561805,60.92757767,37.38731008,0,109.39135154397,NA,"No_shrub",0
"Q54",2011,6,6.296525456948,56.54992623,41.20661703,0,109.39135154397,NA,"No_shrub",1
"Q54",2011,7,22.624133066951,65.78158993,42.82600018,0,109.39135154397,NA,"No_shrub",0
"Q54",2011,8,0.823525938851997,55.25670702,76.50423034,0,109.39135154397,NA,"No_shrub",1
"Q54",2011,9,3.55710763403751,79.89760702,16.16147579,0,109.39135154397,NA,"No_shrub",0
"Q54",2012,1,123.935249537078,2.76018031,37.02917354,0,198.670245041796,2,"No_shrub",0
"Q54",2012,12,1.5761969531515,98.78958564,84.56441753,1,198.670245041796,1,"No_shrub",1
"Q54",2012,13,2.6375477452035,64.1085454,58.6598582,0,198.670245041796,1,"No_shrub",1
"Q54",2012,14,0.25,14.935084,47.250488,0,198.670245041796,1,"No_shrub",0
"Q54",2012,15,0.25,16.985609,47.250488,0,198.670245041796,1,"No_shrub",0
"Q54",2012,16,0.25,5.972305,51.549976,0,198.670245041796,1,"No_shrub",0
"Q54",2012,17,0.25,97.882124,61.868747,1,198.670245041796,1,"No_shrub",0
"Q54",2012,2,9.89291960953801,92.56293088,97.74241866,0,198.670245041796,2,"No_shrub",0
"Q54",2012,3,14.923018150693,81.77686821,94.40459167,0,198.670245041796,2,"No_shrub",0
"Q54",2012,6,14.282035893957,56.0942842,41.37829532,0,198.670245041796,2,"No_shrub",1
"Q54",2012,7,21.9086309433475,64.47552252,43.56211368,0,198.670245041796,2,"No_shrub",1
"Q54",2012,8,6.1863843393965,51.69023679,76.83631871,0,198.670245041796,2,"No_shrub",1
"Q54",2012,9,2.3282618694305,77.61381609,18.22755809,0,198.670245041796,2,"No_shrub",0
"Q54",2013,1,150.292226221314,3.0536969,38.50232203,0,429.96923153221,3,"No_shrub",0
"Q54",2013,12,1.35147879273449,99.08156706,86.47774891,1,429.96923153221,2,"No_shrub",1
"Q54",2013,18,2.1113196457445,33.20341212,80.88998441,0,429.96923153221,1,"No_shrub",0
"Q54",2013,19,0.249999999999996,63.978776,51.626047,0,429.96923153221,1,"No_shrub",1
"Q54",2013,2,0.5,89.6434105,92.6365455,0,429.96923153221,3,"No_shrub",1
"Q54",2013,3,78.0392661878549,87.48038545,97.24674943,0,429.96923153221,3,"No_shrub",0
"Q54",2013,6,0.25,64.463846,37.073935,0,429.96923153221,3,"No_shrub",0
"Q54",2013,7,139.475455864622,62.10412096,43.2368877,0,429.96923153221,3,"No_shrub",0
"Q54",2013,8,18.1760425231395,53.91098508,76.99493283,0,429.96923153221,3,"No_shrub",1
"Q54",2013,9,39.523442296802,79.66493446,20.9653449,0,429.96923153221,3,"No_shrub",0
"Q54",2014,1,196.280442905715,3.8372872,36.2437497,0,323.753807367607,4,"No_shrub",0
"Q54",2014,20,0.25,60.251438,98.948572,1,323.753807367607,1,"No_shrub",0
"Q54",2014,21,0.25,52.51236,95.641274,1,323.753807367607,1,"No_shrub",0
"Q54",2014,22,0.25,50.792565,95.773566,1,323.753807367607,1,"No_shrub",0
"Q54",2014,3,50.667721953979,88.93185481,97.59503173,0,323.753807367607,4,"No_shrub",0
"Q54",2014,7,57.771312371281,64.05405262,44.2507211,0,323.753807367607,4,"No_shrub",1
"Q54",2014,8,2.2838997771945,50.93262956,78.1448357,0,323.753807367607,4,"No_shrub",1
"Q54",2014,9,16.0004303594375,79.26869553,20.07784345,0,323.753807367607,4,"No_shrub",0
"Q54",2015,1,198.341958572084,3.94841005,38.56727093,0,437.095095689355,5,"No_shrub",0
"Q54",2015,12,0.5,95.8292865,87.1338435,0,437.095095689355,4,"No_shrub",1
"Q54",2015,19,0.5,64.4269565,55.197956,0,437.095095689355,3,"No_shrub",1
"Q54",2015,23,0.25,41.365443,43.705962,0,437.095095689355,1,"No_shrub",1
"Q54",2015,24,0.25,53.18578,62.129635,0,437.095095689355,1,"No_shrub",1
"Q54",2015,25,0.25,52.456129,57.842939,0,437.095095689355,1,"No_shrub",1
"Q54",2015,26,0.25,63.03606,61.491191,0,437.095095689355,1,"No_shrub",1
"Q54",2015,27,0.25,78.95156,46.487754,0,437.095095689355,1,"No_shrub",1
"Q54",2015,28,0.25,35.38231,3.602551,1,437.095095689355,1,"No_shrub",0
"Q54",2015,3,102.763685603969,86.84605627,96.74246001,0,437.095095689355,5,"No_shrub",0
"Q54",2015,7,111.248663541583,60.39654225,43.38219654,0,437.095095689355,5,"No_shrub",1
"Q54",2015,9,22.240787971718,76.44149619,20.70026997,0,437.095095689355,5,"No_shrub",0
"Q54",2016,1,160.433269326439,4.72523749,39.68744617,0,250.063768451028,6,"No_shrub",0
"Q54",2016,21,0.25,53.86314,96.027008,1,250.063768451028,3,"No_shrub",0
"Q54",2016,22,0.5,47.883545,92.8784605,0,250.063768451028,3,"No_shrub",0
"Q54",2016,24,0.25,52.720138,66.94395,0,250.063768451028,2,"No_shrub",1
"Q54",2016,29,0.436697124962,47.59827854,54.12849059,0,250.063768451028,1,"No_shrub",1
"Q54",2016,3,2.53293166825051,86.73979757,96.84746416,1,250.063768451028,6,"No_shrub",0
"Q54",2016,30,1.0477941743965,54.25408039,85.51658774,0,250.063768451028,1,"No_shrub",0
"Q54",2016,31,0.25,51.005634,90.047413,0,250.063768451028,1,"No_shrub",0
"Q54",2016,32,0.25,60.160236,81.580729,0,250.063768451028,1,"No_shrub",1
"Q54",2016,33,0.25,62.541491,84.067818,0,250.063768451028,1,"No_shrub",1
"Q54",2016,34,0.25,67.552709,95.193569,0,250.063768451028,1,"No_shrub",0
"Q54",2016,7,76.0838229138485,60.55018777,43.17258396,0,250.063768451028,6,"No_shrub",1
"Q54",2016,8,1.146234098597,51.63003197,78.28137876,0,250.063768451028,6,"No_shrub",1
"Q54",2016,9,6.38301914453499,80.19956131,20.47861355,0,250.063768451028,6,"No_shrub",0
"Q56",2011,1,323.909407790952,93.45743789,22.17309046,0,340.036860019185,NA,"No_shrub",0
"Q56",2011,10,0.25,5.126674,30.366817,0,340.036860019185,NA,"No_shrub",1
"Q56",2011,11,0.25,18.885036,29.264384,0,340.036860019185,NA,"No_shrub",0
"Q56",2011,12,0.25,2.74542,27.809173,1,340.036860019185,NA,"No_shrub",1
"Q56",2011,13,0.25,18.355868,27.280005,0,340.036860019185,NA,"No_shrub",1
"Q56",2011,14,0.25,5.69994,23.972707,0,340.036860019185,NA,"No_shrub",1
"Q56",2011,15,0.25,2.26035,21.194576,1,340.036860019185,NA,"No_shrub",1
"Q56",2011,16,0.25,5.523551,19.915754,0,340.036860019185,NA,"No_shrub",1
"Q56",2011,17,0.25,4.817993,13.565742,0,340.036860019185,NA,"No_shrub",1
"Q56",2011,18,0.25,57.99935,11.360876,0,340.036860019185,NA,"No_shrub",0
"Q56",2011,19,0.25,58.440323,8.582745,0,340.036860019185,NA,"No_shrub",0
"Q56",2011,2,7.378682219051,13.19627889,32.05189642,0,340.036860019185,NA,"No_shrub",1
"Q56",2011,20,0.25,56.808723,5.936907,0,340.036860019185,NA,"No_shrub",0
"Q56",2011,3,4.49877000918249,11.93830295,39.06081369,0,340.036860019185,NA,"No_shrub",1
"Q56",2011,4,0.25,9.712795,62.734242,0,340.036860019185,NA,"No_shrub",1
"Q56",2011,5,0.25,6.758275,38.789403,0,340.036860019185,NA,"No_shrub",1
"Q56",2011,6,0.25,5.126674,37.86336,0,340.036860019185,NA,"No_shrub",1
"Q56",2011,7,0.25,4.244729,36.099467,1,340.036860019185,NA,"No_shrub",1
"Q56",2011,8,0.25,2.877712,32.527585,1,340.036860019185,NA,"No_shrub",1
"Q56",2011,9,0.25,18.97323,31.29286,0,340.036860019185,NA,"No_shrub",0
"Q56",2012,1,281.8183434963,92.61816574,23.47144711,0,301.951123694904,2,"No_shrub",0
"Q56",2012,18,2.098497030507,57.93177841,11.24383824,0,301.951123694904,2,"No_shrub",0
"Q56",2012,19,0.5,56.051001,9.076726,0,301.951123694904,2,"No_shrub",0
"Q56",2012,2,4.744660378631,11.42159971,28.65089603,0,301.951123694904,2,"No_shrub",1
"Q56",2012,20,0.25,58.08499,6.067084,0,301.951123694904,2,"No_shrub",0
"Q56",2012,21,0.25,0.273416,49.458838,1,301.951123694904,1,"No_shrub",1
"Q56",2012,3,8.050515112279,11.16236545,37.81070958,0,301.951123694904,2,"No_shrub",1
"Q56",2012,7,4.239107677187,4.84774432,33.29434458,0,301.951123694904,2,"No_shrub",1
"Q56",2013,1,312.598125626505,91.8594665,22.1617026,0,354.579018710038,3,"No_shrub",0
"Q56",2013,18,0.5,57.266944,7.4099525,0,354.579018710038,3,"No_shrub",0
"Q56",2013,2,4.28587330478,12.82772974,25.92376499,0,354.579018710038,3,"No_shrub",1
"Q56",2013,3,22.178161809182,11.59424692,36.64918321,0,354.579018710038,3,"No_shrub",1
"Q56",2013,7,15.016857969571,7.12976849,29.94052234,0,354.579018710038,3,"No_shrub",1
"Q56",2014,1,283.250811300725,90.30770643,23.41536535,0,364.338740410273,4,"No_shrub",0
"Q56",2014,18,9.658537642539,58.84955249,6.50226568,0,364.338740410273,4,"No_shrub",0
"Q56",2014,3,23.747844240568,14.48573278,36.59948408,0,364.338740410273,4,"No_shrub",1
"Q56",2014,7,47.681547226441,7.62569025,33.24689745,0,364.338740410273,4,"No_shrub",1
"Q56",2015,1,238.155926697452,91.2896781,23.37055249,0,365.259549818479,5,"No_shrub",0
"Q56",2015,18,5.03761600508901,55.10884163,8.20251627,0,365.259549818479,5,"No_shrub",0
"Q56",2015,22,6.3109163321085,50.07347951,12.94907046,0,365.259549818479,1,"No_shrub",0
"Q56",2015,7,115.75509078383,9.30915061,33.78958234,0,365.259549818479,5,"No_shrub",1
"Q56",2016,1,209.29928261074,90.63597837,17.22138011,0,308.924608331173,6,"No_shrub",0
"Q56",2016,18,8.8736935611275,57.19213594,3.7084951,0,308.924608331173,6,"No_shrub",0
"Q56",2016,22,0.25,51.477019,10.374997,0,308.924608331173,2,"No_shrub",0
"Q56",2016,23,3.2836547232345,71.07030999,21.36455974,0,308.924608331173,1,"No_shrub",0
"Q56",2016,24,0.385900453751501,34.57645518,54.58361262,0,308.924608331173,1,"No_shrub",0
"Q56",2016,25,0.303207701121002,71.90970016,91.10154293,0,308.924608331173,1,"No_shrub",0
"Q56",2016,26,0.236675551522497,32.73985417,68.43400227,0,308.924608331173,1,"No_shrub",0
"Q56",2016,27,0.25,42.579065,12.671585,0,308.924608331173,1,"No_shrub",0
"Q56",2016,28,0.25,92.798404,84.262686,0,308.924608331173,1,"No_shrub",0
"Q56",2016,29,0.25,81.408069,88.104444,0,308.924608331173,1,"No_shrub",0
"Q56",2016,30,0.25,80.336504,90.763512,0,308.924608331173,1,"No_shrub",0
"Q56",2016,31,0.25,83.154322,94.613207,0,308.924608331173,1,"No_shrub",0
"Q56",2016,32,0.25,79.423689,95.168833,0,308.924608331173,1,"No_shrub",0
"Q56",2016,33,0.25,56.537186,69.422178,0,308.924608331173,1,"No_shrub",0
"Q56",2016,34,0.25,52.758928,76.010315,0,308.924608331173,1,"No_shrub",0
"Q56",2016,35,0.25,52.441427,76.446879,0,308.924608331173,1,"No_shrub",0
"Q56",2016,36,0.25,53.830493,77.955007,0,308.924608331173,1,"No_shrub",0
"Q56",2016,37,0.25,19.349924,49.459325,0,308.924608331173,1,"No_shrub",1
"Q56",2016,38,0.25,34.960372,55.862255,0,308.924608331173,1,"No_shrub",0
"Q56",2016,39,0.25,42.831742,70.303242,0,308.924608331173,1,"No_shrub",0
"Q56",2016,40,0.25,41.032571,73.107831,0,308.924608331173,1,"No_shrub",0
"Q56",2016,41,0.25,38.651316,74.113249,0,308.924608331173,1,"No_shrub",0
"Q56",2016,42,0.25,38.386733,75.91242,0,308.924608331173,1,"No_shrub",0
"Q56",2016,43,0.25,45.001329,84.103936,0,308.924608331173,1,"No_shrub",0
"Q56",2016,44,0.25,22.622826,79.796511,0,308.924608331173,1,"No_shrub",0
"Q56",2016,45,0.25,10.822386,80.008178,0,308.924608331173,1,"No_shrub",0
"Q56",2016,46,0.25,17.331149,66.461484,0,308.924608331173,1,"No_shrub",1
"Q56",2016,47,0.25,12.145305,66.1969,0,308.924608331173,1,"No_shrub",0
"Q56",2016,48,0.25,9.097299,62.016475,0,308.924608331173,1,"No_shrub",1
"Q56",2016,49,0.25,3.318787,68.440571,1,308.924608331173,1,"No_shrub",0
"Q56",2016,50,0.25,7.128795,77.097755,0,308.924608331173,1,"No_shrub",0
"Q56",2016,7,80.292193729676,11.3296104,31.79972119,0,308.924608331173,6,"No_shrub",1
"Q59",2011,1,15.3562896495765,57.8269488,57.27912982,0,70.792270993702,NA,"No_shrub",0
"Q59",2011,2,6.06609481956551,50.45856671,58.59971887,0,70.792270993702,NA,"No_shrub",0
"Q59",2011,3,9.560492639083,51.91958789,71.60743011,0,70.792270993702,NA,"No_shrub",0
"Q59",2011,4,4.08262981718249,71.41369646,17.66397856,0,70.792270993702,NA,"No_shrub",0
"Q59",2011,5,2.1527641409985,64.27054905,28.85038625,0,70.792270993702,NA,"No_shrub",0
"Q59",2011,6,33.323999927296,97.4744458,96.93355102,0,70.792270993702,NA,"No_shrub",0
"Q59",2011,7,0.25,6.320147,18.536004,0,70.792270993702,NA,"No_shrub",1
"Q59",2012,1,53.818787204177,53.11703852,57.08944289,0,129.791677979339,2,"No_shrub",0
"Q59",2012,10,0.25,46.774456,64.196236,0,129.791677979339,1,"No_shrub",0
"Q59",2012,11,0.25,65.383522,73.324379,0,129.791677979339,1,"No_shrub",0
"Q59",2012,2,0.25,47.347722,53.524687,0,129.791677979339,2,"No_shrub",0
"Q59",2012,3,15.135003383035,51.79465021,73.54565777,0,129.791677979339,2,"No_shrub",0
"Q59",2012,4,10.353163573204,71.09893352,17.06286756,0,129.791677979339,2,"No_shrub",0
"Q59",2012,5,8.92125458162301,63.18222552,25.53173326,0,129.791677979339,2,"No_shrub",0
"Q59",2012,6,40.3134692372995,97.05242801,96.81340303,0,129.791677979339,2,"No_shrub",0
"Q59",2012,8,0.25,42.761602,12.64648,0,129.791677979339,1,"No_shrub",0
"Q59",2012,9,0.25,46.774456,52.951422,0,129.791677979339,1,"No_shrub",0
"Q59",2013,1,119.768110607019,52.30745189,57.43877255,0,198.826323646929,3,"No_shrub",0
"Q59",2013,3,27.3550076303605,53.54621072,74.43699597,0,198.826323646929,3,"No_shrub",0
"Q59",2013,4,21.4260479671345,70.83823694,15.7120408,0,198.826323646929,3,"No_shrub",0
"Q59",2013,5,0.5,60.795783,21.6239225,0,198.826323646929,3,"No_shrub",0
"Q59",2013,6,29.7771574424155,98.13218542,96.36479907,1,198.826323646929,3,"No_shrub",0
"Q59",2014,1,91.0866869727085,52.28972337,58.51443318,0,285.021857028486,4,"No_shrub",0
"Q59",2014,12,0.25,68.015974,95.376396,1,285.021857028486,1,"No_shrub",0
"Q59",2014,13,0.25,50.235938,87.59763,0,285.021857028486,1,"No_shrub",0
"Q59",2014,14,0.25,37.932789,85.057625,0,285.021857028486,1,"No_shrub",0
"Q59",2014,15,0.25,23.32776,80.533241,0,285.021857028486,1,"No_shrub",0
"Q59",2014,16,0.25,27.375892,72.436975,0,285.021857028486,1,"No_shrub",0
"Q59",2014,17,0.25,38.329664,72.3576,0,285.021857028486,1,"No_shrub",0
"Q59",2014,18,0.25,55.633449,46.084422,0,285.021857028486,1,"No_shrub",0
"Q59",2014,19,0.25,42.139672,40.686912,0,285.021857028486,1,"No_shrub",0
"Q59",2014,20,0.25,48.648435,38.781908,0,285.021857028486,1,"No_shrub",0
"Q59",2014,21,0.25,45.076553,24.415004,0,285.021857028486,1,"No_shrub",0
"Q59",2014,22,0.25,61.824711,4.65059,1,285.021857028486,1,"No_shrub",0
"Q59",2014,23,0.25,90.479143,45.687547,0,285.021857028486,1,"No_shrub",0
"Q59",2014,24,0.25,98.257909,60.768827,1,285.021857028486,1,"No_shrub",0
"Q59",2014,25,0.25,87.780388,80.136366,0,285.021857028486,1,"No_shrub",0
"Q59",2014,3,70.455189697083,52.24998372,74.07406057,0,285.021857028486,4,"No_shrub",0
"Q59",2014,4,21.9116170348165,71.16764278,18.45481472,0,285.021857028486,4,"No_shrub",0
"Q59",2014,6,97.818363323878,95.2061039,95.30347065,0,285.021857028486,4,"No_shrub",0
"Q59",2014,8,0.25,42.060297,13.540608,0,285.021857028486,3,"No_shrub",0
"Q59",2015,1,68.5493439640145,54.03929087,56.54309381,0,215.771742604449,5,"No_shrub",0
"Q59",2015,3,22.9239109019705,52.7030841,72.40905141,0,215.771742604449,5,"No_shrub",0
"Q59",2015,4,41.2645870393435,71.67394797,14.74966192,0,215.771742604449,5,"No_shrub",0
"Q59",2015,6,83.03390069912,95.35316125,95.64278277,0,215.771742604449,5,"No_shrub",0
"Q59",2016,1,82.9544350853525,52.34999322,62.32482658,0,166.761733293138,6,"No_shrub",0
"Q59",2016,13,2.727377938721,52.74291508,85.83057056,0,166.761733293138,3,"No_shrub",0
"Q59",2016,26,2.0315357268165,62.69006019,80.68994614,0,166.761733293138,1,"No_shrub",0
"Q59",2016,27,0.718640753061002,78.67177973,54.37689147,0,166.761733293138,1,"No_shrub",0
"Q59",2016,28,0.25,54.614844,96.278529,1,166.761733293138,1,"No_shrub",0
"Q59",2016,29,0.25,39.344387,95.236069,0,166.761733293138,1,"No_shrub",0
"Q59",2016,3,34.744777148316,52.2850971,76.18696409,0,166.761733293138,6,"No_shrub",0
"Q59",2016,4,28.9515218181055,71.95478296,19.52698388,0,166.761733293138,6,"No_shrub",0
"Q59",2016,6,14.1334448227655,95.80883006,97.65363223,0,166.761733293138,6,"No_shrub",0
"Q61",2011,1,12.5162421198985,86.13573063,80.79431772,0,104.279796633916,NA,"No_shrub",1
"Q61",2011,10,0.661154964046,46.75662876,15.05096433,0,104.279796633916,NA,"No_shrub",1
"Q61",2011,11,14.407077676687,13.8632945,2.29720572,0,104.279796633916,NA,"No_shrub",0
"Q61",2011,12,1.666498809053,7.0550307,8.84677192,0,104.279796633916,NA,"No_shrub",0
"Q61",2011,13,0.279610687737001,0.21485623,19.83139849,1,104.279796633916,NA,"No_shrub",0
"Q61",2011,14,12.7758880282955,1.78781328,84.70643418,1,104.279796633916,NA,"No_shrub",1
"Q61",2011,15,3.303829304681,92.08515914,30.73867492,0,104.279796633916,NA,"No_shrub",1
"Q61",2011,16,0.500728512600997,31.04740741,70.1581329,0,104.279796633916,NA,"No_shrub",1
"Q61",2011,17,0.407388370643002,72.17352715,40.72823975,0,104.279796633916,NA,"No_shrub",1
"Q61",2011,18,0.329605418781003,75.30579306,43.32190956,0,104.279796633916,NA,"No_shrub",1
"Q61",2011,19,0.25,1.103678,61.156346,1,104.279796633916,NA,"No_shrub",0
"Q61",2011,2,4.02866956403299,82.1619659,76.33420083,0,104.279796633916,NA,"No_shrub",1
"Q61",2011,20,0.25,3.176251,90.08418,1,104.279796633916,NA,"No_shrub",1
"Q61",2011,21,0.25,5.248825,1.272198,1,104.279796633916,NA,"No_shrub",0
"Q61",2011,22,0.25,6.174869,89.246333,0,104.279796633916,NA,"No_shrub",1
"Q61",2011,23,0.25,6.395355,75.002901,0,104.279796633916,NA,"No_shrub",1
"Q61",2011,24,0.25,7.321399,3.785745,1,104.279796633916,NA,"No_shrub",0
"Q61",2011,25,0.25,12.172103,85.762644,0,104.279796633916,NA,"No_shrub",1
"Q61",2011,26,0.25,16.97871,28.12746,0,104.279796633916,NA,"No_shrub",0
"Q61",2011,27,0.25,20.153716,3.300674,1,104.279796633916,NA,"No_shrub",0
"Q61",2011,28,0.25,21.785317,97.9776,1,104.279796633916,NA,"No_shrub",1
"Q61",2011,29,0.25,22.005803,94.141133,0,104.279796633916,NA,"No_shrub",1
"Q61",2011,3,10.140947513448,88.87591577,61.53958893,0,104.279796633916,NA,"No_shrub",1
"Q61",2011,30,0.25,22.534971,50.925769,0,104.279796633916,NA,"No_shrub",0
"Q61",2011,31,0.25,23.020041,21.73335,0,104.279796633916,NA,"No_shrub",1
"Q61",2011,32,0.25,23.416917,97.889405,1,104.279796633916,NA,"No_shrub",1
"Q61",2011,33,0.25,37.483959,97.31614,1,104.279796633916,NA,"No_shrub",1
"Q61",2011,34,0.25,38.983268,98.462669,1,104.279796633916,NA,"No_shrub",1
"Q61",2011,35,0.25,42.599247,94.538009,0,104.279796633916,NA,"No_shrub",1
"Q61",2011,36,0.25,43.392998,24.820162,0,104.279796633916,NA,"No_shrub",0
"Q61",2011,37,0.25,44.936405,97.31614,1,104.279796633916,NA,"No_shrub",1
"Q61",2011,38,0.25,47.714535,99.43281,1,104.279796633916,NA,"No_shrub",1
"Q61",2011,39,0.25,52.432947,25.790302,0,104.279796633916,NA,"No_shrub",1
"Q61",2011,4,13.359701964302,83.28532632,18.32820012,0,104.279796633916,NA,"No_shrub",1
"Q61",2011,40,0.25,65.071236,78.927561,0,104.279796633916,NA,"No_shrub",1
"Q61",2011,41,0.25,66.103113,33.992402,0,104.279796633916,NA,"No_shrub",1
"Q61",2011,42,0.25,76.510079,1.757268,1,104.279796633916,NA,"No_shrub",1
"Q61",2011,43,0.25,87.402114,27.686487,0,104.279796633916,NA,"No_shrub",1
"Q61",2011,44,0.25,95.295533,2.815603,1,104.279796633916,NA,"No_shrub",0
"Q61",2011,45,0.25,95.630673,77.119571,1,104.279796633916,NA,"No_shrub",0
"Q61",2011,46,0.25,95.807061,75.752554,1,104.279796633916,NA,"No_shrub",0
"Q61",2011,47,0.25,96.424424,65.566077,1,104.279796633916,NA,"No_shrub",0
"Q61",2011,48,0.25,98.761581,64.551838,1,104.279796633916,NA,"No_shrub",0
"Q61",2011,5,2.50266466789051,98.57958939,23.38216159,1,104.279796633916,NA,"No_shrub",1
"Q61",2011,6,6.22555056376151,92.65957119,6.95040827,0,104.279796633916,NA,"No_shrub",0
"Q61",2011,7,3.634406522121,63.2725609,31.92979694,0,104.279796633916,NA,"No_shrub",1
"Q61",2011,8,3.59648951824799,55.98341839,5.80386056,0,104.279796633916,NA,"No_shrub",1
"Q61",2011,9,6.44334242768851,53.20301001,9.62302065,0,104.279796633916,NA,"No_shrub",1
"Q61",2012,1,29.3076291236535,85.35334394,79.92574623,0,179.448802311248,2,"No_shrub",1
"Q61",2012,10,0.25,48.754905,15.095056,0,179.448802311248,2,"No_shrub",1
"Q61",2012,11,24.198861297297,14.93719634,3.96479696,0,179.448802311248,2,"No_shrub",0
"Q61",2012,12,9.597562711943,9.04437815,9.72671839,0,179.448802311248,2,"No_shrub",0
"Q61",2012,13,5.9402535365125,2.55189405,21.09051429,1,179.448802311248,2,"No_shrub",0
"Q61",2012,14,12.15722789921,2.46090446,82.6938441,0,179.448802311248,2,"No_shrub",1
"Q61",2012,15,8.278169116893,93.81371234,31.44900389,0,179.448802311248,2,"No_shrub",0
"Q61",2012,16,6.7773209238955,30.60085234,68.25349142,0,179.448802311248,2,"No_shrub",1
"Q61",2012,17,5.11398769810501,73.55951688,40.18837222,0,179.448802311248,2,"No_shrub",1
"Q61",2012,19,0.25,0.997518,60.11841,1,179.448802311248,2,"No_shrub",0
"Q61",2012,2,13.377809268809,81.72575314,75.41669081,0,179.448802311248,2,"No_shrub",1
"Q61",2012,23,0.75,5.113267,73.42109867,0,179.448802311248,2,"No_shrub",1
"Q61",2012,25,0.5,11.889554,84.371931,0,179.448802311248,2,"No_shrub",1
"Q61",2012,29,0.5,20.9956485,93.2795875,0,179.448802311248,2,"No_shrub",1
"Q61",2012,3,15.2026699008125,89.47792169,59.57676406,0,179.448802311248,2,"No_shrub",1
"Q61",2012,31,0.25,24.898261,22.194723,0,179.448802311248,2,"No_shrub",0
"Q61",2012,33,0.25,37.818772,93.411879,0,179.448802311248,2,"No_shrub",1
"Q61",2012,34,20.3148446614835,37.56452292,98.88511533,1,179.448802311248,2,"No_shrub",1
"Q61",2012,35,0.5,41.7654815,94.8009445,0,179.448802311248,2,"No_shrub",1
"Q61",2012,38,0.25,45.976775,99.056335,1,179.448802311248,2,"No_shrub",1
"Q61",2012,39,0.25,54.222972,24.70827,0,179.448802311248,2,"No_shrub",1
"Q61",2012,4,7.12309223268599,83.27480774,18.0093379,0,179.448802311248,2,"No_shrub",1
"Q61",2012,43,0.25,85.311575,27.442303,0,179.448802311248,2,"No_shrub",1
"Q61",2012,45,1.406480590797,94.72681805,76.34135466,0,179.448802311248,2,"No_shrub",0
"Q61",2012,46,0.25,96.644584,72.597949,1,179.448802311248,2,"No_shrub",0
"Q61",2012,49,0.25,71.509117,27.883276,0,179.448802311248,1,"No_shrub",0
"Q61",2012,5,4.786207959937,97.75246215,23.31721949,1,179.448802311248,2,"No_shrub",1
"Q61",2012,50,0.25,91.132421,69.863916,0,179.448802311248,1,"No_shrub",0
"Q61",2012,6,4.273955441909,99.1080667,3.31738491,0,179.448802311248,2,"No_shrub",0
"Q61",2012,7,6.710841947304,63.50548548,30.12949063,0,179.448802311248,2,"No_shrub",1
"Q61",2012,8,0.131888,53.252831,0.131888,1,179.448802311248,2,"No_shrub",1
"Q61",2013,1,50.1338101716275,85.27511239,80.03258762,0,247.05867936809,3,"No_shrub",1
"Q61",2013,11,53.0791959058055,14.69311588,4.15851537,0,247.05867936809,3,"No_shrub",0
"Q61",2013,12,4.5582508043205,8.79598979,10.62385462,0,247.05867936809,3,"No_shrub",0
"Q61",2013,13,16.1746357470525,2.14266765,20.72095421,1,247.05867936809,3,"No_shrub",0
"Q61",2013,14,14.843009590888,2.11195296,81.74133332,0,247.05867936809,3,"No_shrub",1
"Q61",2013,15,13.3820868507885,92.2434985,31.3984719,0,247.05867936809,3,"No_shrub",1
"Q61",2013,16,6.17429665033949,30.17979096,67.34562886,0,247.05867936809,3,"No_shrub",1
"Q61",2013,17,6.53743225389901,73.65102728,42.37613672,0,247.05867936809,3,"No_shrub",1
"Q61",2013,19,4.4741137652695,1.08412285,60.80529829,1,247.05867936809,3,"No_shrub",0
"Q61",2013,2,8.36108362208,82.01405796,73.89903526,0,247.05867936809,3,"No_shrub",1
"Q61",2013,23,0.5,5.0248325,72.705829,0,247.05867936809,3,"No_shrub",1
"Q61",2013,3,18.5169231753885,89.37877557,61.16158447,0,247.05867936809,3,"No_shrub",1
"Q61",2013,34,14.6657361617705,36.36942237,98.07984892,0,247.05867936809,3,"No_shrub",1
"Q61",2013,35,0.25,40.770113,92.814203,0,247.05867936809,3,"No_shrub",1
"Q61",2013,4,14.7849784469395,82.74215307,18.26700994,0,247.05867936809,3,"No_shrub",1
"Q61",2013,43,0.25,84.849783,26.985738,0,247.05867936809,3,"No_shrub",1
"Q61",2013,5,11.7233550474425,96.09064678,23.56970874,0,247.05867936809,3,"No_shrub",1
"Q61",2013,7,7.0004628497515,63.78578642,30.68771097,0,247.05867936809,3,"No_shrub",1
"Q61",2013,8,1.6493083247275,53.1288741,0.92157774,1,247.05867936809,3,"No_shrub",1
"Q61",2014,1,54.850803065911,85.67271848,78.67178681,0,210.974659954235,4,"No_shrub",1
"Q61",2014,11,20.3943637280785,11.98758561,5.83231544,0,210.974659954235,4,"No_shrub",0
"Q61",2014,13,0.5,4.2415255,23.032823,0,210.974659954235,4,"No_shrub",0
"Q61",2014,14,12.8594209715705,1.83126432,81.37886,0,210.974659954235,4,"No_shrub",1
"Q61",2014,15,9.0837957205845,94.17128839,32.06733955,0,210.974659954235,4,"No_shrub",0
"Q61",2014,16,11.433680718017,30.56871892,70.3276396,0,210.974659954235,4,"No_shrub",1
"Q61",2014,17,8.2014772170435,72.13840873,40.73136524,0,210.974659954235,4,"No_shrub",1
"Q61",2014,23,0.5,5.0352775,73.118548,0,210.974659954235,4,"No_shrub",1
"Q61",2014,3,27.057733091002,90.46169229,60.25117244,0,210.974659954235,4,"No_shrub",1
"Q61",2014,34,2.2780338719195,34.26754956,99.09784588,1,210.974659954235,4,"No_shrub",1
"Q61",2014,4,28.0576781295585,83.91070997,17.379204,0,210.974659954235,4,"No_shrub",1
"Q61",2014,43,0.25,83.815122,28.787522,0,210.974659954235,4,"No_shrub",1
"Q61",2014,5,22.926477878183,97.26056454,23.84713611,1,210.974659954235,4,"No_shrub",1
"Q61",2014,51,0.25,76.988859,52.203194,0,210.974659954235,1,"No_shrub",1
"Q61",2014,52,0.25,25.712506,2.75247,1,210.974659954235,1,"No_shrub",1
"Q61",2014,7,7.0835929002015,63.6110503,31.11057298,0,210.974659954235,4,"No_shrub",1
"Q61",2014,8,4.997602662166,55.08799538,0.78829904,1,210.974659954235,4,"No_shrub",1
"Q61",2015,1,107.221439913633,86.82102164,79.36945201,0,315.813748995831,5,"No_shrub",1
"Q61",2015,11,22.6330740684625,14.21275175,6.6978293,0,315.813748995831,5,"No_shrub",0
"Q61",2015,13,8.46806528789,2.47930077,20.10360127,1,315.813748995831,5,"No_shrub",0
"Q61",2015,14,9.685935600259,1.31609979,80.44309345,0,315.813748995831,5,"No_shrub",1
"Q61",2015,15,15.2150211709955,94.54617939,34.16963715,0,315.813748995831,5,"No_shrub",0
"Q61",2015,16,28.9558614786005,32.44613187,67.48429657,0,315.813748995831,5,"No_shrub",1
"Q61",2015,17,11.6832830803885,72.78967846,42.00608311,0,315.813748995831,5,"No_shrub",1
"Q61",2015,23,4.28662789618851,5.53139191,71.01949583,0,315.813748995831,5,"No_shrub",1
"Q61",2015,3,49.779248051972,91.74669334,58.7222294,0,315.813748995831,5,"No_shrub",1
"Q61",2015,34,12.3340985922695,36.29656119,96.17789519,0,315.813748995831,5,"No_shrub",1
"Q61",2015,4,20.0569396162675,81.16418174,17.22647595,0,315.813748995831,5,"No_shrub",1
"Q61",2015,5,15.782804195479,96.81472989,25.06522668,0,315.813748995831,5,"No_shrub",1
"Q61",2015,51,0.25,77.896478,50.898819,0,315.813748995831,2,"No_shrub",1
"Q61",2015,53,0.25,83.815387,41.113285,0,315.813748995831,1,"No_shrub",0
"Q61",2015,54,0.25,82.447197,54.854672,0,315.813748995831,1,"No_shrub",1
"Q61",2015,55,0.25,85.715188,50.002555,0,315.813748995831,1,"No_shrub",0
"Q61",2015,7,0.25,63.038925,30.907381,0,315.813748995831,5,"No_shrub",1
"Q61",2015,8,8.461350043426,55.52851251,1.16187075,1,315.813748995831,5,"No_shrub",1
"Q61",2016,1,32.0985224224285,88.74124104,76.41291858,0,262.731899316827,6,"No_shrub",1
"Q61",2016,11,47.789437569507,14.93434299,9.44533895,0,262.731899316827,6,"No_shrub",0
"Q61",2016,13,9.37308836860949,2.4840693,21.3815249,0,262.731899316827,6,"No_shrub",0
"Q61",2016,14,1.29653360901701,5.84541573,83.13454182,0,262.731899316827,6,"No_shrub",1
"Q61",2016,15,1.85468481258551,86.34449823,29.42752295,0,262.731899316827,6,"No_shrub",1
"Q61",2016,16,31.70741526072,32.65367404,67.30374027,0,262.731899316827,6,"No_shrub",1
"Q61",2016,17,12.697087180084,76.47419276,43.73145386,0,262.731899316827,6,"No_shrub",1
"Q61",2016,23,3.957010023,6.40193057,72.32126437,0,262.731899316827,6,"No_shrub",1
"Q61",2016,3,31.8670444478035,93.17917976,57.7436244,0,262.731899316827,6,"No_shrub",0
"Q61",2016,34,8.35769776868397,38.80518615,96.00952685,0,262.731899316827,6,"No_shrub",1
"Q61",2016,4,23.510049501106,85.88342665,18.43502608,0,262.731899316827,6,"No_shrub",1
"Q61",2016,5,33.523610779032,97.28249926,32.13207508,0,262.731899316827,6,"No_shrub",0
"Q61",2016,55,2.346522288916,83.40968488,46.00227914,0,262.731899316827,2,"No_shrub",0
"Q61",2016,56,1.3491646055455,1.27532599,63.83021774,1,262.731899316827,1,"No_shrub",1
"Q61",2016,57,0.614684588869996,65.22952401,88.76789303,0,262.731899316827,1,"No_shrub",1
"Q61",2016,58,0.25,50.180025,30.044051,0,262.731899316827,1,"No_shrub",1
"Q61",2016,8,20.139346090918,58.00322476,3.11412716,0,262.731899316827,6,"No_shrub",1
