Definitions:,
Author,Authors of a published study
Title,Title of a published study
Journal,Journal of a published study
Year,Year of publication
Species,Species latin name
Org type,"Type of organism, narrower classification "
Org type agg,"Type of organism, more aggregated classification "
Model type,"Type of model as reported by the study: matrix = deterministic matrix model, Smatrix = stochastic matrix model, IPM = integral projection model, SIPM = stochastic integral projection model"
State variable,"State variables used to structure the model, narrower classification"
State variable agg,"State variables used to structure the model, more aggregated classification"
Vital rate estimation,"Approach to estimating vital rates: discrete = each vital rate estimated independently, continuous = vital rates estimated as continuous functions of a state variable, mixed = some vital rates estimated discretely and others continuously"
Number classes,"The number of classes, categories, bins, or meshpoints, resulting in a final matrix of that dimension. This is blank if not reported."
Total N,"Total sample size, see methods below. "
Minimum N,"Minimum sample size per matrix, see methods below. "
Mean N,"Mean sample size per matrix, see methods below. "
Maximum N,"Maximum sample size per matrix, see methods below. "
Midpoint,"Approach to discretizing vital rate functions, see methods below."
IPMpack,Did the authors use the IPMpack R package to construct IPMs? See methods below.
Recruit size,"Approach to modeling the starting state of new recruits, see method below."
,
,
,
Additional methods:,
Sample sizes,"For size-based, discretely-estimated, deterministic matrix models, we characterized the sample sizes used to construct matrices. We took the number of individuals used to estimate growth or survival rates for a given species as the sample size; if different individuals were used to estimate growth vs. survival, we took the smaller value as the sample size. If multiple matrices were constructed for a given species (i.e., for different sites, years, treatments, etc.), we recorded the minimum sample size for a given matrix, the mean sample size across matrices, and the maximum sample size across matrices. We also recorded the total sample size for a species (i.e., the sum across all matrices). If only a single matrix was constructed, these values are the same. Values are left blank if they could not be determined from the sample size information reported. "
Midpoint,"For IPMs that reported the number of classes, we also recorded the method used to discretize continuous vital rate functions to construct the final matrix: midpoint = the midpoint of a bin was used as a point estimate to evaluate each vital rate function (i.e., the midpoint rule), citation = the study referenced another paper when describing their methods in such a way that it was implied that they had used the midpoint method, other = another integration technique was used, not described = the discretization methods were not reported. "
IPMpack,"For IPMs that cited Metcalf et al. (2013, Methods in Ecology and Evolution) describing the IPMpack R package, we recorded whether the package was used to construct IPMs: IPMpack = package was used, Not used = package was cited in another context."
Recruit size,"For IPMs, we characterized how the state variable of new recruits was modeled: distribution = recruits were assigned a distribution of the starting state variable, Smallest size = all recruits were assigned to the smallest class, Not described = we were unable to determine from the reported methods"
