YEAR,site,t0,t1,repro,survival
7-Jun,6,0.124236534,0.24397726,0.020699131,1
8-Jul,2,0.165108855,NA,0,0
8-Jul,2,0.189924441,NA,0,0
8-Jul,2,0.193917484,NA,0,0
7-Jun,8,0.224404338,NA,0,0
8-Jul,6,0.24397726,NA,0,0
8-Jul,2,0.260517482,0.295640784,0.04340499,1
8-Jul,2,0.282794026,0.300150581,0.0471165,1
7-Jun,2,0.292007318,0.282794026,0.048651533,1
9-Aug,2,0.295640784,0.72678574,0.049256907,1
9-Aug,2,0.300150581,0.278303955,0.050008287,1
6-May,8,0.308026182,0.374682575,0.051320446,1
8-Jul,5,0.312844026,NA,0,0
5-Apr,2,0.319643123,0.969861784,0.053255952,1
7-Jun,6,0.320799569,NA,0,0
8-Jul,5,0.326817845,NA,0,0
8-Jul,6,0.333672174,NA,0,0
6-May,5,0.335130956,0.4823183,0.05583639,1
6-May,5,0.338334475,0.371003118,0.056370131,1
6-May,6,0.340097223,0.320799569,0.056663823,1
6-May,8,0.347159563,0.447805591,0.057840485,1
9-Aug,5,0.354419249,0.148264923,0.059050026,1
6-May,5,0.355785394,0.372374277,0.05927764,1
8-Jul,6,0.356729075,NA,0,0
7-Jun,7,0.363184458,0.556478166,0.060510403,1
6-May,7,0.368072441,0.363184458,0.061324793,1
7-Jun,5,0.371003118,0.444597725,0.061813075,1
7-Jun,5,0.372374277,0.431781231,0.062041525,1
7-Jun,8,0.374682575,0.50947842,0.062426112,1
6-May,7,0.391388595,0.520446264,0.065209513,1
7-Jun,7,0.407209916,0.488557548,0.067845514,1
6-May,7,0.412099367,0.407209916,0.068660148,1
5-Apr,3,0.41222154,0.511862289,0.068680504,1
7-Jun,7,0.414427002,0.497699627,0.069047957,1
6-May,5,0.414439039,0.644027394,0.069049963,1
6-May,7,0.417641815,0.414427002,0.069583579,1
8-Jul,5,0.431781231,0.501185283,0.071939357,1
7-Jun,3,0.439870543,0.526824098,0.073287122,1
8-Jul,5,0.444597725,0.563129689,0.074074721,1
7-Jun,8,0.447805591,0.557830453,0.074609186,1
8-Jul,4,0.448072153,NA,0,0
9-Aug,7,0.454268274,0.282858384,0.075685938,1
6-May,6,0.456419618,0.702024371,0.076044375,1
7-Jun,2,0.464096005,NA,0,0
7-Jun,5,0.4823183,0.498697343,0.080359371,1
8-Jul,7,0.488557548,0.521002363,0.081398896,1
8-Jul,4,0.489191074,NA,0,0
6-May,7,0.490259703,0.617168963,0.081682494,1
6-May,7,0.490777586,0.522993708,0.081768778,1
7-Jun,5,0.494071266,NA,0,0
8-Jul,7,0.497699627,0.545991968,0.082922064,1
8-Jul,5,0.498697343,0.354419249,0.083088294,1
9-Aug,5,0.501185283,0.550057182,0.083502812,1
5-Apr,2,0.501406934,0.680022795,0.083539741,1
6-May,6,0.508530698,0.666211743,0.084726636,1
8-Jul,8,0.50947842,0.567785094,0.084884537,1
6-May,3,0.511862289,0.778859924,0.085281715,1
8-Jul,7,0.515724311,NA,0,0
7-Jun,7,0.520446264,0.529854026,0.086711897,1
9-Aug,7,0.521002363,0.60467959,0.086804549,1
7-Jun,7,0.522993708,0.917995816,0.087136328,1
8-Jul,2,0.525753037,0.615851501,0.087596062,1
8-Jul,3,0.526824098,NA,0,0
8-Jul,7,0.529854026,0.454268274,0.08827933,1
6-May,7,0.535197696,0.650242942,0.089169642,1
6-May,7,0.53579653,0.602945375,0.089269415,1
9-Aug,7,0.541960768,0.733860927,0.090296442,1
7-Jun,4,0.543001351,NA,0,0
9-Aug,7,0.545991968,0.620289649,0.090968083,1
8-Jul,7,0.556478166,0.541960768,0.092715196,1
7-Jun,7,0.557566178,0.515724311,0.09289647,1
8-Jul,8,0.557830453,0.566754005,0.092940501,1
6-May,7,0.55820423,0.557566178,0.093002776,1
9-Aug,5,0.563129689,0.710481801,0.09382341,1
9-Aug,8,0.566754005,0.541193331,0.09442726,1
9-Aug,8,0.567785094,0.857915476,0.09459905,1
7-Jun,5,0.577029914,0.622590951,0.096139336,1
6-May,7,0.589746147,0.667431641,0.098257996,1
7-Jun,8,0.592996997,0.745322263,0.098799622,1
6-May,5,0.595721655,0.494071266,0.099253579,1
7-Jun,7,0.602945375,0.622191547,0.100457128,1
9-Aug,2,0.615851501,0.614273146,0.102607426,1
7-Jun,7,0.617168963,NA,0,0
6-May,6,0.618016338,0.983479369,0.102968111,1
8-Jul,7,0.622191547,0.651997306,0.103663746,1
8-Jul,5,0.622590951,0.720192536,0.10373029,1
6-May,6,0.630996897,0.906801206,0.105130811,1
6-May,6,0.635638686,0.124236534,0.105904182,1
6-May,6,0.637311931,0.696404085,0.106182963,1
5-Apr,1,0.642870284,0.927848301,0.107109044,1
6-May,5,0.643859022,0.577029914,0.107273778,1
7-Jun,5,0.644027394,0.731148373,0.10730183,1
7-Jun,7,0.650242942,0.766091754,0.108337407,1
9-Aug,7,0.651997306,0.394980243,0.108629703,1
6-May,8,0.655950245,0.876713107,0.109288305,1
5-Apr,4,0.660711054,0.753777912,0.110081506,1
6-May,8,0.660828401,0.889832366,0.110101057,1
5-Apr,3,0.663986172,0.671168702,0.110627176,1
7-Jun,6,0.666211743,0.743362264,0.11099798,1
7-Jun,7,0.667431641,0.6962515,0.111201228,1
6-May,8,0.667913263,0.850045279,0.111281471,1
6-May,3,0.671168702,0.701057025,0.111823862,1
6-May,2,0.680022795,0.292007318,0.113299048,1
9-Aug,7,0.682153044,0.719970516,0.11365397,1
6-May,2,0.688324197,NA,0,0
7-Jun,5,0.689688245,0.312844026,0.114909415,1
8-Jul,7,0.6962515,0.75655913,0.116002923,1
7-Jun,6,0.696404085,0.872107675,0.116028346,1
7-Jun,3,0.701057025,0.792095386,0.116803575,1
7-Jun,6,0.702024371,NA,0,0
6-May,8,0.715937761,0.872960722,0.119282864,1
9-Aug,5,0.720192536,0.961980945,0.119991755,1
9-Aug,8,0.720260932,0.881951069,0.120003151,1
7-Jun,2,0.720357166,1.315290464,0.120019184,1
6-May,6,0.72546195,0.91843245,0.120869696,1
8-Jul,5,0.731148373,0.898598942,0.121817114,1
6-May,5,0.735719852,0.816356897,0.122578772,1
6-May,4,0.736653359,NA,0,0
9-Aug,6,0.737329926,0.714700875,0.122847027,1
5-Apr,3,0.73794317,0.864840487,0.1229492,1
5-Apr,4,0.74149767,NA,0,0
8-Jul,6,0.743362264,0.889831473,0.123852079,1
8-Jul,8,0.745322263,0.720260932,0.124178636,1
6-May,7,0.752537493,0.913544493,0.12538077,1
6-May,5,0.753236737,0.689688245,0.125497271,1
6-May,4,0.753777912,0.959932395,0.125587437,1
7-Jun,6,0.755250124,NA,0,0
9-Aug,7,0.75655913,0.627816726,0.126050817,1
8-Jul,6,0.760975256,0.737329926,0.126786591,1
8-Jul,7,0.766091754,0.825177475,0.127639054,1
6-May,5,0.769140925,1.56251383,0.128147079,1
7-Jun,1,0.770658568,0.830734069,0.128399934,1
5-Apr,2,0.770823246,1.081335857,0.128427371,1
9-Aug,7,0.774082992,0.632720728,0.12897048,1
6-May,7,0.775957457,0.975864749,0.129282786,1
7-Jun,3,0.778859924,NA,0,0
5-Apr,2,0.781534976,0.688324197,0.13021206,1
7-Jun,5,0.783753953,NA,0,0
9-Aug,5,0.790874818,0.88331467,0.131768177,1
8-Jul,3,0.792095386,0.866057174,0.131971537,1
8-Jul,8,0.792960456,1.295605301,0.132115667,1
6-May,5,0.796968953,0.878788198,0.132783525,1
7-Jun,3,0.797397235,NA,0,0
5-Apr,3,0.802444371,0.933523011,0.133695788,1
6-May,5,0.806036495,0.783753953,0.134294274,1
9-Aug,2,0.806167546,0.88018135,0.134316109,1
6-May,1,0.80835554,0.886879102,0.134680652,1
5-Apr,2,0.809743477,0.8993572,0.134911897,1
5-Apr,4,0.811055772,0.736653359,0.135130539,1
5-Apr,4,0.812143267,1.285525779,0.135311727,1
6-May,6,0.815814538,0.755250124,0.1359234,1
9-Aug,7,0.816091993,0.762775347,0.135969627,1
7-Jun,5,0.816356897,0.326817845,0.136013763,1
9-Aug,7,0.825177475,1.020304958,0.137483365,1
6-May,2,0.825342545,0.960149349,0.137510868,1
6-May,6,0.825572214,0.976783624,0.137549133,1
8-Jul,1,0.830734069,0.938833945,0.138409153,1
7-Jun,5,0.840745997,0.938141654,0.140077247,1
7-Jun,2,0.842487309,0.260517482,0.140367368,1
5-Apr,4,0.844613495,1.079185802,0.140721614,1
8-Jul,7,0.847108948,0.816091993,0.141137383,1
9-Aug,4,0.848580478,NA,0,0
5-Apr,4,0.849788264,1.27614576,0.141583785,1
7-Jun,8,0.850045279,1.025501603,0.141626607,1
5-Apr,1,0.851949551,0.883672366,0.141943879,1
7-Jun,2,0.854879158,0.871505897,0.142431982,1
5-Apr,1,0.857357162,0.80835554,0.142844844,1
5-Apr,2,0.862920183,0.404267727,0.143771703,1
6-May,3,0.864840487,0.439870543,0.144091646,1
9-Aug,3,0.866057174,1.898677982,0.144294359,1
6-May,7,0.86671392,0.896457092,0.14440378,1
6-May,7,0.868714928,1.051442931,0.144737169,1
6-May,2,0.869686525,0.720357166,0.144899048,1
8-Jul,2,0.871505897,0.994249604,0.145202174,1
8-Jul,6,0.872107675,0.971517834,0.145302437,1
7-Jun,8,0.872960722,1.137322865,0.145444564,1
5-Apr,2,0.875887047,0.900863914,0.145932121,1
7-Jun,8,0.876713107,1.118279913,0.146069751,1
6-May,6,0.878463869,1.020636023,0.146361447,1
7-Jun,5,0.878788198,0.985372394,0.146415483,1
6-May,1,0.883672366,0.986995787,0.147229238,1
7-Jun,3,0.8839787,NA,0,0
6-May,5,0.884724933,0.840745997,0.147404607,1
6-May,7,0.886817288,0.975275899,0.147753215,1
7-Jun,1,0.886879102,0.928523745,0.147763514,1
5-Apr,2,0.889773048,0.825342545,0.148245677,1
9-Aug,6,0.889831473,NA,0,0
7-Jun,8,0.889832366,0.989492447,0.14825556,1
8-Jul,6,0.893963839,NA,0,0
7-Jun,7,0.896457092,1.004290287,0.14935931,1
9-Aug,5,0.898598942,1.311609506,0.149716165,1
5-Apr,3,0.89863129,1.215164944,0.149721554,1
6-May,2,0.8993572,0.854879158,0.149842498,1
6-May,2,0.900863914,0.842487309,0.150093533,1
7-Jun,6,0.906801206,1.211697265,0.151082749,1
6-May,8,0.907990811,1.008984239,0.15128095,1
7-Jun,7,0.913544493,0.954086389,0.152206253,1
8-Jul,7,0.917995816,0.682153044,0.152947891,1
7-Jun,6,0.91843245,0.760975256,0.153020638,1
5-Apr,4,0.919177451,1.138255903,0.153144764,1
6-May,1,0.927848301,0.770658568,0.15458942,1
8-Jul,1,0.928523745,0.953136343,0.154701956,1
6-May,3,0.933523011,1.113802779,0.155534887,1
8-Jul,5,0.938141654,0.790874818,0.156304402,1
9-Aug,1,0.938833945,0.866879242,0.156419745,1
6-May,8,0.940120141,0.224404338,0.156634039,1
8-Jul,2,0.941402664,1.091082788,0.156847721,1
6-May,7,0.944732074,1.1960692,0.157402436,1
7-Jun,2,0.944802691,NA,0,0
5-Apr,1,0.951877915,1.140280689,0.15859301,1
9-Aug,1,0.953136343,0.990984634,0.158802677,1
8-Jul,7,0.954086389,0.960399571,0.158960965,1
5-Apr,1,0.957575626,1.198146694,0.159542309,1
7-Jun,4,0.959932395,1.057138164,0.159934972,1
7-Jun,2,0.960149349,0.941402664,0.159971119,1
9-Aug,7,0.960399571,1.020917475,0.160012808,1
5-Apr,3,0.960910631,1.276250523,0.160097956,1
6-May,8,0.965333361,1.049368941,0.16083483,1
8-Jul,2,0.965531978,NA,0,0
5-Apr,1,0.965636029,1.440217142,0.160885258,1
6-May,7,0.966712195,0.989289658,0.161064559,1
9-Aug,5,0.969650626,1.136652368,0.161554133,1
9-Aug,6,0.971517834,1.040254919,0.161865229,1
6-May,2,0.972759845,0.973400329,0.162072162,1
7-Jun,2,0.973400329,1.130884687,0.162178873,1
7-Jun,7,0.975275899,1.172459103,0.162491363,1
7-Jun,7,0.975864749,1.166618701,0.162589472,1
7-Jun,6,0.976783624,1.203864684,0.162742566,1
6-May,2,0.979162715,NA,0,0
6-May,2,0.980762524,1.314630871,0.163405493,1
8-Jul,3,0.981347039,1.107519358,0.16350288,1
7-Jun,6,0.983479369,1.155176704,0.163858149,1
8-Jul,5,0.985372394,0.969650626,0.164173547,1
7-Jun,1,0.986995787,1.074827315,0.164444021,1
7-Jun,7,0.989289658,1.114116925,0.164826205,1
8-Jul,8,0.989492447,1.017280189,0.164859992,1
8-Jul,1,0.993822389,1.05049455,0.165581406,1
9-Aug,2,0.994249604,0.995584715,0.165652585,1
5-Apr,2,0.998599532,0.980762524,0.166377329,1
8-Jul,7,1.004290287,0.774082992,0.16732547,1
5-Apr,2,1.005988851,1.354820251,0.167608468,1
7-Jun,8,1.008984239,0.792960456,0.168107532,1
5-Apr,4,1.009023907,1.560045226,0.168114141,1
9-Aug,8,1.017280189,1.121596829,0.169489726,1
5-Apr,3,1.019434211,1.147890225,0.169848609,1
7-Jun,6,1.020636023,1.073974502,0.170048843,1
5-Apr,2,1.024788016,1.340169907,0.17074061,1
8-Jul,8,1.025501603,1.1752335,0.170859501,1
6-May,2,1.025542148,0.464096005,0.170866256,1
6-May,5,1.027128816,1.169070227,0.171130612,1
5-Apr,4,1.032007249,1.257008427,0.171943411,1
6-May,5,1.035606818,1.065480034,0.172543138,1
6-May,7,1.036000154,1.226103782,0.172608671,1
5-Apr,2,1.036499609,1.254764405,0.172691886,1
6-May,7,1.038583391,NA,0,0
6-May,8,1.038630721,1.09731798,0.173046952,1
7-Jun,6,1.038813444,1.074023916,0.173077396,1
6-May,6,1.040668859,1.402920655,0.173386528,1
7-Jun,2,1.044714108,1.197943741,0.174060509,1
7-Jun,1,1.045377563,NA,0,0
7-Jun,8,1.049368941,1.165595916,0.174836054,1
6-May,7,1.050238929,1.260523304,0.174981003,1
9-Aug,1,1.05049455,1.009219938,0.175023592,1
6-May,7,1.051080527,1.292529877,0.175121222,1
7-Jun,7,1.051442931,1.382352109,0.175181603,1
5-Apr,3,1.052570658,1.127038356,0.175369494,1
8-Jul,4,1.05312458,0.848580478,0.175461783,1
7-Jun,4,1.053483149,0.448072153,0.175521525,1
5-Apr,2,1.05501366,0.972759845,0.175776524,1
6-May,6,1.055022663,1.038813444,0.175778024,1
7-Jun,2,1.055275758,0.965531978,0.175820193,1
8-Jul,4,1.057138164,1.258297527,0.176130489,1
5-Apr,2,1.059784151,1.281216502,0.176571339,1
7-Jun,5,1.065480034,1.174712698,0.177520334,1
7-Jun,1,1.067052431,1.225970863,0.177782312,1
6-May,6,1.06908531,1.135290925,0.178121011,1
6-May,8,1.072401108,0.592996997,0.178673459,1
9-Aug,6,1.072779614,NA,0,0
7-Jun,1,1.073940772,1.156805968,0.178929983,1
8-Jul,6,1.073974502,1.314471073,0.178935603,1
8-Jul,6,1.074023916,NA,0,0
8-Jul,1,1.074827315,1.215532655,0.17907769,1
8-Jul,8,1.075705768,1.098995157,0.17922405,1
9-Aug,6,1.076528474,1.2315515,0.179361122,1
6-May,4,1.079185802,1.053483149,0.179803861,1
6-May,5,1.08124482,1.222247842,0.180146915,1
6-May,2,1.081335857,1.044714108,0.180162083,1
6-May,8,1.088124076,1.410599662,0.181293073,1
5-Apr,4,1.089711106,1.514616746,0.181557489,1
9-Aug,2,1.091082788,1.11130605,0.181786026,1
9-Aug,3,1.09546855,NA,0,0
9-Aug,7,1.09697864,1.099219986,0.182768337,1
7-Jun,8,1.09731798,1.075705768,0.182824875,1
9-Aug,8,1.098995157,1.39901326,0.183104311,1
8-Jul,3,1.104726671,1.124881897,0.184059242,1
9-Aug,3,1.107519358,1.370467757,0.184524533,1
6-May,8,1.110496638,1.446623029,0.18502058,1
6-May,8,1.111253726,1.368318201,0.185146719,1
7-Jun,3,1.113802779,1.160176864,0.185571418,1
8-Jul,7,1.114116925,1.09697864,0.185623758,1
8-Jul,8,1.118279913,1.23608867,0.186317357,1
9-Aug,5,1.120736582,NA,0,0
9-Aug,3,1.124881897,1.102787363,0.187417318,1
6-May,3,1.127038356,1.501692087,0.187776607,1
9-Aug,1,1.127274171,1.565278139,0.187815896,1
9-Aug,4,1.12851941,NA,0,0
7-Jun,7,1.130421062,0.847108948,0.188340201,1
8-Jul,2,1.130884687,1.193436362,0.188417446,1
6-May,6,1.132134925,1.21249901,0.188625749,1
8-Jul,5,1.132948346,1.120736582,0.188761274,1
7-Jun,6,1.135290925,1.308053763,0.189151573,1
8-Jul,8,1.137322865,1.386677301,0.189490115,1
6-May,4,1.138255903,1.16199872,0.18964557,1
6-May,1,1.140280689,1.067052431,0.18998292,1
5-Apr,3,1.145948069,1.203178076,0.190927166,1
8-Jul,2,1.14688048,1.175345961,0.191082516,1
7-Jun,7,1.147782317,1.155545904,0.191232772,1
6-May,3,1.147890225,1.209757308,0.19125075,1
8-Jul,6,1.155176704,1.524535299,0.192464755,1
8-Jul,7,1.155545904,1.165412703,0.192526268,1
6-May,5,1.155800862,1.558073887,0.192568747,1
5-Apr,2,1.156723058,1.025542148,0.192722394,1
8-Jul,1,1.156805968,NA,0,0
6-May,6,1.157249547,1.293597243,0.192810113,1
5-Apr,3,1.15774386,1.372894201,0.192892471,1
6-May,7,1.160066416,1.147782317,0.193279434,1
8-Jul,3,1.160176864,1.248937032,0.193297835,1
5-Apr,2,1.161770358,0.990636241,0.193563328,1
7-Jun,4,1.16199872,1.240531163,0.193601376,1
9-Aug,7,1.165412703,1.14608053,0.194170182,1
8-Jul,8,1.165595916,1.19124884,0.194200707,1
7-Jun,2,1.166419073,1.240505358,0.194337854,1
8-Jul,7,1.166618701,1.239436804,0.194371114,1
7-Jun,5,1.169070227,1.231633181,0.194779564,1
8-Jul,6,1.172435318,1.072779614,0.195340224,1
8-Jul,7,1.172459103,1.240808753,0.195344187,1
8-Jul,5,1.174712698,1.256478078,0.19571966,1
9-Aug,8,1.1752335,1.495234727,0.195806431,1
9-Aug,2,1.175345961,1.245752126,0.195825169,1
5-Apr,3,1.178807355,1.278817139,0.196401874,1
7-Jun,6,1.180501816,1.237447395,0.196684189,1
8-Jul,4,1.183438683,NA,0,0
8-Jul,2,1.18523007,1.317743216,0.197471967,1
5-Apr,2,1.188110161,1.071999876,0.19795182,1
7-Jun,1,1.189523514,0.993822389,0.1981873,1
9-Aug,8,1.19124884,1.418772402,0.198474758,1
9-Aug,2,1.193436362,1.234384539,0.198839222,1
7-Jun,7,1.1960692,1.448677437,0.199277881,1
9-Aug,6,1.196887949,1.104338371,0.199414294,1
8-Jul,2,1.197943741,1.275878932,0.1995902,1
6-May,1,1.198146694,1.270435641,0.199624014,1
6-May,7,1.199205597,1.428777065,0.199800438,1
6-May,3,1.203178076,1.268023972,0.200462296,1
8-Jul,6,1.203864684,1.196887949,0.200576692,1
8-Jul,4,1.206499165,1.12851941,0.201015625,1
7-Jun,3,1.209757308,NA,0,0
8-Jul,6,1.211697265,1.076528474,0.201881683,1
7-Jun,6,1.21249901,1.430035944,0.202015263,1
5-Apr,4,1.214759332,2.030477655,0.202391856,1
6-May,3,1.215164944,1.464743106,0.202459436,1
9-Aug,1,1.215532655,1.505767305,0.2025207,1
5-Apr,2,1.218682203,1.484245208,0.203045449,1
5-Apr,3,1.220191881,1.50449574,0.203296977,1
7-Jun,5,1.222247842,1.255261338,0.203639522,1
7-Jun,3,1.223424697,1.36246711,0.203835599,1
5-Apr,3,1.223821857,1.399471713,0.20390177,1
8-Jul,1,1.225970863,1.376265323,0.204259817,1
7-Jun,7,1.226103782,1.256009702,0.204281963,1
6-May,7,1.226484577,1.409434167,0.204345407,1
8-Jul,5,1.231633181,NA,0,0
9-Aug,8,1.23608867,1.724908378,0.205945552,1
8-Jul,6,1.237447395,1.293879294,0.20617193,1
9-Aug,7,1.239436804,1.567034357,0.206503386,1
8-Jul,2,1.240505358,0.806167546,0.206681419,1
8-Jul,4,1.240531163,1.61533821,0.206685718,1
9-Aug,7,1.240808753,1.324430658,0.206731968,1
9-Aug,3,1.248937032,1.09351001,0.208086226,1
7-Jun,4,1.251259427,1.236368645,0.208473161,1
5-Apr,3,1.252207431,1.541273824,0.208631109,1
6-May,8,1.252415386,1.424599518,0.208665757,1
6-May,7,1.25352484,1.130421062,0.208850603,1
6-May,2,1.254764405,1.166419073,0.209057128,1
8-Jul,5,1.254912667,1.466688369,0.20908183,1
8-Jul,5,1.255261338,1.328283822,0.209139922,1
8-Jul,7,1.256009702,1.523916449,0.209264608,1
9-Aug,5,1.256478078,1.388013636,0.209342644,1
6-May,4,1.257008427,1.484539054,0.209431006,1
9-Aug,4,1.258297527,1.390138746,0.209645784,1
7-Jun,7,1.260523304,1.559685408,0.210016622,1
6-May,3,1.262476439,0.8839787,0.210342035,1
5-Apr,2,1.263749497,1.310081206,0.21055414,1
7-Jun,3,1.268023972,1.450806997,0.211266313,1
7-Jun,1,1.270435641,1.458938491,0.211668123,1
5-Apr,2,1.273856512,1.476733822,0.212238077,1
5-Apr,4,1.275801586,1.303757343,0.212562147,1
9-Aug,2,1.275878932,1.386355948,0.212575033,1
6-May,4,1.27614576,1.287076047,0.21261949,1
6-May,3,1.276250523,1.335791857,0.212636944,1
7-Jun,3,1.277110821,1.369003825,0.212780279,1
6-May,3,1.278817139,1.223424697,0.21306457,1
6-May,7,1.279720482,1.447045557,0.213215077,1
6-May,4,1.285525779,1.341080767,0.214182301,1
5-Apr,2,1.286558009,1.409260864,0.214354282,1
7-Jun,4,1.287076047,1.40370534,0.214440592,1
5-Apr,1,1.287989488,1.455950362,0.214592781,1
5-Apr,2,1.288370004,1.076863404,0.214656179,1
9-Aug,3,1.290352812,0.995827368,0.214986536,1
6-May,5,1.292135112,1.299133137,0.215283486,1
7-Jun,7,1.292529877,1.353539295,0.215349258,1
7-Jun,6,1.293597243,1.456418099,0.215527093,1
9-Aug,6,1.293879294,1.402122141,0.215574086,1
9-Aug,8,1.295605301,1.861097181,0.215861657,1
7-Jun,5,1.297298184,1.254912667,0.216143709,1
7-Jun,5,1.299133137,1.377565076,0.216449432,1
6-May,4,1.303757343,1.68871974,0.217219874,1
9-Aug,7,1.305024512,1.46627356,0.217430998,1
8-Jul,6,1.308053763,1.505229388,0.217935703,1
7-Jun,2,1.309256213,0.189924441,0.218136044,1
5-Apr,1,1.314063389,1.731872472,0.218936971,1
9-Aug,6,1.314471073,1.351906745,0.219004896,1
7-Jun,2,1.314630871,1.14688048,0.21903152,1
7-Jun,7,1.315013779,1.369954283,0.219095316,1
8-Jul,2,1.315290464,NA,0,0
9-Aug,2,1.317743216,1.412999798,0.21955007,1
9-Aug,6,1.326448902,1.235549257,0.22100053,1
5-Apr,2,1.327860895,1.266090237,0.221235783,1
9-Aug,5,1.328283822,0.973934641,0.221306247,1
6-May,6,1.331699902,1.180501816,0.221875402,1
7-Jun,3,1.335791857,1.729869802,0.222557166,1
6-May,6,1.339183266,1.459068957,0.22312221,1
6-May,2,1.340169907,1.055275758,0.223286595,1
6-May,7,1.340983729,1.315013779,0.223422187,1
7-Jun,4,1.341080767,1.50166269,0.223438354,1
9-Aug,8,1.342248849,1.487389161,0.223632969,1
9-Aug,3,1.342288948,1.447033386,0.22363965,1
9-Aug,6,1.343907391,NA,0,0
7-Jun,4,1.351099693,1.666103389,0.225107614,1
9-Aug,7,1.353281844,1.468982663,0.225471184,1
8-Jul,2,1.353305,1.592608096,0.225475042,1
8-Jul,7,1.353539295,1.450786699,0.225514078,1
6-May,2,1.354820251,1.389671581,0.225727499,1
6-May,8,1.357208713,1.401318715,0.226125442,1
8-Jul,3,1.36246711,1.438429434,0.227001547,1
6-May,1,1.367961882,1.457473972,0.227917035,1
7-Jun,8,1.368318201,1.747340627,0.227976401,1
8-Jul,3,1.369003825,1.09546855,0.228090634,1
8-Jul,7,1.369954283,NA,0,0
6-May,3,1.372894201,1.652391675,0.228738812,1
6-May,8,1.374768034,1.426956722,0.229051012,1
6-May,7,1.37521143,1.752780009,0.229124887,1
9-Aug,1,1.376265323,1.640360436,0.229300477,1
8-Jul,5,1.377565076,1.72138056,0.229517029,1
6-May,1,1.379528007,1.073940772,0.229844074,1
8-Jul,6,1.381369192,1.326448902,0.230150836,1
8-Jul,7,1.382352109,1.305024512,0.2303146,1
7-Jun,2,1.385539237,NA,0,0
9-Aug,8,1.386677301,1.592008759,0.231035223,1
7-Jun,2,1.389671581,1.353305,0.231534102,1
6-May,7,1.391761878,1.590921944,0.231882368,1
6-May,5,1.394465828,1.619813959,0.232332875,1
6-May,3,1.399471713,1.912589991,0.233166909,1
7-Jun,8,1.401318715,1.573753682,0.233474639,1
7-Jun,6,1.402920655,1.813536388,0.233741539,1
8-Jul,4,1.40370534,1.633925807,0.233872276,1
6-May,6,1.404966307,1.511666039,0.234082366,1
7-Jun,7,1.409434167,1.694190937,0.23482676,1
7-Jun,8,1.410599662,1.664004755,0.235020943,1
9-Aug,2,1.415505054,1.483933418,0.235838234,1
8-Jul,8,1.416093195,1.458619916,0.235936225,1
8-Jul,1,1.417865509,1.480159054,0.236231511,1
6-May,3,1.418411304,1.277110821,0.236322446,1
6-May,1,1.418514467,1.189523514,0.236339634,1
5-Apr,3,1.419447346,1.531241301,0.236495062,1
6-May,7,1.421219339,1.606365846,0.236790295,1
7-Jun,8,1.424599518,1.738207053,0.237353469,1
8-Jul,1,1.425901739,1.127274171,0.237570433,1
8-Jul,1,1.42602821,1.694563416,0.237591504,1
7-Jun,8,1.426956722,1.416093195,0.237746204,1
7-Jun,7,1.428777065,1.771883542,0.238049493,1
8-Jul,6,1.430035944,1.547198295,0.238259235,1
8-Jul,2,1.434730837,1.415505054,0.239041455,1
8-Jul,1,1.435181179,1.495467451,0.239116486,1
5-Apr,1,1.435469793,1.4736254,0.239164572,1
9-Aug,3,1.438429434,1.373094743,0.23965768,1
6-May,1,1.440217142,1.579383077,0.239955531,1
5-Apr,1,1.441050291,1.379528007,0.240094343,1
7-Jun,8,1.446623029,1.58583639,0.241022821,1
7-Jun,7,1.447045557,1.774671454,0.241093218,1
6-May,5,1.447362271,1.297298184,0.241145986,1
8-Jul,7,1.448677437,1.353281844,0.241365107,1
7-Jun,3,1.449073555,NA,0,0
9-Aug,7,1.450786699,0.56325535,0.241716532,1
8-Jul,3,1.450806997,1.342288948,0.241719914,1
6-May,5,1.452614908,1.622564174,0.242021131,1
6-May,1,1.455950362,1.822211356,0.242576854,1
8-Jul,6,1.456418099,1.596900082,0.242654784,1
8-Jul,7,1.456762399,1.63473081,0.242712148,1
7-Jun,1,1.457473972,1.526571723,0.242830703,1
9-Aug,8,1.458619916,1.392771033,0.24302163,1
8-Jul,1,1.458938491,1.724674223,0.243074708,1
7-Jun,6,1.459068957,1.506819735,0.243096445,1
5-Apr,1,1.464566865,1.367961882,0.244012455,1
7-Jun,3,1.464743106,1.886121433,0.244041819,1
9-Aug,6,1.465185513,NA,0,0
7-Jun,1,1.465395609,1.435181179,0.244150532,1
9-Aug,5,1.466688369,1.166486386,0.24436592,1
8-Jul,4,1.467875739,1.608395207,0.244563749,1
6-May,1,1.469391731,1.608795143,0.244816329,1
5-Apr,1,1.472948808,1.699809646,0.245408976,1
6-May,1,1.4736254,1.465395609,0.245521703,1
8-Jul,6,1.476692984,1.465185513,0.246032796,1
5-Apr,3,1.477148812,1.421954968,0.246108741,1
9-Aug,3,1.478229546,1.347933792,0.246288803,1
5-Apr,1,1.47920792,1.469391731,0.246451811,1
9-Aug,1,1.480159054,1.379308962,0.24661028,1
7-Jun,4,1.484539054,1.467875739,0.247340035,1
6-May,6,1.49502519,1.65285689,0.249087137,1
9-Aug,1,1.495467451,1.480731553,0.249160822,1
6-May,8,1.50018224,1.884712362,0.249946356,1
8-Jul,4,1.50166269,1.669526526,0.250193015,1
7-Jun,3,1.501692087,1.833989605,0.250197913,1
7-Jun,5,1.502451579,1.132948346,0.250324452,1
6-May,7,1.503425351,1.866129283,0.250486693,1
6-May,3,1.50449574,1.842685182,0.250665031,1
9-Aug,6,1.505229388,1.565493813,0.250787265,1
8-Jul,6,1.506819735,1.343907391,0.251052234,1
7-Jun,4,1.510496315,NA,0,0
7-Jun,6,1.511666039,1.381369192,0.251859679,1
5-Apr,1,1.512009727,1.769440623,0.251916942,1
7-Jun,5,1.512064116,1.709073348,0.251926003,1
7-Jun,3,1.512521081,1.645802172,0.252002139,1
6-May,4,1.514616746,1.610947713,0.252351299,1
6-May,8,1.516011944,1.611026265,0.252583754,1
6-May,8,1.516808265,1.618992875,0.252716429,1
9-Aug,7,1.523916449,2.891246155,0.253900728,1
6-May,7,1.524096798,1.797802214,0.253930776,1
9-Aug,6,1.524535299,1.848220968,0.254003835,1
6-May,8,1.525325437,1.596245392,0.254135481,1
8-Jul,1,1.526571723,1.741280056,0.254343125,1
6-May,3,1.531241301,1.929543852,0.255121127,1
7-Jun,5,1.531665708,1.555181595,0.255191838,1
8-Jul,6,1.532691298,1.537332737,0.255362712,1
6-May,7,1.532871017,2.035624349,0.255392655,1
9-Aug,6,1.537332737,1.238739462,0.256136025,1
9-Aug,5,1.537625821,1.352578149,0.256184856,1
6-May,3,1.541273824,1.512521081,0.256792652,1
9-Aug,6,1.547198295,1.861769409,0.257779732,1
9-Aug,8,1.549207346,NA,0,0
9-Aug,2,1.549470467,2.074107538,0.2581583,1
5-Apr,2,1.550258433,1.980978592,0.258289584,1
9-Aug,1,1.553410038,1.633416905,0.258814675,1
6-May,6,1.553690814,1.605307975,0.258861455,1
8-Jul,5,1.555181595,1.537625821,0.259109835,1
8-Jul,1,1.556831274,3.088947708,0.259384689,1
6-May,6,1.55802306,1.621136171,0.259583253,1
7-Jun,5,1.558073887,1.828115611,0.259591722,1
5-Apr,1,1.55833466,1.811915037,0.259635169,1
8-Jul,7,1.559685408,1.767117323,0.259860218,1
6-May,4,1.560045226,1.351099693,0.259920168,1
7-Jun,5,1.56251383,1.723225281,0.260331464,1
5-Apr,3,1.565660207,1.71063723,0.260855684,1
6-May,5,1.566106991,1.61580371,0.260930123,1
8-Jul,5,1.567154793,1.618843443,0.261104697,1
5-Apr,2,1.56922516,0.979162715,0.261449643,1
6-May,8,1.571728315,2.010262183,0.261866695,1
5-Apr,3,1.573649453,1.262476439,0.262186777,1
8-Jul,8,1.573753682,1.650777144,0.262204143,1
5-Apr,1,1.574487892,1.418514467,0.26232647,1
7-Jun,1,1.579383077,1.680477782,0.26314206,1
6-May,8,1.580687903,1.712951244,0.263359458,1
8-Jul,8,1.583009765,1.342248849,0.263746305,1
8-Jul,8,1.58583639,1.846980032,0.264217251,1
8-Jul,3,1.588260179,1.478229546,0.26462108,1
7-Jun,7,1.590921944,1.766863653,0.265064558,1
9-Aug,2,1.591419692,1.524089652,0.265147488,1
9-Aug,2,1.592608096,1.699506943,0.265345489,1
6-May,8,1.594436725,2.505521873,0.265650158,1
7-Jun,8,1.596245392,1.816088433,0.265951501,1
9-Aug,6,1.596900082,1.705303412,0.26606058,1
8-Jul,4,1.602392712,2.069866959,0.266975711,1
6-May,5,1.603812561,1.70789086,0.267212272,1
7-Jun,6,1.605307975,1.776615003,0.267461424,1
7-Jun,7,1.606365846,1.833407893,0.267637677,1
7-Jun,2,1.606940804,NA,0,0
9-Aug,4,1.608395207,1.695761784,0.26797579,1
7-Jun,1,1.608795143,1.738722061,0.268042424,1
9-Aug,2,1.609159176,1.747104411,0.268103076,1
7-Jun,4,1.610947713,1.206499165,0.268401065,1
7-Jun,8,1.611026265,1.779352048,0.268414152,1
9-Aug,4,1.61533821,1.387655127,0.269132568,1
7-Jun,5,1.61580371,1.84457133,0.269210126,1
9-Aug,5,1.618843443,NA,0,0
6-May,2,1.618949949,1.385539237,0.269734323,1
7-Jun,8,1.618992875,0.627489387,0.269741475,1
7-Jun,5,1.619813959,1.818148941,0.269878276,1
7-Jun,6,1.621136171,NA,0,0
7-Jun,5,1.622564174,1.702194673,0.270336491,1
6-May,6,1.627602811,1.716003382,0.271175982,1
7-Jun,1,1.629395608,1.42602821,0.271474681,1
8-Jul,2,1.63066393,1.784923415,0.271685997,1
6-May,8,1.63110336,1.909440699,0.271759211,1
6-May,7,1.633602183,1.799409021,0.272175541,1
9-Aug,4,1.633925807,1.804358024,0.27222946,1
9-Aug,7,1.63473081,1.572315705,0.272363582,1
6-May,7,1.639876835,1.968636391,0.273220965,1
8-Jul,2,1.641125726,1.549470467,0.273429044,1
8-Jul,3,1.641193482,NA,0,0
8-Jul,3,1.645802172,1.702898018,0.274208189,1
9-Aug,7,1.646981942,1.876083913,0.274404752,1
6-May,5,1.650285402,1.512064116,0.274955143,1
9-Aug,8,1.650777144,1.868001045,0.275037073,1
6-May,8,1.650868226,1.948082264,0.275052248,1
7-Jun,3,1.652391675,1.924361186,0.275306071,1
7-Jun,6,1.65285689,1.969407259,0.275383581,1
7-Jun,1,1.655477909,1.556831274,0.27582027,1
8-Jul,8,1.664004755,2.222666222,0.277240934,1
8-Jul,4,1.666103389,2.036919803,0.277590589,1
5-Apr,3,1.667704774,1.418411304,0.277857396,1
7-Jun,1,1.668127246,1.888708559,0.277927785,1
9-Aug,4,1.669526526,2.048225998,0.27816092,1
6-May,3,1.677463264,1.795303111,0.279483265,1
5-Apr,3,1.678588689,1.677463264,0.279670773,1
8-Jul,1,1.680477782,2.184244163,0.279985516,1
9-Aug,8,1.680639703,0.63654642,0.280012493,1
8-Jul,3,1.681016672,1.290352812,0.280075301,1
5-Apr,2,1.683274619,1.862278689,0.280451499,1
5-Apr,4,1.684369105,1.963738859,0.280633852,1
7-Jun,3,1.685948078,1.86414887,0.280896925,1
7-Jun,4,1.68871974,1.602392712,0.281358714,1
6-May,7,1.692036123,2.091787586,0.281911259,1
7-Jun,6,1.692853036,1.532691298,0.282047365,1
8-Jul,7,1.694190937,1.646981942,0.282270274,1
9-Aug,1,1.694563416,NA,0,0
9-Aug,5,1.696150212,1.969219513,0.28259671,1
5-Apr,1,1.696233327,1.835772476,0.282610557,1
6-May,1,1.699809646,1.668127246,0.28320641,1
6-May,5,1.70052779,1.531665708,0.283326061,1
8-Jul,5,1.702194673,1.97311185,0.283603781,1
9-Aug,3,1.702898018,1.794227083,0.283720966,1
5-Apr,2,1.70315882,1.618949949,0.283764418,1
7-Jun,4,1.704127839,1.05312458,0.283925867,1
9-Aug,7,1.706892979,1.627486025,0.284386569,1
6-May,6,1.707530279,2.098503848,0.28449275,1
7-Jun,5,1.70789086,1.841347271,0.284552827,1
8-Jul,5,1.709073348,1.747099842,0.284749842,1
9-Aug,4,1.710527767,NA,0,0
6-May,3,1.71063723,1.685948078,0.285010401,1
7-Jun,8,1.712951244,1.718137602,0.285395941,1
6-May,6,1.714038629,2.022099923,0.285577111,1
7-Jun,6,1.716003382,1.172435318,0.285904459,1
8-Jul,8,1.718137602,1.680639703,0.286260043,1
9-Aug,5,1.719838398,2.031077577,0.286543414,1
9-Aug,5,1.72138056,1.573751483,0.286800355,1
5-Apr,1,1.722510942,1.822339463,0.286988688,1
8-Jul,5,1.723225281,1.74244313,0.287107705,1
9-Aug,1,1.724674223,1.796976832,0.287349114,1
6-May,7,1.728001356,1.931074507,0.28790345,1
8-Jul,3,1.729869802,1.894160355,0.288214753,1
6-May,1,1.731872472,1.629395608,0.288548419,1
8-Jul,8,1.738207053,1.862022955,0.289603828,1
8-Jul,1,1.738722061,1.834620195,0.289689634,1
5-Apr,1,1.739112775,2.012583012,0.289754731,1
5-Apr,3,1.739788664,2.028078428,0.289867341,1
9-Aug,1,1.741280056,1.648985073,0.290115823,1
9-Aug,5,1.74244313,1.959575217,0.290309603,1
5-Apr,3,1.742600822,1.955173798,0.290335877,1
6-May,6,1.74289383,1.692853036,0.290384695,1
6-May,6,1.745687211,2.064826028,0.290850102,1
7-Jun,1,1.745794678,1.748985464,0.290868007,1
9-Aug,5,1.747099842,2.189597928,0.291085461,1
8-Jul,8,1.747340627,1.992614393,0.291125579,1
8-Jul,1,1.748985464,1.902181351,0.291399626,1
9-Aug,7,1.751080738,1.602748269,0.291748721,1
7-Jun,2,1.751895271,1.844230614,0.291884431,1
7-Jun,7,1.752780009,1.922646542,0.292031838,1
8-Jul,1,1.753692506,1.553410038,0.292183869,1
5-Apr,1,1.761596108,2.040905354,0.293500694,1
7-Jun,3,1.763169738,1.881550051,0.293762877,1
5-Apr,4,1.765330672,2.30515471,0.294122912,1
8-Jul,7,1.766863653,1.797450539,0.294378323,1
9-Aug,7,1.767117323,1.797426792,0.294420587,1
5-Apr,2,1.767602277,1.917457288,0.294501385,1
6-May,1,1.769440623,1.879632687,0.294807674,1
6-May,8,1.770704013,2.140379976,0.295018168,1
8-Jul,7,1.771883542,2.074932868,0.29521469,1
8-Jul,7,1.774671454,1.98834391,0.295679186,1
8-Jul,6,1.776615003,2.109634909,0.296003002,1
8-Jul,1,1.77726026,1.940191309,0.296110508,1
8-Jul,8,1.779352048,1.833666542,0.296459023,1
5-Apr,2,1.781534546,2.168898783,0.29682265,1
9-Aug,2,1.784923415,1.885920045,0.297387272,1
5-Apr,4,1.791408398,2.301046769,0.298467739,1
7-Jun,2,1.79477409,1.822501076,0.299028499,1
7-Jun,3,1.795303111,1.588260179,0.29911664,1
9-Aug,7,1.797450539,1.726223867,0.299474424,1
7-Jun,7,1.797802214,1.998853602,0.299533017,1
7-Jun,7,1.799409021,1.456762399,0.299800728,1
8-Jul,4,1.80403529,1.902223864,0.300571514,1
6-May,8,1.8086188,2.107657474,0.301335176,1
6-May,7,1.810031442,2.198050101,0.301570537,1
6-May,1,1.811915037,1.888323622,0.301884364,1
8-Jul,6,1.813536388,2.052710227,0.302154498,1
5-Apr,2,1.81404982,1.497745632,0.302240041,1
8-Jul,8,1.816088433,1.89317682,0.302579696,1
8-Jul,5,1.818148941,2.076033764,0.302922999,1
9-Aug,1,1.822062666,1.826095053,0.303575067,1
7-Jun,1,1.822211356,1.92816694,0.30359984,1
6-May,1,1.822339463,1.655477909,0.303621184,1
8-Jul,2,1.822501076,1.609159176,0.303648111,1
6-May,1,1.824479282,1.045377563,0.303977701,1
8-Jul,5,1.828115611,1.951063243,0.304583552,1
8-Jul,7,1.833407893,1.706892979,0.305465303,1
9-Aug,8,1.833666542,1.758802485,0.305508396,1
8-Jul,3,1.833989605,2.188203473,0.305562222,1
9-Aug,1,1.834620195,1.854368379,0.305667285,1
7-Jun,1,1.835290773,1.753692506,0.305779011,1
6-May,1,1.835772476,1.745794678,0.305859267,1
8-Jul,5,1.841347271,1.696150212,0.306788088,1
7-Jun,3,1.842685182,0.981347039,0.307010998,1
8-Jul,2,1.844230614,1.591419692,0.307268483,1
8-Jul,5,1.84457133,1.868373385,0.30732525,1
9-Aug,8,1.846980032,1.937172724,0.307726566,1
5-Apr,2,1.849531409,2.123009441,0.308151652,1
9-Aug,3,1.858036095,1.298779159,0.309568624,1
9-Aug,8,1.862022955,1.537912348,0.310232877,1
8-Jul,3,1.86414887,2.08245846,0.310587077,1
7-Jun,1,1.864249576,1.425901739,0.310603856,1
7-Jun,7,1.866129283,1.980630499,0.310917035,1
9-Aug,3,1.868039358,NA,0,0
5-Apr,4,1.868347623,2.019373948,0.311286634,1
9-Aug,5,1.868373385,1.973533426,0.311290927,1
6-May,5,1.872640844,1.502451579,0.312001931,1
5-Apr,4,1.873521093,2.002858916,0.31214859,1
8-Jul,1,1.874297445,2.36609744,0.312277938,1
8-Jul,1,1.877015459,2.065936444,0.312730788,1
6-May,6,1.877895152,1.979986521,0.312877354,1
7-Jun,1,1.879632687,2.033369706,0.313166846,1
5-Apr,4,1.87990849,2.28381635,0.313212798,1
6-May,6,1.880655618,1.898164936,0.313337277,1
6-May,7,1.880823774,1.958460092,0.313365294,1
8-Jul,3,1.881550051,1.985020335,0.3134863,1
7-Jun,8,1.884712362,2.10763932,0.314013174,1
8-Jul,3,1.886121433,2.290885203,0.314247941,1
7-Jun,1,1.888323622,1.877015459,0.314614849,1
8-Jul,1,1.888708559,2.131284751,0.314678983,1
7-Jun,2,1.888953199,2.3796072,0.314719743,1
9-Aug,8,1.89317682,2.022611815,0.315423443,1
9-Aug,3,1.894160355,2.00033284,0.315587311,1
6-May,7,1.895248119,2.222959854,0.315768544,1
5-Apr,1,1.895971635,1.966269439,0.315889089,1
6-May,3,1.897871213,2.891839874,0.316205579,1
7-Jun,6,1.898164936,2.029828588,0.316254517,1
9-Aug,1,1.902181351,1.843956907,0.316923694,1
9-Aug,4,1.902223864,1.881313079,0.316930777,1
7-Jun,8,1.909440699,2.186090075,0.318133179,1
7-Jun,3,1.912589991,2.264832955,0.318657885,1
6-May,2,1.917457288,1.751895271,0.319468828,1
5-Apr,1,1.918610059,1.824479282,0.319660892,1
8-Jul,7,1.922646542,2.148656363,0.320333413,1
8-Jul,3,1.924361186,2.107732101,0.320619091,1
9-Aug,2,1.927659763,1.149989198,0.321168669,1
8-Jul,1,1.92816694,2.191236126,0.32125317,1
7-Jun,3,1.929543852,2.373432443,0.321482579,1
7-Jun,7,1.931074507,2.399789172,0.321737602,1
9-Aug,1,1.940191309,1.852773411,0.323256558,1
5-Apr,1,1.942717639,2.285463718,0.323677472,1
5-Apr,1,1.943805457,NA,0,0
5-Apr,2,1.947260615,2.484536589,0.32443438,1
7-Jun,8,1.948082264,1.583009765,0.324571276,1
8-Jul,1,1.948812084,1.822062666,0.324692871,1
9-Aug,5,1.951063243,2.246321176,0.325067938,1
6-May,3,1.955173798,1.763169738,0.325752801,1
7-Jun,7,1.958460092,2.244179053,0.326300332,1
5-Apr,4,1.958833758,2.483430807,0.326362589,1
6-May,7,1.959319931,2.268999984,0.326443591,1
9-Aug,6,1.959363849,1.603983569,0.326450908,1
6-May,4,1.963738859,2.168041632,0.327179831,1
6-May,1,1.966269439,1.864249576,0.327601453,1
7-Jun,7,1.968636391,2.411090845,0.327995812,1
8-Jul,6,1.969407259,2.020676662,0.328124247,1
9-Aug,5,1.97311185,1.85753181,0.328741471,1
6-May,6,1.975902366,2.038715451,0.329206401,1
7-Jun,6,1.979986521,2.177357293,0.329886865,1
6-May,3,1.980126779,2.2782093,0.329910233,1
8-Jul,7,1.980630499,2.032465786,0.329994159,1
6-May,2,1.980978592,1.888953199,0.330052155,1
7-Jun,5,1.98302123,2.082014512,0.33039248,1
7-Jun,1,1.984110807,1.948812084,0.330574015,1
9-Aug,3,1.985020335,1.64242796,0.330725552,1
9-Aug,7,1.98834391,1.950019765,0.331279295,1
6-May,8,1.989377063,2.061882543,0.331451429,1
8-Jul,8,1.990190726,1.549207346,0.331586994,1
9-Aug,8,1.992614393,2.361576071,0.331990803,1
7-Jun,4,1.995915183,2.020282517,0.33254075,1
9-Aug,1,1.997034773,2.128942052,0.332727286,1
8-Jul,7,1.998853602,2.209950692,0.333030322,1
6-May,4,2.002858916,2.095484051,0.33369765,1
7-Jun,8,2.010262183,2.711949974,0.334931113,1
9-Aug,5,2.011463069,1.513256627,0.335131193,1
6-May,1,2.012583012,2.077954532,0.335317788,1
5-Apr,3,2.012842096,1.980126779,0.335360954,1
7-Jun,6,2.015244822,0.333672174,0.335761274,1
7-Jun,5,2.015345176,NA,0,0
9-Aug,6,2.016799437,2.196162104,0.336020289,1
6-May,4,2.019373948,1.704127839,0.33644923,1
8-Jul,4,2.020282517,2.263721699,0.336600608,1
8-Jul,2,2.020618767,1.927659763,0.33665663,1
9-Aug,6,2.020676662,2.25567401,0.336666276,1
5-Apr,2,2.021636669,2.440038366,0.336826224,1
7-Jun,6,2.022099923,2.390773837,0.336903407,1
7-Jun,3,2.022545096,1.104726671,0.336977577,1
8-Jul,6,2.025012778,1.959363849,0.337388719,1
5-Apr,1,2.025452906,1.96870365,0.337462049,1
6-May,3,2.028078428,2.31236084,0.337899489,1
9-Aug,6,2.028250421,1.990513754,0.337928145,1
8-Jul,6,2.029828588,2.267649734,0.338191085,1
6-May,4,2.030477655,NA,0,0
9-Aug,7,2.032465786,2.322175883,0.33863047,1
8-Jul,1,2.033369706,2.231921287,0.338781073,1
7-Jun,7,2.035624349,2.431821455,0.33915672,1
7-Jun,1,2.035768602,1.874297445,0.339180754,1
9-Aug,4,2.036919803,2.241520431,0.339372557,1
7-Jun,6,2.038715451,2.025012778,0.339671731,1
8-Jul,8,2.039106804,2.1986416,0.339736934,1
6-May,1,2.040905354,1.835290773,0.340036592,1
6-May,7,2.042497346,2.212998513,0.340301835,1
8-Jul,5,2.04288019,2.011463069,0.340365621,1
9-Aug,2,2.052196393,2.414666115,0.3419178,1
9-Aug,6,2.052710227,2.359353792,0.34200341,1
7-Jun,3,2.057332573,1.641193482,0.342773542,1
9-Aug,6,2.058772092,1.894039001,0.343013381,1
7-Jun,3,2.0609719,1.681016672,0.343379893,1
7-Jun,8,2.061882543,2.039106804,0.343531615,1
8-Jul,6,2.062153475,2.062863252,0.343576756,1
9-Aug,6,2.062863252,2.114567614,0.343695012,1
7-Jun,6,2.064826028,NA,0,0
9-Aug,1,2.065936444,2.143776817,0.344207039,1
7-Jun,5,2.066672868,2.04288019,0.344329735,1
7-Jun,2,2.069226426,2.21518307,0.344755185,1
9-Aug,4,2.069866959,2.005345633,0.344861904,1
9-Aug,7,2.074932868,2.387633161,0.345705939,1
9-Aug,5,2.076033764,2.155782463,0.34588936,1
7-Jun,1,2.077954532,2.291897181,0.34620938,1
6-May,5,2.080822414,2.226262333,0.3466872,1
8-Jul,5,2.082014512,2.082443401,0.346885816,1
9-Aug,5,2.082443401,2.009534497,0.346957274,1
9-Aug,3,2.08245846,2.629146234,0.346959783,1
6-May,8,2.083331664,2.629474477,0.347105268,1
9-Aug,8,2.087339507,1.702707431,0.347773017,1
7-Jun,7,2.091787586,2.408977146,0.348514114,1
9-Aug,5,2.092725763,1.403745703,0.348670425,1
9-Aug,1,2.093956049,1.688132362,0.348875403,1
7-Jun,4,2.095484051,2.190747167,0.349129985,1
6-May,8,2.096220066,2.144839987,0.349252613,1
7-Jun,6,2.098503848,2.423586657,0.349633115,1
6-May,6,2.102560948,2.351354412,0.350309071,1
8-Jul,2,2.103867614,2.052196393,0.350526776,1
6-May,6,2.104536396,2.461316205,0.350638202,1
6-May,8,2.106041182,2.315735484,0.350888916,1
5-Apr,1,2.10630913,2.377794294,0.350933558,1
8-Jul,8,2.10763932,2.265607759,0.351155182,1
7-Jun,8,2.107657474,2.324798211,0.351158207,1
9-Aug,3,2.107732101,2.961433516,0.351170641,1
9-Aug,6,2.109634909,2.118309967,0.351487669,1
6-May,8,2.110793864,2.407577742,0.351680763,1
5-Apr,3,2.110991659,2.343076832,0.351713718,1
8-Jul,5,2.116477429,1.719838398,0.352627706,1
5-Apr,2,2.117463439,3.187907509,0.352791985,1
8-Jul,1,2.12294416,1.997034773,0.353705132,1
6-May,2,2.123009441,2.069226426,0.353716008,1
6-May,7,2.123612973,2.422649533,0.353816563,1
6-May,5,2.123959732,2.066672868,0.353874337,1
7-Jun,1,2.127049108,1.417865509,0.35438906,1
9-Aug,4,2.127843228,2.252541661,0.354521369,1
6-May,6,2.128079569,2.015244822,0.354560746,1
6-May,3,2.128540489,2.0609719,0.35463754,1
7-Jun,4,2.130256018,2.150880746,0.354923365,1
9-Aug,1,2.131284751,1.933021513,0.355094763,1
5-Apr,3,2.139251844,2.501410347,0.356422166,1
7-Jun,4,2.139890502,1.80403529,0.356528573,1
7-Jun,8,2.140379976,2.384791575,0.356610125,1
7-Jun,8,2.144839987,2.174381334,0.35735321,1
9-Aug,7,2.148656363,2.150437045,0.357989059,1
8-Jul,4,2.150880746,2.590088304,0.358359665,1
8-Jul,5,2.153010222,2.092725763,0.358714458,1
6-May,3,2.165860657,2.196145415,0.360855478,1
7-Jun,4,2.168041632,2.345527362,0.361218852,1
6-May,2,2.168898783,1.79477409,0.361361662,1
7-Jun,5,2.169692891,2.116477429,0.361493969,1
9-Aug,3,2.1726143,2.00362543,0.361980707,1
8-Jul,8,2.174381334,2.087339507,0.362275113,1
8-Jul,6,2.177357293,2.016799437,0.36277094,1
5-Apr,4,2.180411953,3.011640195,0.363279879,1
9-Aug,1,2.184244163,2.058299028,0.363918366,1
8-Jul,8,2.186090075,2.629859714,0.364225915,1
9-Aug,3,2.188203473,2.526568554,0.364578029,1
8-Jul,4,2.190747167,2.322802481,0.365001836,1
9-Aug,1,2.191236126,2.397967248,0.365083302,1
7-Jun,3,2.196145415,2.279960092,0.365901241,1
7-Jun,7,2.198050101,2.441072533,0.366218582,1
9-Aug,8,2.1986416,1.162955487,0.366317132,1
8-Jul,6,2.200822808,2.028250421,0.366680545,1
8-Jul,6,2.202861904,2.246602496,0.36702028,1
5-Apr,4,2.204528585,2.60479964,0.367297967,1
9-Aug,7,2.209950692,2.561324348,0.368201348,1
7-Jun,7,2.212998513,2.5783558,0.368709147,1
9-Aug,4,2.213869942,2.019026137,0.368854337,1
5-Apr,4,2.214762444,2.847644153,0.369003037,1
8-Jul,2,2.21518307,2.403440457,0.369073118,1
6-May,5,2.217556295,2.243272563,0.369468522,1
5-Apr,1,2.217780502,2.783050866,0.369505878,1
8-Jul,2,2.218315345,NA,0,0
9-Aug,3,2.219161807,0.497246468,0.369736018,1
9-Aug,8,2.222666222,1.82478635,0.370319891,1
7-Jun,7,2.222959854,2.538940636,0.370368813,1
5-Apr,2,2.225049537,1.782792428,0.370716976,1
7-Jun,5,2.226262333,NA,0,0
7-Jun,8,2.230620267,1.990190726,0.371645119,1
6-May,6,2.230971549,2.371323842,0.371703647,1
9-Aug,1,2.231921287,1.718996718,0.371861883,1
9-Aug,5,2.234781864,1.898201854,0.372338486,1
6-May,8,2.23953574,2.433476473,0.373130532,1
7-Jun,5,2.243272563,1.567154793,0.373753127,1
8-Jul,7,2.244179053,1.751080738,0.373904158,1
9-Aug,6,2.246602496,0.706173148,0.374307929,1
5-Apr,1,2.250349843,2.860376301,0.374932277,1
5-Apr,1,2.253442711,2.256187021,0.375447582,1
6-May,1,2.256187021,2.035768602,0.375904813,1
7-Jun,3,2.25767959,2.379831313,0.376153491,1
8-Jul,1,2.258659324,2.433230419,0.376316725,1
9-Aug,6,2.263132588,1.403389986,0.377062019,1
9-Aug,4,2.263721699,2.538375688,0.377160171,1
8-Jul,3,2.264832955,2.568063221,0.377345318,1
9-Aug,8,2.265607759,2.279653907,0.377474409,1
5-Apr,1,2.267458369,2.695103894,0.37778274,1
9-Aug,6,2.267649734,2.254818672,0.377814623,1
7-Jun,7,2.268999984,2.555809058,0.378039589,1
8-Jul,5,2.271160395,2.234781864,0.378399537,1
5-Apr,3,2.272980719,2.165860657,0.378702822,1
7-Jun,3,2.2782093,2.388558235,0.37957396,1
5-Apr,4,2.278757445,2.701823028,0.379665286,1
8-Jul,3,2.279960092,2.1726143,0.37986566,1
5-Apr,1,2.280192741,3.148739159,0.379904422,1
5-Apr,1,2.282142205,2.805175405,0.380229224,1
6-May,4,2.28381635,2.573158207,0.380508154,1
7-Jun,2,2.284110985,2.348836766,0.380557243,1
6-May,7,2.285260707,2.35751791,0.380748799,1
6-May,1,2.285463718,2.62127591,0.380782623,1
9-Aug,3,2.290885203,2.531298483,0.3816859,1
8-Jul,1,2.291897181,2.408501267,0.381854507,1
9-Aug,3,2.294727899,1.712043194,0.382326134,1
6-May,5,2.29862822,2.169692891,0.382975969,1
6-May,4,2.301046769,1.995915183,0.383378925,1
5-Apr,3,2.301938452,2.511838795,0.383527489,1
6-May,4,2.30515471,2.49698403,0.384063352,1
9-Aug,5,2.308556268,2.378845077,0.384630088,1
7-Jun,3,2.31236084,4.300837091,0.38526397,1
7-Jun,8,2.315735484,2.704349657,0.385826222,1
7-Jun,2,2.317863913,2.218315345,0.386180841,1
9-Aug,4,2.322802481,2.57167411,0.387003659,1
6-May,8,2.324505188,2.724315868,0.387287348,1
8-Jul,8,2.324798211,2.414373791,0.387336169,1
5-Apr,1,2.325221821,2.630636195,0.387406747,1
6-May,2,2.326604418,NA,0,0
8-Jul,3,2.338074349,2.219161807,0.389548115,1
5-Apr,3,2.33870153,2.412429491,0.38965261,1
9-Aug,4,2.339242165,0.992430525,0.389742686,1
9-Aug,8,2.341625569,NA,0,0
6-May,3,2.343076832,2.679101767,0.390381582,1
8-Jul,4,2.345527362,2.51933114,0.390789866,1
8-Jul,2,2.348836766,2.461088049,0.391341248,1
7-Jun,6,2.351354412,2.509908758,0.391760715,1
6-May,5,2.355052838,3.417731547,0.392376912,1
7-Jun,7,2.35751791,2.781675036,0.39278762,1
9-Aug,5,2.359140517,NA,0,0
6-May,8,2.361228204,2.974338764,0.393405794,1
8-Jul,6,2.361409626,2.058772092,0.393436021,1
6-May,8,2.36576986,2.230620267,0.394162482,1
9-Aug,1,2.36609744,2.654072347,0.394217061,1
5-Apr,3,2.368273463,3.04791426,0.394579609,1
6-May,8,2.369612501,2.517350904,0.394802707,1
7-Jun,6,2.371323842,2.200822808,0.395087835,1
8-Jul,3,2.373432443,2.737964991,0.395439151,1
8-Jul,6,2.374163989,2.263132588,0.395561034,1
7-Jun,5,2.374218497,2.537232501,0.395570115,1
6-May,5,2.374350628,2.374218497,0.39559213,1
6-May,5,2.376956589,2.831437478,0.396026311,1
6-May,1,2.377794294,1.984110807,0.396165881,1
7-Jun,5,2.379205072,2.651941724,0.396400932,1
8-Jul,2,2.3796072,2.570764778,0.396467931,1
8-Jul,3,2.379831313,1.858036095,0.39650527,1
8-Jul,8,2.384791575,2.869157837,0.397331703,1
6-May,6,2.385861213,2.800210884,0.397509916,1
8-Jul,3,2.388558235,2.294727899,0.397959269,1
8-Jul,6,2.390773837,2.669648556,0.398328412,1
6-May,8,2.392593898,2.606836239,0.398631653,1
5-Apr,3,2.39690755,2.628427527,0.399350354,1
5-Apr,1,2.397087608,3.882675889,0.399380353,1
8-Jul,7,2.399789172,2.45234641,0.399830463,1
7-Jun,2,2.402696178,2.020618767,0.400314801,1
6-May,5,2.403178215,2.768368728,0.400395113,1
9-Aug,2,2.403440457,2.970343117,0.400438806,1
7-Jun,8,2.407577742,2.640683377,0.401128121,1
9-Aug,1,2.408501267,2.578953965,0.40128199,1
8-Jul,1,2.408711158,2.649397316,0.401316961,1
8-Jul,7,2.408977146,2.627989032,0.401361277,1
8-Jul,7,2.411090845,2.673076159,0.401713442,1
5-Apr,2,2.411703229,2.326604418,0.401815471,1
6-May,3,2.412429491,0.797397235,0.401936474,1
9-Aug,8,2.414373791,2.254914021,0.402260416,1
8-Jul,2,2.416013104,2.680469485,0.402533543,1
7-Jun,7,2.422649533,2.584083846,0.403639242,1
8-Jul,6,2.423586657,2.560175782,0.403795377,1
8-Jul,7,2.431821455,2.576441884,0.405167382,1
9-Aug,1,2.433230419,1.691244407,0.405402131,1
7-Jun,8,2.433476473,2.677585626,0.405443126,1
7-Jun,1,2.437814147,2.627077044,0.406165829,1
6-May,2,2.440038366,2.284110985,0.406536407,1
8-Jul,7,2.441072533,2.700633554,0.406708711,1
7-Jun,5,2.442632177,2.716440655,0.406968564,1
5-Apr,3,2.446463647,2.128540489,0.407606928,1
8-Jul,3,2.451857943,1.868039358,0.408505675,1
9-Aug,7,2.45234641,2.639528198,0.408587059,1
6-May,5,2.454229024,2.455605313,0.408900722,1
7-Jun,5,2.455605313,2.514950143,0.409130027,1
9-Aug,2,2.461088049,2.844642143,0.410043509,1
7-Jun,6,2.461316205,2.483643351,0.410081522,1
6-May,5,2.468370023,2.379205072,0.411256764,1
9-Aug,2,2.472055097,1.49433202,0.411870736,1
6-May,5,2.472484325,2.637685201,0.41194225,1
7-Jun,2,2.475941604,2.416013104,0.41251827,1
7-Jun,6,2.478226152,2.202861904,0.4128989,1
8-Jul,8,2.481410061,2.631861367,0.413429373,1
6-May,4,2.483430807,2.624059538,0.413766051,1
8-Jul,6,2.483643351,2.992011978,0.413801463,1
6-May,2,2.484536589,1.309256213,0.413950286,1
6-May,5,2.488235168,2.442632177,0.414566509,1
7-Jun,4,2.49698403,2.654519212,0.416024162,1
9-Aug,6,2.501001377,2.300060224,0.416693495,1
5-Apr,4,2.501288927,2.922838414,0.416741404,1
6-May,3,2.501410347,2.25767959,0.416761634,1
7-Jun,2,2.503382854,1.18523007,0.417090275,1
7-Jun,8,2.505521873,2.843776687,0.417446658,1
8-Jul,6,2.509908758,2.805862327,0.41817756,1
6-May,3,2.511838795,2.888637243,0.418499124,1
8-Jul,5,2.514950143,2.546247008,0.419017508,1
8-Jul,1,2.515704998,2.563421329,0.419143275,1
7-Jun,8,2.517350904,2.65594659,0.419417501,1
9-Aug,5,2.517819117,2.546030821,0.41949551,1
9-Aug,4,2.51933114,2.5017802,0.419747429,1
5-Apr,3,2.519659276,2.65744182,0.4198021,1
6-May,6,2.525200432,2.478226152,0.420725316,1
8-Jul,4,2.53212448,1.710527767,0.421878936,1
5-Apr,2,2.53415838,2.723447087,0.422217805,1
7-Jun,5,2.535433319,2.271160395,0.422430224,1
8-Jul,5,2.537232501,2.517819117,0.422729987,1
8-Jul,7,2.538940636,2.695507255,0.42301458,1
9-Aug,5,2.546247008,2.374074423,0.4242319,1
9-Aug,5,2.550458782,2.211309242,0.424933626,1
6-May,7,2.554219243,2.577708678,0.425560159,1
8-Jul,7,2.555809058,2.821644477,0.425825039,1
8-Jul,4,2.557369218,3.724437205,0.426084978,1
5-Apr,3,2.557572328,2.5631286,0.426118819,1
5-Apr,4,2.558492044,3.081010269,0.426272053,1
7-Jun,1,2.559848478,2.258659324,0.42649805,1
9-Aug,6,2.560175782,2.652093656,0.426552582,1
7-Jun,6,2.562358411,2.888243986,0.426916231,1
6-May,3,2.5631286,1.449073555,0.427044553,1
9-Aug,1,2.563421329,2.691633074,0.427093325,1
7-Jun,4,2.5659553,2.799193244,0.427515511,1
9-Aug,3,2.568063221,2.90502808,0.427866713,1
5-Apr,1,2.56871695,2.907255595,0.427975631,1
7-Jun,1,2.56907654,2.408711158,0.428035543,1
5-Apr,1,2.569743435,2.700718006,0.428146655,1
9-Aug,2,2.570764778,3.06280997,0.428316821,1
7-Jun,4,2.573158207,2.699019784,0.428715592,1
9-Aug,7,2.576441884,2.871584633,0.429262688,1
7-Jun,7,2.577708678,2.788846866,0.429473749,1
8-Jul,7,2.5783558,2.842378512,0.429581567,1
6-May,8,2.582015721,2.658952136,0.430191349,1
8-Jul,7,2.584083846,2.894017746,0.43053592,1
5-Apr,1,2.587932061,3.126207511,0.431177074,1
9-Aug,4,2.590088304,NA,0,0
5-Apr,3,2.592021505,1.897871213,0.431858419,1
6-May,6,2.593736148,2.562358411,0.432144097,1
8-Jul,4,2.59453769,2.735182389,0.432277642,1
7-Jun,1,2.600500171,2.12294416,0.433271055,1
6-May,4,2.60479964,2.130256018,0.433987392,1
7-Jun,8,2.606836239,2.870392328,0.434326711,1
5-Apr,4,2.612926548,3.228547699,0.435341422,1
8-Jul,3,2.614775259,2.971115846,0.435649437,1
6-May,5,2.614790912,2.535433319,0.435652045,1
9-Aug,1,2.618617312,2.743934478,0.436289564,1
7-Jun,1,2.62039818,2.730501464,0.436586275,1
7-Jun,1,2.62127591,2.721629612,0.436732515,1
6-May,8,2.623362117,3.14861632,0.437080099,1
7-Jun,4,2.624059538,2.59453769,0.437196297,1
8-Jul,1,2.627077044,2.618617312,0.437699045,1
9-Aug,7,2.627989032,3.253678366,0.437850992,1
6-May,3,2.628427527,2.949824191,0.43792405,1
8-Jul,1,2.629405858,3.931627425,0.438087051,1
7-Jun,8,2.629474477,2.481410061,0.438098483,1
9-Aug,3,2.629501686,0.46325164,0.438103017,1
9-Aug,8,2.629859714,2.240411437,0.438162668,1
6-May,1,2.630636195,2.649247278,0.438292038,1
9-Aug,8,2.631861367,2.335064988,0.438496165,1
7-Jun,5,2.637685201,2.948290592,0.439466477,1
8-Jul,8,2.640683377,2.780219412,0.439966006,1
9-Aug,8,2.641481083,1.89004868,0.440098912,1
5-Apr,1,2.645399533,2.829490537,0.440751767,1
7-Jun,1,2.649247278,2.78292852,0.441392843,1
9-Aug,1,2.649397316,2.570099514,0.441417841,1
5-Apr,3,2.650064828,3.216197629,0.441529055,1
6-May,6,2.651283485,2.678518513,0.441732097,1
8-Jul,5,2.651941724,2.308556268,0.441841766,1
8-Jul,4,2.654519212,2.960702972,0.442271203,1
8-Jul,8,2.65594659,2.974110322,0.44250902,1
9-Aug,8,2.656765421,2.785530487,0.442645446,1
6-May,3,2.65744182,2.057332573,0.442758141,1
7-Jun,6,2.657925457,0.356729075,0.44283872,1
9-Aug,6,2.658420914,1.409866416,0.442921268,1
6-May,6,2.658451296,2.67054883,0.44292633,1
7-Jun,8,2.658952136,2.763770546,0.443009776,1
6-May,8,2.659465382,2.863955401,0.443095288,1
9-Aug,6,2.669648556,3.120819542,0.444791913,1
7-Jun,6,2.67054883,2.78325723,0.444941908,1
9-Aug,7,2.673076159,2.727450266,0.445362988,1
8-Jul,4,2.676811076,2.127843228,0.445985265,1
5-Apr,1,2.677074607,3.071829509,0.446029172,1
6-May,3,2.677238729,2.022545096,0.446056517,1
8-Jul,8,2.677585626,2.798536553,0.446114314,1
7-Jun,6,2.678518513,2.361409626,0.446269743,1
7-Jun,3,2.679101767,2.903270773,0.446366919,1
9-Aug,2,2.680469485,2.686721467,0.446594795,1
7-Jun,4,2.684104102,2.557369218,0.447200361,1
6-May,7,2.685738231,2.799439147,0.447472625,1
6-May,6,2.689255677,2.935100659,0.448058669,1
7-Jun,6,2.689515599,2.062153475,0.448101974,1
6-May,1,2.695103894,2.62039818,0.449033044,1
9-Aug,7,2.695507255,1.756561475,0.449100248,1
9-Aug,4,2.696449339,2.459756971,0.449257209,1
8-Jul,4,2.699019784,2.940144968,0.449685473,1
9-Aug,7,2.700633554,3.222087825,0.449954344,1
6-May,1,2.700718006,2.437814147,0.449968415,1
6-May,4,2.701823028,2.684104102,0.450152523,1
8-Jul,8,2.704349657,2.999959419,0.450573487,1
7-Jun,8,2.710882236,3.038988008,0.451661884,1
8-Jul,8,2.711949974,2.656765421,0.45183978,1
6-May,6,2.712212666,2.689515599,0.451883548,1
8-Jul,5,2.716440655,2.550458782,0.452587976,1
7-Jun,4,2.717907473,0.489191074,0.452832363,1
8-Jul,3,2.719815026,3.857047701,0.453150182,1
8-Jul,1,2.721629612,3.128751107,0.453452511,1
8-Jul,1,2.722489525,2.093956049,0.453595782,1
6-May,2,2.723447087,2.475941604,0.453755322,1
7-Jun,1,2.723976734,2.629405858,0.453843567,1
7-Jun,8,2.724315868,2.825129056,0.45390007,1
8-Jul,1,2.730501464,2.798258945,0.454930656,1
7-Jun,4,2.731534423,2.79476493,0.455102758,1
9-Aug,4,2.735182389,2.699495116,0.455710548,1
5-Apr,4,2.736622296,3.353202373,0.455950452,1
9-Aug,3,2.737964991,3.318802661,0.45617416,1
7-Jun,6,2.743307383,0.893963839,0.457064259,1
5-Apr,3,2.746002433,2.791166146,0.457513283,1
6-May,7,2.751594295,2.878349699,0.458444947,1
5-Apr,2,2.752616556,2.886484193,0.458615267,1
9-Aug,7,2.761796265,2.969539515,0.460144704,1
5-Apr,2,2.762728601,3.524350225,0.460300041,1
6-May,8,2.763288907,2.710882236,0.460393394,1
8-Jul,8,2.763770546,2.974611654,0.46047364,1
7-Jun,5,2.768368728,2.914604828,0.461239746,1
9-Aug,8,2.780219412,2.612073436,0.463214197,1
8-Jul,7,2.781675036,2.761796265,0.463456719,1
5-Apr,4,2.782665642,3.417591953,0.463621765,1
8-Jul,1,2.78292852,2.916478585,0.463665563,1
6-May,1,2.783050866,2.56907654,0.463685947,1
8-Jul,6,2.78325723,2.658420914,0.46372033,1
8-Jul,7,2.788846866,2.971186189,0.464651623,1
6-May,3,2.791166146,NA,0,0
8-Jul,4,2.79476493,3.044594443,0.465637635,1
5-Apr,4,2.797448691,3.126047478,0.466084778,1
9-Aug,1,2.798258945,3.401015919,0.466219775,1
9-Aug,8,2.798536553,2.846594758,0.466266028,1
8-Jul,4,2.799193244,2.696449339,0.466375439,1
7-Jun,7,2.799439147,2.998749541,0.466416409,1
5-Apr,3,2.800183694,3.126786929,0.466540459,1
7-Jun,6,2.800210884,3.101486768,0.466544989,1
7-Jun,4,2.801234463,2.676811076,0.466715528,1
6-May,1,2.805175405,3.217184431,0.467372131,1
9-Aug,6,2.805862327,2.891716734,0.46748658,1
8-Jul,2,2.808520085,2.472055097,0.467929391,1
7-Jun,2,2.81041416,2.808520085,0.468244964,1
7-Jun,4,2.817725783,3.068866579,0.469463158,1
9-Aug,7,2.821644477,3.271070876,0.470116054,1
8-Jul,8,2.825129056,2.641481083,0.470696622,1
9-Aug,1,2.825612246,2.193597101,0.470777127,1
7-Jun,1,2.825669412,3.091232544,0.470786651,1
6-May,1,2.829490537,2.947911137,0.471423291,1
7-Jun,5,2.831437478,3.071334994,0.471747673,1
5-Apr,3,2.833931668,3.146132567,0.472163231,1
7-Jun,4,2.835278155,3.024928314,0.47238757,1
7-Jun,4,2.836587276,2.53212448,0.472605684,1
7-Jun,6,2.840608625,2.374163989,0.473275683,1
9-Aug,7,2.842378512,3.233306526,0.473570565,1
8-Jul,8,2.843776687,3.011897421,0.473803516,1
6-May,4,2.847644153,2.835278155,0.474447877,1
5-Apr,4,2.857033462,3.071396504,0.476012236,1
6-May,1,2.860376301,2.825669412,0.476569189,1
7-Jun,8,2.863955401,3.205120721,0.477165505,1
7-Jun,1,2.866576573,2.515704998,0.47760222,1
8-Jul,3,2.868867461,2.629501686,0.477983907,1
9-Aug,8,2.869157837,0.937165127,0.478032287,1
8-Jul,8,2.870392328,2.894992129,0.478237966,1
7-Jun,4,2.871509427,1.183438683,0.478424087,1
9-Aug,3,2.873678439,2.231851489,0.478785467,1
5-Apr,4,2.876246078,3.275696346,0.479213263,1
7-Jun,7,2.878349699,3.34630475,0.479563749,1
9-Aug,8,2.880819076,3.071146277,0.479975173,1
6-May,2,2.886484193,2.317863913,0.480919042,1
8-Jul,6,2.888243986,2.501001377,0.481212242,1
7-Jun,3,2.888637243,3.396970391,0.481277763,1
7-Jun,3,2.891839874,3.11239042,0.481811356,1
7-Jun,6,2.892568661,3.698980478,0.481932779,1
5-Apr,4,2.893122612,3.750203742,0.482025074,1
9-Aug,7,2.894017746,2.704449985,0.482174212,1
9-Aug,8,2.894992129,3.031154952,0.482336555,1
9-Aug,6,2.900533768,2.929080297,0.483259851,1
5-Apr,4,2.9017046,3.807691012,0.483454924,1
8-Jul,3,2.903270773,2.873678439,0.483715865,1
6-May,1,2.907255595,3.067340248,0.484379779,1
7-Jun,1,2.911763746,2.722489525,0.485130885,1
8-Jul,5,2.914604828,3.382561738,0.48560424,1
9-Aug,1,2.916478585,3.027202708,0.485916428,1
9-Aug,5,2.91927001,2.026669605,0.486381509,1
6-May,4,2.922838414,3.064808699,0.486976043,1
5-Apr,2,2.932551281,2.991142442,0.48859431,1
7-Jun,6,2.935100659,3.131277598,0.489019064,1
9-Aug,4,2.940144968,3.456937485,0.489859499,1
5-Apr,1,2.943234544,3.363604784,0.490374256,1
6-May,8,2.943623789,3.176901768,0.490439108,1
7-Jun,1,2.947911137,3.087910345,0.491153426,1
8-Jul,5,2.948290592,3.238047719,0.491216647,1
7-Jun,3,2.949824191,3.159720301,0.491472161,1
9-Aug,4,2.960702972,3.139639901,0.493284682,1
9-Aug,3,2.971115846,3.25828452,0.495019578,1
5-Apr,2,2.971180329,0.869686525,0.495030321,1
9-Aug,7,2.971186189,2.794042575,0.495031298,1
9-Aug,8,2.974110322,3.222643304,0.49551849,1
7-Jun,8,2.974338764,3.252312283,0.49555655,1
9-Aug,8,2.974611654,2.736666544,0.495602017,1
5-Apr,3,2.977601781,2.677238729,0.496100204,1
8-Jul,8,2.981855499,4.067956475,0.496808919,1
6-May,2,2.991142442,NA,0,0
9-Aug,6,2.992011978,2.567032532,0.498501096,1
5-Apr,2,2.996749124,3.385552279,0.499290355,1
8-Jul,7,2.998749541,3.093009728,0.499623646,1
9-Aug,8,2.999959419,2.955725272,0.499825225,1
8-Jul,5,3.000625075,NA,0,0
7-Jun,5,3.002937092,2.153010222,0.500321337,1
6-May,6,3.007467699,2.743307383,0.501076184,1
7-Jun,4,3.011352241,3.136234461,0.50172339,1
6-May,4,3.011640195,2.731534423,0.501771367,1
9-Aug,8,3.011897421,3.660560429,0.501814223,1
6-May,6,3.015364397,2.840608625,0.502391858,1
7-Jun,1,3.023676511,3.218517494,0.503776745,1
8-Jul,4,3.024928314,3.37805516,0.503985309,1
5-Apr,3,3.032428957,3.158027017,0.505234996,1
8-Jul,8,3.038988008,2.880819076,0.506327804,1
9-Aug,4,3.044594443,1.959756825,0.507261896,1
6-May,3,3.04791426,3.09671896,0.507815013,1
9-Aug,3,3.050049699,3.302713499,0.508170799,1
7-Jun,4,3.064808699,3.417798892,0.510629806,1
7-Jun,1,3.067340248,3.416167419,0.511051589,1
8-Jul,4,3.068866579,3.27439441,0.511305892,1
9-Aug,2,3.070392872,3.842365797,0.511560189,1
8-Jul,5,3.071334994,3.512520657,0.511717157,1
6-May,4,3.071396504,2.801234463,0.511727405,1
6-May,1,3.071829509,2.723976734,0.511799548,1
5-Apr,1,3.079330925,3.415850781,0.513049364,1
6-May,4,3.081010269,2.871509427,0.513329161,1
6-May,3,3.082448307,3.327145626,0.513568753,1
5-Apr,2,3.08259721,2.427715899,0.513593562,1
8-Jul,1,3.087910345,3.277671559,0.514478787,1
9-Aug,1,3.088947708,3.69084015,0.514651622,1
8-Jul,1,3.091232544,3.438350414,0.515032301,1
9-Aug,7,3.093009728,3.265319388,0.515328398,1
7-Jun,3,3.09671896,3.360193579,0.515946396,1
8-Jul,6,3.101486768,3.45428867,0.516740764,1
8-Jul,3,3.11239042,3.050049699,0.518557428,1
6-May,4,3.126047478,2.5659553,0.52083284,1
6-May,1,3.126207511,3.239073742,0.520859503,1
8-Jul,1,3.126781992,3.425613317,0.520955218,1
6-May,3,3.126786929,3.153521723,0.52095604,1
6-May,5,3.127844995,3.235141206,0.521132325,1
9-Aug,1,3.128751107,4.368498333,0.521283293,1
8-Jul,6,3.131277598,2.900533768,0.521704233,1
8-Jul,4,3.136234461,2.339242165,0.5225301,1
6-May,3,3.146132567,3.155305623,0.52417923,1
7-Jun,8,3.14861632,3.341825423,0.524593049,1
6-May,1,3.148739159,3.023676511,0.524613516,1
5-Apr,2,3.151330998,3.251258774,0.525045344,1
7-Jun,3,3.153521723,3.983425401,0.525410342,1
7-Jun,3,3.155305623,2.719815026,0.525707559,1
6-May,3,3.158027017,3.339004686,0.526160972,1
8-Jul,3,3.159720301,3.348029968,0.526443091,1
9-Aug,1,3.166382359,3.809245087,0.527553061,1
5-Apr,4,3.172151603,3.54601734,0.528514278,1
7-Jun,8,3.176901768,3.804418422,0.529305707,1
8-Jul,2,3.190488208,3.070392872,0.531569352,1
8-Jul,1,3.198431759,3.604695071,0.532892833,1
8-Jul,8,3.205120721,3.437301646,0.534007285,1
8-Jul,5,3.207475625,2.91927001,0.534399637,1
5-Apr,1,3.209048918,3.225982563,0.534661765,1
7-Jun,4,3.209155509,3.883067336,0.534679524,1
6-May,8,3.210353406,3.571012656,0.534879106,1
6-May,4,3.215816244,1.251259427,0.535789273,1
6-May,3,3.216197629,3.630942616,0.535852816,1
7-Jun,1,3.217184431,3.198431759,0.536017228,1
8-Jul,1,3.218517494,3.166382359,0.53623933,1
6-May,1,3.225982563,2.559848478,0.53748309,1
6-May,4,3.228547699,2.817725783,0.537910469,1
7-Jun,5,3.235141206,3.651591378,0.539009018,1
9-Aug,5,3.238047719,3.129994151,0.539493274,1
7-Jun,1,3.239073742,3.340685733,0.53966422,1
7-Jun,5,3.240209272,3.541662711,0.539853412,1
8-Jul,3,3.24074943,3.919825947,0.539943408,1
8-Jul,5,3.242717153,3.500090242,0.540271251,1
6-May,4,3.242962801,2.139890502,0.540312179,1
5-Apr,4,3.248022499,3.754623736,0.541155179,1
6-May,5,3.249260299,3.594615868,0.541361409,1
6-May,1,3.249756486,2.600500171,0.541444079,1
6-May,6,3.250680796,3.293208179,0.541598079,1
6-May,2,3.251258774,2.503382854,0.541694377,1
8-Jul,8,3.252312283,3.493067969,0.541869902,1
6-May,5,3.264629407,2.015345176,0.543922067,1
9-Aug,4,3.27439441,3.583999102,0.54554902,1
6-May,4,3.275696346,2.836587276,0.545765937,1
9-Aug,1,3.277671559,3.556333613,0.546095028,1
6-May,8,3.278804346,3.33349504,0.546283763,1
7-Jun,2,3.284979481,3.38094863,0.547312606,1
5-Apr,1,3.292721169,3.777737881,0.548602454,1
8-Jul,4,3.293193436,3.74149979,0.548681138,1
7-Jun,6,3.293208179,1.476692984,0.548683595,1
5-Apr,1,3.297323349,3.560938255,0.549369226,1
8-Jul,3,3.301604373,5.245111935,0.55008249,1
5-Apr,2,3.306040238,3.765666471,0.550821553,1
8-Jul,1,3.321055967,2.825612246,0.553323333,1
7-Jun,3,3.327145626,2.338074349,0.554337935,1
7-Jun,8,3.33349504,3.565122743,0.555395815,1
5-Apr,3,3.335415865,3.082448307,0.555715845,1
7-Jun,3,3.339004686,3.24074943,0.556313781,1
8-Jul,1,3.340685733,3.56103997,0.556593861,1
8-Jul,8,3.341825423,3.524449627,0.556783746,1
8-Jul,7,3.34630475,3.796235776,0.55753005,1
9-Aug,3,3.348029968,3.498393307,0.557817489,1
6-May,4,3.353202373,3.416403893,0.558679267,1
8-Jul,3,3.360193579,3.666694705,0.559844077,1
6-May,1,3.363604784,2.127049108,0.56041242,1
8-Jul,4,3.369847357,3.411009502,0.561452499,1
8-Jul,3,3.371649727,4.219095654,0.561752793,1
9-Aug,4,3.37805516,3.548600216,0.562820006,1
8-Jul,2,3.38094863,3.552519893,0.563302089,1
9-Aug,5,3.382561738,3.683474102,0.56357085,1
8-Jul,3,3.396970391,4.00227761,0.565971486,1
7-Jun,8,3.409577702,2.981855499,0.568071998,1
9-Aug,4,3.411009502,3.636068569,0.568310551,1
5-Apr,4,3.414127686,3.242962801,0.568830074,1
6-May,1,3.415850781,2.911763746,0.56911716,1
8-Jul,1,3.416167419,3.741006446,0.569169915,1
7-Jun,4,3.416403893,3.423601012,0.569209314,1
6-May,4,3.417591953,3.505454606,0.569407258,1
7-Jun,5,3.417731547,3.000625075,0.569430516,1
8-Jul,4,3.417798892,3.678354705,0.569441736,1
5-Apr,4,3.419585061,3.935170554,0.569739331,1
8-Jul,4,3.423601012,2.213869942,0.570408431,1
6-May,6,3.424396998,2.892568661,0.570541051,1
9-Aug,1,3.425613317,3.797554165,0.570743702,1
9-Aug,8,3.437301646,3.929664095,0.572691103,1
9-Aug,1,3.438350414,3.5692627,0.572865839,1
9-Aug,6,3.45428867,3.488035992,0.575521322,1
5-Apr,4,3.455666556,3.215816244,0.575750892,1
7-Jun,1,3.456185199,3.321055967,0.575837304,1
6-May,5,3.456742995,3.871957836,0.575930239,1
6-May,2,3.464317319,2.81041416,0.577192202,1
7-Jun,4,3.466424916,3.369847357,0.57754335,1
6-May,6,3.470199232,4.207705029,0.578172191,1
7-Jun,4,3.486856187,4.096203234,0.580947418,1
5-Apr,1,3.491010424,3.249756486,0.581639558,1
9-Aug,8,3.493067969,3.783843976,0.581982367,1
8-Jul,1,3.494219696,3.547709619,0.582174257,1
9-Aug,5,3.500090242,4.187991782,0.583152352,1
9-Aug,4,3.504011812,3.142911769,0.583805728,1
7-Jun,4,3.505454606,3.293193436,0.584046112,1
9-Aug,6,3.509757513,NA,0,0
6-May,4,3.509940944,0.543001351,0.584793584,1
9-Aug,5,3.512520657,4.483258117,0.585223392,1
6-May,5,3.512544018,3.240209272,0.585227284,1
6-May,5,3.518009087,3.866628848,0.586137823,1
6-May,2,3.51919213,0.944802691,0.58633493,1
6-May,2,3.524350225,2.402696178,0.587194324,1
9-Aug,8,3.524449627,3.449778397,0.587210885,1
5-Apr,3,3.527498998,4.168125305,0.587718943,1
7-Jun,4,3.534326212,4.059871379,0.58885643,1
8-Jul,5,3.541662711,3.686950116,0.590078769,1
6-May,4,3.54601734,3.486856187,0.590804296,1
9-Aug,1,3.547709619,3.657126631,0.591086248,1
9-Aug,7,3.551898014,2.670469082,0.591784079,1
9-Aug,2,3.552519893,2.214939318,0.591887691,1
6-May,1,3.560938255,3.603450186,0.59329028,1
9-Aug,1,3.56103997,3.985992421,0.593307227,1
7-Jun,3,3.563455149,2.868867461,0.593709621,1
5-Apr,2,3.564019826,3.51919213,0.593803703,1
8-Jul,8,3.565122743,3.740235806,0.59398746,1
7-Jun,8,3.571012656,3.791703479,0.594968783,1
7-Jun,1,3.577607647,3.723795631,0.596067578,1
6-May,6,3.581030261,2.657925457,0.596637822,1
5-Apr,2,3.584118704,4.030792252,0.59715239,1
7-Jun,5,3.594615868,3.242717153,0.598901329,1
7-Jun,1,3.603450186,3.494219696,0.600373221,1
9-Aug,1,3.604695071,4.150706678,0.600580632,1
9-Aug,6,3.616335861,NA,0,0
9-Aug,1,3.61787099,3.772198815,0.602775881,1
7-Jun,3,3.630942616,2.614775259,0.604953753,1
6-May,8,3.646052567,3.409577702,0.607471232,1
8-Jul,5,3.651591378,2.359140517,0.608394057,1
5-Apr,4,3.652392404,4.135225556,0.608527516,1
7-Jun,1,3.657423052,3.126781992,0.609365676,1
9-Aug,3,3.666694705,3.555491574,0.610910432,1
9-Aug,4,3.678354705,3.911530883,0.612853112,1
9-Aug,5,3.686950116,3.081509432,0.6142852,1
8-Jul,6,3.698980478,NA,0,0
8-Jul,1,3.723795631,3.61787099,0.620424055,1
9-Aug,4,3.724437205,3.663936762,0.620530948,1
9-Aug,4,3.733071683,3.474091894,0.621969544,1
6-May,5,3.733700289,1.98302123,0.622074277,1
9-Aug,8,3.740235806,3.72474697,0.623163164,1
9-Aug,1,3.741006446,4.331446561,0.62329156,1
9-Aug,4,3.74149979,3.941099724,0.623373757,1
6-May,4,3.750203742,3.466424916,0.624823928,1
5-Apr,4,3.754165931,4.155020046,0.625484071,1
6-May,4,3.754623736,3.011352241,0.625560346,1
6-May,2,3.765666471,1.606940804,0.627400184,1
6-May,1,3.777737881,2.866576573,0.629411409,1
9-Aug,8,3.789469827,2.215177206,0.631366076,1
8-Jul,8,3.791703479,3.789469827,0.631738227,1
9-Aug,7,3.796235776,4.668416058,0.632493356,1
7-Jun,4,3.798378333,3.904195654,0.632850329,1
8-Jul,8,3.804418422,4.179826294,0.633856672,1
9-Aug,5,3.807039898,NA,0,0
6-May,4,3.807691012,3.798378333,0.63440192,1
5-Apr,1,3.809013841,4.204400675,0.634622318,1
8-Jul,8,3.816736299,NA,0,0
6-May,1,3.830065412,3.657423052,0.638129734,1
5-Apr,1,3.833083464,3.830065412,0.638632573,1
6-May,3,3.839487126,3.894281277,0.639699492,1
6-May,4,3.844081291,3.209155509,0.640464929,1
6-May,5,3.850590127,3.002937092,0.64154937,1
9-Aug,3,3.857047701,4.053619749,0.642625271,1
7-Jun,5,3.866628848,3.207475625,0.644221592,1
7-Jun,5,3.871957836,4.270438678,0.645109458,1
7-Jun,7,3.879686053,3.979397552,0.646397062,1
6-May,1,3.882675889,3.577607647,0.6468952,1
8-Jul,4,3.883067336,3.504011812,0.646960419,1
7-Jun,4,3.885126559,4.058741204,0.647303508,1
7-Jun,3,3.894281277,4.153651881,0.648828782,1
8-Jul,4,3.904195654,4.026736126,0.650480622,1
9-Aug,4,3.904841038,4.280134801,0.65058815,1
9-Aug,3,3.919825947,4.120456807,0.653084796,1
5-Apr,1,3.923637822,5.056035994,0.653719895,1
5-Apr,3,3.929110502,3.839487126,0.654631702,1
9-Aug,1,3.931627425,3.778450451,0.655051048,1
8-Jul,3,3.933383012,5.149967586,0.655343547,1
6-May,4,3.935170554,1.510496315,0.655641371,1
6-May,7,3.950941313,3.879686053,0.658268948,1
9-Aug,3,3.966284216,5.014092179,0.660825239,1
8-Jul,7,3.979397552,3.551898014,0.66301006,1
8-Jul,3,3.983425401,3.966284216,0.663681143,1
5-Apr,4,3.99718149,4.585265492,0.665973054,1
9-Aug,3,4.00227761,5.052536454,0.666822122,1
9-Aug,4,4.026736126,4.513739944,0.670897172,1
8-Jul,6,4.028737397,3.509757513,0.671230605,1
6-May,2,4.030792252,3.284979481,0.671572965,1
9-Aug,5,4.039024113,4.461786577,0.672944481,1
8-Jul,6,4.043806855,3.616335861,0.673741337,1
8-Jul,4,4.058741204,3.733071683,0.676229559,1
8-Jul,4,4.059871379,4.14166826,0.676417858,1
9-Aug,8,4.067956475,NA,0,0
8-Jul,7,4.073076945,4.766604756,0.678618046,1
8-Jul,1,4.093984549,5.181119701,0.682101476,1
8-Jul,4,4.096203234,3.904841038,0.682471132,1
8-Jul,1,4.111309428,4.422935087,0.684987985,1
5-Apr,1,4.111401596,4.676899601,0.685003342,1
8-Jul,4,4.131077022,4.902855609,0.688281477,1
6-May,4,4.135225556,3.885126559,0.688972667,1
8-Jul,1,4.136853764,5.896874108,0.689243944,1
9-Aug,4,4.14166826,4.487094324,0.690046091,1
6-May,8,4.151821952,4.860094095,0.691737804,1
8-Jul,3,4.153651881,4.453433418,0.69204269,1
6-May,7,4.153901983,4.262473069,0.692084359,1
6-May,4,4.155020046,3.534326212,0.69227064,1
8-Jul,6,4.158385632,4.461565253,0.692831383,1
6-May,3,4.168125305,4.404864424,0.694454116,1
7-Jun,5,4.173425951,4.390649744,0.69533726,1
9-Aug,8,4.179826294,4.320460789,0.696403626,1
5-Apr,3,4.202260578,4.687984918,0.700141417,1
6-May,1,4.204400675,3.456185199,0.70049798,1
7-Jun,6,4.207705029,4.158385632,0.70104852,1
9-Aug,3,4.219095654,3.940046957,0.70294632,1
5-Apr,3,4.228421712,4.517091275,0.704500141,1
7-Jun,7,4.262473069,4.073076945,0.71017346,1
8-Jul,5,4.270438678,4.58409593,0.711500615,1
5-Apr,4,4.275294302,3.844081291,0.712309614,1
8-Jul,3,4.300837091,4.669491862,0.716565315,1
7-Jun,1,4.308097795,4.093984549,0.717775026,1
7-Jun,1,4.312307629,4.111309428,0.718476429,1
8-Jul,4,4.32584325,6.776445514,0.720731608,1
5-Apr,3,4.387692532,5.268772665,0.731036357,1
8-Jul,5,4.390649744,3.807039898,0.73152906,1
8-Jul,5,4.396357822,4.039024113,0.732480087,1
7-Jun,3,4.404864424,3.301604373,0.733897378,1
9-Aug,1,4.422935087,4.344163775,0.736908143,1
5-Apr,2,4.425260122,2.148238873,0.737295518,1
9-Aug,3,4.453433418,4.147882773,0.74198949,1
9-Aug,6,4.461565253,4.91145768,0.74334434,1
5-Apr,4,4.47515478,5.26801906,0.7456085,1
6-May,6,4.495392431,4.912812583,0.748980309,1
7-Jun,6,4.502887916,4.043806855,0.750229137,1
6-May,3,4.517091275,NA,0,0
5-Apr,3,4.521324743,4.530533728,0.753300908,1
6-May,3,4.530533728,4.684000428,0.754835224,1
7-Jun,3,4.531029339,2.451857943,0.754917798,1
7-Jun,8,4.540921049,3.816736299,0.756565862,1
8-Jul,7,4.547320477,4.613065176,0.757632075,1
6-May,6,4.555967817,5.475520416,0.759072814,1
5-Apr,4,4.565794797,3.509940944,0.760710094,1
9-Aug,5,4.58409593,4.498379595,0.763759258,1
6-May,5,4.607109178,4.621842463,0.76759351,1
5-Apr,1,4.611959773,5.859013836,0.768401671,1
9-Aug,7,4.613065176,0.655623035,0.768585843,1
7-Jun,5,4.621842463,4.86780708,0.770048232,1
6-May,5,4.646192795,4.173425951,0.774105257,1
9-Aug,3,4.669491862,4.929013887,0.77798713,1
6-May,1,4.676899601,4.312307629,0.779221339,1
7-Jun,3,4.684000428,3.933383012,0.780404412,1
6-May,3,4.687984918,3.563455149,0.781068271,1
9-Aug,7,4.766604756,5.261173575,0.794167174,1
6-May,6,4.781262933,4.502887916,0.796609382,1
6-May,4,4.783594067,2.717907473,0.796997774,1
5-Apr,4,4.819597029,4.783594067,0.802996252,1
7-Jun,8,4.860094095,5.256296988,0.809743494,1
8-Jul,5,4.86780708,5.025061289,0.81102856,1
6-May,8,4.886768845,4.540921049,0.814187792,1
7-Jun,7,4.89476184,4.547320477,0.81551951,1
5-Apr,4,4.900396137,6.335837624,0.816458244,1
8-Jul,5,4.901838602,4.999956121,0.816698574,1
9-Aug,4,4.902855609,4.625612341,0.816868019,1
7-Jun,6,4.912812583,4.028737397,0.818526957,1
7-Jun,5,4.923966242,4.901838602,0.820385275,1
5-Apr,3,4.927169301,5.840758856,0.820918939,1
6-May,5,4.94004416,6.394760468,0.823064028,1
7-Jun,1,4.948749723,4.136853764,0.824514467,1
9-Aug,5,4.999956121,5.026180191,0.833045999,1
6-May,5,5.005589985,4.923966242,0.833984661,1
8-Jul,4,5.011766235,6.321149177,0.83501369,1
9-Aug,5,5.025061289,4.671607257,0.837228788,1
6-May,1,5.056035994,4.308097795,0.842389504,1
5-Apr,4,5.064457034,6.9,0.843792539,1
8-Jul,4,5.066014565,5.164270036,0.84405204,1
9-Aug,3,5.099620753,0.569090694,0.84965119,1
9-Aug,3,5.149967586,5.939322248,0.858039509,1
9-Aug,4,5.164270036,5.424177749,0.860422449,1
9-Aug,1,5.181119701,4.624480982,0.863229783,1
7-Jun,4,5.191526078,6.494365762,0.864963597,1
9-Aug,3,5.245111935,6.197541464,0.873891572,1
8-Jul,8,5.256296988,5.657494014,0.875755121,1
6-May,4,5.26801906,5.443246099,0.877708143,1
6-May,3,5.268772665,5.376836386,0.877833702,1
6-May,8,5.275690071,4.08814258,0.878986215,1
8-Jul,2,5.327809471,5.478903261,0.887669863,1
9-Aug,3,5.345366292,2.94972735,0.890595016,1
5-Apr,4,5.356304029,6.017817002,0.89241736,1
7-Jun,3,5.376836386,5.394650072,0.89583827,1
8-Jul,3,5.394650072,5.698429022,0.89880622,1
6-May,7,5.434479346,4.89476184,0.905442201,1
7-Jun,4,5.443246099,4.131077022,0.906902836,1
5-Apr,4,5.462113821,6.431059977,0.9100464,1
7-Jun,6,5.475520416,6.002042657,0.912280081,1
9-Aug,2,5.478903261,5.533751458,0.912843699,1
9-Aug,8,5.657494014,6.360706586,0.942598823,1
9-Aug,3,5.698429022,5.558594744,0.949419032,1
6-May,3,5.840758856,5.934207408,0.973132699,1
6-May,1,5.859013836,4.948749723,0.976174174,1
8-Jul,3,5.878666653,5.345366292,0.979448543,1
7-Jun,4,5.881547979,5.011766235,0.979928602,1
9-Aug,1,5.896874108,6.031384843,0.982482099,1
5-Apr,3,5.91180572,6.116509972,0.984969865,1
7-Jun,3,5.934207408,5.878666653,0.988702225,1
7-Jun,4,5.966203828,4.32584325,0.994033169,1
8-Jul,6,6.002042657,6.542813411,1.0000043,1
6-May,4,6.017817002,5.881547979,1.002632474,1
9-Aug,4,6.036020011,2.829836212,1.00566529,1
7-Jun,3,6.048503481,3.371649727,1.007745169,1
6-May,3,6.116509972,6.048503481,1.019075775,1
9-Aug,4,6.321149177,6.434243902,1.053170849,1
6-May,4,6.335837624,5.966203828,1.055618101,1
8-Jul,4,6.367438066,6.555876812,1.060883071,1
7-Jun,5,6.394760468,4.396357822,1.065435275,1
6-May,4,6.431059977,6.645043349,1.07148316,1
8-Jul,4,6.494365762,6.036020011,1.082030579,1
9-Aug,6,6.542813411,6.218055091,1.090102474,1
9-Aug,4,6.555876812,4.523630019,1.092278976,1
7-Jun,4,6.590946105,6.9,1.098121894,1
7-Jun,4,6.645043349,6.367438066,1.107135071,1
9-Aug,4,6.776445514,6.56476024,1.129028073,1
5-Apr,4,6.9,6.9,1.198994925,1
8-Jul,4,6.9,6.9,1.214829072,1
6-May,4,6.9,5.191526078,1.250833428,1
5-Apr,3,6.9,6.9,1.274805665,1
6-May,3,6.9,4.531029339,1.276073428,1
6-May,4,6.9,6.590946105,1.277530644,1
9-Aug,4,6.9,6.9,1.294416851,1
