"","quad","year","trackID","area.t1","area.t0","age","allEdge","distEdgeMin","QuadName","Grazing","paddock","Group","Treatment"
"1","Q1",2014,1,19.0915666706585,27.524940915213,3,0,30.8056,"E1 Q1","UG",NA,"E1","Control"
"2","Q1",2014,2,7.95739863284251,0.25,3,0,15.4764487962054,"E1 Q1","UG",NA,"E1","Control"
"3","Q1",2015,2,0.250000000000004,7.95739863284251,4,0,12.496541,"E1 Q1","UG",NA,"E1","Control"
"4","Q19",2007,2,125.729754840122,67.8939492227805,1,0,9.26987099999999,"P7 E1 Q1","UG",NA,"P7E1","Control"
"5","Q19",2007,3,540.256712443432,362.754107313743,1,0,0,"P7 E1 Q1","UG",NA,"P7E1","Control"
"6","Q19",2007,4,195.250537911715,217.36189856249,1,0,0,"P7 E1 Q1","UG",NA,"P7E1","Control"
"7","Q19",2008,2,217.760329461375,125.729754840122,2,0,7.14590099999999,"P7 E1 Q1","UG",NA,"P7E1","Control"
"8","Q19",2008,3,683.553560620507,540.256712443432,2,0,0,"P7 E1 Q1","UG",NA,"P7E1","Control"
"9","Q19",2008,4,324.864068148037,195.250537911715,2,0,0,"P7 E1 Q1","UG",NA,"P7E1","Control"
"10","Q19",2009,1,169.540228408513,142.485545496672,3,0,1.16891099999999,"P7 E1 Q1","UG",NA,"P7E1","Control"
"11","Q19",2009,2,231.576975471064,217.760329461375,3,0,2.396461,"P7 E1 Q1","UG",NA,"P7E1","Control"
"12","Q19",2009,3,280.504457673631,683.553560620507,3,0,0,"P7 E1 Q1","UG",NA,"P7E1","Control"
"13","Q19",2009,4,378.274590474767,324.864068148037,3,0,0,"P7 E1 Q1","UG",NA,"P7E1","Control"
"14","Q19",2010,1,171.619178411954,169.540228408513,4,0,0,"P7 E1 Q1","UG",NA,"P7E1","Control"
"15","Q19",2010,2,299.374764987149,231.576975471064,4,0,0,"P7 E1 Q1","UG",NA,"P7E1","Control"
"16","Q19",2010,3,318.138752868593,280.504457673631,4,0,0,"P7 E1 Q1","UG",NA,"P7E1","Control"
"17","Q19",2010,4,324.154787043757,378.274590474767,4,0,0,"P7 E1 Q1","UG",NA,"P7E1","Control"
"18","Q19",2011,1,85.247371042746,171.619178411954,5,0,0,"P7 E1 Q1","UG",NA,"P7E1","Control"
"19","Q19",2011,2,292.326169075649,299.374764987149,5,0,4.994832,"P7 E1 Q1","UG",NA,"P7E1","Control"
"20","Q19",2011,3,406.458427885378,318.138752868593,5,0,0,"P7 E1 Q1","UG",NA,"P7E1","Control"
"21","Q19",2011,4,103.348783001933,324.154787043757,5,0,0,"P7 E1 Q1","UG",NA,"P7E1","Control"
"22","Q19",2012,1,47.4408525082445,85.247371042746,6,0,0,"P7 E1 Q1","UG",NA,"P7E1","Control"
"23","Q19",2012,2,400.645974671233,292.326169075649,6,0,3.05201600000001,"P7 E1 Q1","UG",NA,"P7E1","Control"
"24","Q19",2012,3,427.302297963722,406.458427885378,6,0,0,"P7 E1 Q1","UG",NA,"P7E1","Control"
"25","Q19",2012,4,286.587163604736,103.348783001933,6,0,0.0141249999999928,"P7 E1 Q1","UG",NA,"P7E1","Control"
"26","Q19",2013,1,171.556114522579,47.4408525082445,7,0,0,"P7 E1 Q1","UG",NA,"P7E1","Control"
"27","Q19",2013,2,492.01907013981,400.645974671233,7,0,0,"P7 E1 Q1","UG",NA,"P7E1","Control"
"28","Q19",2013,3,482.028170211836,427.302297963722,7,0,0,"P7 E1 Q1","UG",NA,"P7E1","Control"
"29","Q19",2013,4,183.008225952889,286.587163604736,7,0,0,"P7 E1 Q1","UG",NA,"P7E1","Control"
"30","Q19",2014,1,151.627519414876,171.556114522579,8,0,0,"P7 E1 Q1","UG",NA,"P7E1","Control"
"31","Q19",2014,2,493.485409734544,492.01907013981,8,0,0.576719999999995,"P7 E1 Q1","UG",NA,"P7E1","Control"
"32","Q19",2014,3,432.214893520995,482.028170211836,8,0,0,"P7 E1 Q1","UG",NA,"P7E1","Control"
"33","Q19",2014,4,390.058518751451,183.008225952889,8,0,0,"P7 E1 Q1","UG",NA,"P7E1","Control"
"34","Q19",2015,1,209.614984278238,151.627519414876,9,0,0,"P7 E1 Q1","UG",NA,"P7E1","Control"
"35","Q19",2015,2,576.497935932541,493.485409734544,9,0,0.604009000000005,"P7 E1 Q1","UG",NA,"P7E1","Control"
"36","Q19",2015,3,1026.75387424072,432.214893520995,9,0,0,"P7 E1 Q1","UG",NA,"P7E1","Control"
"37","Q19",2015,4,386.512057443075,390.058518751451,9,0,0,"P7 E1 Q1","UG",NA,"P7E1","Control"
"38","Q2",2007,1,126.631555354752,115.838580234405,1,0,1.053361,"E1 Q2","UG",NA,"E1","Control"
"39","Q2",2007,3,31.9008,16.738732941652,1,1,0,"E1 Q2","UG",NA,"E1","Control"
"40","Q2",2007,4,178.877898476612,187.487930855062,1,0,13.55495,"E1 Q2","UG",NA,"E1","Control"
"41","Q2",2007,6,206.162260283146,61.42312106011,1,0,0,"E1 Q2","UG",NA,"E1","Control"
"42","Q2",2007,7,188.328618,98.933545052819,1,0,0.036014,"E1 Q2","UG",NA,"E1","Control"
"43","Q2",2007,8,4144.007955765,3181.50014927858,1,0,0,"E1 Q2","UG",NA,"E1","Control"
"44","Q2",2008,1,154.351939781059,126.631555354752,2,0,1.295314,"E1 Q2","UG",NA,"E1","Control"
"45","Q2",2008,3,47.086499552461,31.9008,2,0,0.49,"E1 Q2","UG",NA,"E1","Control"
"46","Q2",2008,4,313.288102889984,178.877898476612,2,0,11.416181,"E1 Q2","UG",NA,"E1","Control"
"47","Q2",2008,6,248.419253474301,206.162260283146,2,0,0,"E1 Q2","UG",NA,"E1","Control"
"48","Q2",2008,7,186.229268521715,188.328618,2,0,0,"E1 Q2","UG",NA,"E1","Control"
"49","Q2",2008,8,3043.39470840672,4144.007955765,2,0,0,"E1 Q2","UG",NA,"E1","Control"
"50","Q2",2009,1,119.432205703822,154.351939781059,3,0,0.514412,"E1 Q2","UG",NA,"E1","Control"
"51","Q2",2009,3,69.880447555172,47.086499552461,3,0,0,"E1 Q2","UG",NA,"E1","Control"
"52","Q2",2009,4,308.22413533807,313.288102889984,3,0,10.060226,"E1 Q2","UG",NA,"E1","Control"
"53","Q2",2009,6,231.94132046613,248.419253474301,3,0,0,"E1 Q2","UG",NA,"E1","Control"
"54","Q2",2009,7,199.076802145825,186.229268521715,3,0,0,"E1 Q2","UG",NA,"E1","Control"
"55","Q2",2009,8,2966.09994820072,3043.39470840672,3,0,0,"E1 Q2","UG",NA,"E1","Control"
"56","Q2",2010,1,86.786131725773,119.432205703822,4,0,1.236208,"E1 Q2","UG",NA,"E1","Control"
"57","Q2",2010,3,62.822145032054,69.880447555172,4,0,0.043255,"E1 Q2","UG",NA,"E1","Control"
"58","Q2",2010,4,415.824246027902,308.22413533807,4,0,14.518446,"E1 Q2","UG",NA,"E1","Control"
"59","Q2",2010,6,245.892143231974,231.94132046613,4,0,0.043255,"E1 Q2","UG",NA,"E1","Control"
"60","Q2",2010,7,226.310210483975,199.076802145825,4,0,0,"E1 Q2","UG",NA,"E1","Control"
"61","Q2",2010,8,3448.85718383805,2966.09994820072,4,0,0,"E1 Q2","UG",NA,"E1","Control"
"62","Q2",2011,1,57.206902377793,86.786131725773,5,0,2.402816,"E1 Q2","UG",NA,"E1","Control"
"63","Q2",2011,3,82.406118773454,62.822145032054,5,0,0.074479,"E1 Q2","UG",NA,"E1","Control"
"64","Q2",2011,4,499.608411680199,415.824246027902,5,0,11.874918,"E1 Q2","UG",NA,"E1","Control"
"65","Q2",2011,6,289.971470158197,245.892143231974,5,0,0,"E1 Q2","UG",NA,"E1","Control"
"66","Q2",2011,7,282.96610044936,226.310210483975,5,0,0,"E1 Q2","UG",NA,"E1","Control"
"67","Q2",2011,8,3323.90128845427,3448.85718383805,5,0,0,"E1 Q2","UG",NA,"E1","Control"
"68","Q2",2012,1,46.194649958937,57.206902377793,6,0,2.585862,"E1 Q2","UG",NA,"E1","Control"
"69","Q2",2012,3,27.195728609787,82.406118773454,6,0,0,"E1 Q2","UG",NA,"E1","Control"
"70","Q2",2012,4,671.161255904267,499.608411680199,6,0,7.287738,"E1 Q2","UG",NA,"E1","Control"
"71","Q2",2012,6,393.850515251182,289.971470158197,6,0,0,"E1 Q2","UG",NA,"E1","Control"
"72","Q2",2012,7,234.168714486299,282.96610044936,6,0,0,"E1 Q2","UG",NA,"E1","Control"
"73","Q2",2012,8,2261.2748021952,3323.90128845427,6,0,0,"E1 Q2","UG",NA,"E1","Control"
"74","Q2",2013,1,68.555127601394,46.194649958937,7,0,4.025796,"E1 Q2","UG",NA,"E1","Control"
"75","Q2",2013,3,104.762292867897,27.195728609787,7,1,0,"E1 Q2","UG",NA,"E1","Control"
"76","Q2",2013,4,650.119744845595,671.161255904267,7,0,8.050493,"E1 Q2","UG",NA,"E1","Control"
"77","Q2",2013,6,467.683384711996,393.850515251182,7,0,0,"E1 Q2","UG",NA,"E1","Control"
"78","Q2",2013,7,214.832801625395,234.168714486299,7,0,0,"E1 Q2","UG",NA,"E1","Control"
"79","Q2",2013,8,2028.11409433659,2261.2748021952,7,0,0,"E1 Q2","UG",NA,"E1","Control"
"80","Q2",2014,1,25.262323798275,68.555127601394,8,0,0,"E1 Q2","UG",NA,"E1","Control"
"81","Q2",2014,3,167.360909077125,104.762292867897,8,0,0,"E1 Q2","UG",NA,"E1","Control"
"82","Q2",2014,4,1309.16288434499,650.119744845595,8,0,9.129262,"E1 Q2","UG",NA,"E1","Control"
"83","Q2",2014,6,86.176684923638,467.683384711996,8,0,0,"E1 Q2","UG",NA,"E1","Control"
"84","Q2",2014,7,251.182496521788,214.832801625395,8,0,0,"E1 Q2","UG",NA,"E1","Control"
"85","Q2",2014,8,2426.96089476663,2028.11409433659,8,0,0,"E1 Q2","UG",NA,"E1","Control"
"86","Q2",2015,3,364.407380751003,167.360909077125,9,0,0,"E1 Q2","UG",NA,"E1","Control"
"87","Q2",2015,4,2086.82473471132,1309.16288434499,9,0,3.548063,"E1 Q2","UG",NA,"E1","Control"
"88","Q2",2015,7,147.157908202596,251.182496521788,9,0,0,"E1 Q2","UG",NA,"E1","Control"
"89","Q2",2015,8,2444.46479434301,2426.96089476663,9,0,0,"E1 Q2","UG",NA,"E1","Control"
"90","Q20",2007,1,399.008507463196,346.656310838465,1,0,18.209893,"P7 E1 Q2","UG",NA,"P7E1","Control"
"91","Q20",2007,2,607.263820227425,532.181760662282,1,0,7.154375,"P7 E1 Q2","UG",NA,"P7E1","Control"
"92","Q20",2008,1,577.260893802465,399.008507463196,2,0,12.910628,"P7 E1 Q2","UG",NA,"P7E1","Control"
"93","Q20",2008,2,589.552705619182,607.263820227425,2,0,4.94155600000001,"P7 E1 Q2","UG",NA,"P7E1","Control"
"94","Q20",2009,1,927.529685406567,577.260893802465,3,0,12.075521,"P7 E1 Q2","UG",NA,"P7E1","Control"
"95","Q20",2009,2,901.523529810746,589.552705619182,3,0,3.59193399999999,"P7 E1 Q2","UG",NA,"P7E1","Control"
"96","Q20",2010,1,1018.33831383085,927.529685406567,4,0,9.487574,"P7 E1 Q2","UG",NA,"P7E1","Control"
"97","Q20",2010,2,1031.20262366734,901.523529810746,4,0,0.0194989999999962,"P7 E1 Q2","UG",NA,"P7E1","Control"
"98","Q20",2011,1,1083.93403067698,1018.33831383085,5,0,0.455196000000001,"P7 E1 Q2","UG",NA,"P7E1","Control"
"99","Q20",2011,2,1185.32522928467,1031.20262366734,5,0,0,"P7 E1 Q2","UG",NA,"P7E1","Control"
"100","Q20",2012,1,1298.46258789971,1083.93403067698,6,0,6.808995,"P7 E1 Q2","UG",NA,"P7E1","Control"
"101","Q20",2012,2,987.027840333174,1185.32522928467,6,0,0,"P7 E1 Q2","UG",NA,"P7E1","Control"
"102","Q20",2013,1,1388.50133893996,1298.46258789971,7,0,0,"P7 E1 Q2","UG",NA,"P7E1","Control"
"103","Q20",2013,2,1137.32406897022,987.027840333174,7,0,0,"P7 E1 Q2","UG",NA,"P7E1","Control"
"104","Q20",2014,1,1476.73849750948,1388.50133893996,8,0,0,"P7 E1 Q2","UG",NA,"P7E1","Control"
"105","Q20",2014,2,1107.85395945278,1137.32406897022,8,0,0,"P7 E1 Q2","UG",NA,"P7E1","Control"
"106","Q20",2015,1,1960.60396078268,1476.73849750948,9,0,0,"P7 E1 Q2","UG",NA,"P7E1","Control"
"107","Q20",2015,2,1248.07040350134,1107.85395945278,9,0,0,"P7 E1 Q2","UG",NA,"P7E1","Control"
"108","Q21",2014,2,49.0939867034461,3.31130455557349,1,1,0,"P7 E1 Q3","UG",NA,"P7E1","Control"
"109","Q21",2015,2,207.415739058855,49.0939867034461,2,0,0,"P7 E1 Q3","UG",NA,"P7E1","Control"
"110","Q23",2007,1,42.9217325650295,55.8059618588365,1,0,0,"P10 E1 Q1","UG",NA,"P10E1","Control"
"111","Q23",2008,1,44.243829362434,42.9217325650295,2,0,1.405596,"P10 E1 Q1","UG",NA,"P10E1","Control"
"112","Q23",2008,2,30.230766840517,8.22989832001801,1,1,0,"P10 E1 Q1","UG",NA,"P10E1","Control"
"113","Q23",2009,1,50.430193556636,44.243829362434,3,0,1.966817,"P10 E1 Q1","UG",NA,"P10E1","Control"
"114","Q23",2009,2,36.916680871136,30.230766840517,2,0,0,"P10 E1 Q1","UG",NA,"P10E1","Control"
"115","Q23",2010,1,56.4945145976625,50.430193556636,4,0,1.522854,"P10 E1 Q1","UG",NA,"P10E1","Control"
"116","Q23",2010,2,8.9319386511725,36.916680871136,3,1,0,"P10 E1 Q1","UG",NA,"P10E1","Control"
"117","Q23",2011,1,73.9901560756565,56.4945145976625,5,0,1.67887,"P10 E1 Q1","UG",NA,"P10E1","Control"
"118","Q23",2011,2,34.177996449196,8.9319386511725,4,1,0,"P10 E1 Q1","UG",NA,"P10E1","Control"
"119","Q23",2012,1,32.9839375041685,73.9901560756565,6,0,1.958078,"P10 E1 Q1","UG",NA,"P10E1","Control"
"120","Q23",2012,2,30.507900798075,34.177996449196,5,0,0,"P10 E1 Q1","UG",NA,"P10E1","Control"
"121","Q23",2013,1,38.3199229557435,32.9839375041685,7,0,0,"P10 E1 Q1","UG",NA,"P10E1","Control"
"122","Q23",2013,2,63.8829666331065,30.507900798075,6,1,0,"P10 E1 Q1","UG",NA,"P10E1","Control"
"123","Q23",2014,1,0.17213493769834,38.3199229557435,8,0,0,"P10 E1 Q1","UG",NA,"P10E1","Control"
"124","Q23",2014,2,44.775826217445,63.8829666331065,7,0,0,"P10 E1 Q1","UG",NA,"P10E1","Control"
"125","Q24",2007,1,81.98612268716,35.6016123464265,1,1,0,"P10 E1 Q2","UG",NA,"P10E1","Control"
"126","Q24",2007,2,252.702816070135,149.459118734766,1,0,8.982851,"P10 E1 Q2","UG",NA,"P10E1","Control"
"127","Q24",2007,3,484.242970834067,300.612186959187,1,0,11.992348,"P10 E1 Q2","UG",NA,"P10E1","Control"
"128","Q24",2007,4,204.645896498216,95.5395066213916,1,0,1.495852,"P10 E1 Q2","UG",NA,"P10E1","Control"
"129","Q24",2008,1,213.116842038596,81.98612268716,2,0,0,"P10 E1 Q2","UG",NA,"P10E1","Control"
"130","Q24",2008,2,235.260130486671,252.702816070135,2,0,3.633387,"P10 E1 Q2","UG",NA,"P10E1","Control"
"131","Q24",2008,3,641.612412209754,484.242970834067,2,0,9.854454,"P10 E1 Q2","UG",NA,"P10E1","Control"
"132","Q24",2008,4,223.788053093773,204.645896498216,2,0,2.35303999999999,"P10 E1 Q2","UG",NA,"P10E1","Control"
"133","Q24",2009,2,324.42546202768,235.260130486671,3,0,1.892641,"P10 E1 Q2","UG",NA,"P10E1","Control"
"134","Q24",2009,3,662.988888473247,641.612412209754,3,0,5.451846,"P10 E1 Q2","UG",NA,"P10E1","Control"
"135","Q24",2009,4,298.067840560554,223.788053093773,3,0,0,"P10 E1 Q2","UG",NA,"P10E1","Control"
"136","Q24",2010,2,242.534793736388,324.42546202768,4,0,0,"P10 E1 Q2","UG",NA,"P10E1","Control"
"137","Q24",2010,3,724.73723048843,662.988888473247,4,0,0,"P10 E1 Q2","UG",NA,"P10E1","Control"
"138","Q24",2010,4,398.79846357908,298.067840560554,4,0,4.630015,"P10 E1 Q2","UG",NA,"P10E1","Control"
"139","Q24",2011,2,372.232504751103,242.534793736388,5,0,0.0786850000000072,"P10 E1 Q2","UG",NA,"P10E1","Control"
"140","Q24",2011,3,421.3166174612,724.73723048843,5,0,1.348688,"P10 E1 Q2","UG",NA,"P10E1","Control"
"141","Q24",2011,4,228.464450166881,398.79846357908,5,0,2.320436,"P10 E1 Q2","UG",NA,"P10E1","Control"
"142","Q24",2012,2,383.155902701573,372.232504751103,6,0,6.612334,"P10 E1 Q2","UG",NA,"P10E1","Control"
"143","Q24",2012,3,420.715168080574,421.3166174612,6,0,0,"P10 E1 Q2","UG",NA,"P10E1","Control"
"144","Q24",2012,4,317.318344016689,228.464450166881,6,0,16.157187,"P10 E1 Q2","UG",NA,"P10E1","Control"
"145","Q24",2013,2,1122.86999932365,383.155902701573,7,0,6.596085,"P10 E1 Q2","UG",NA,"P10E1","Control"
"146","Q24",2013,4,415.713681438458,317.318344016689,7,0,19.29611,"P10 E1 Q2","UG",NA,"P10E1","Control"
"147","Q24",2014,2,594.294499346767,1122.86999932365,8,0,1.28652299999999,"P10 E1 Q2","UG",NA,"P10E1","Control"
"148","Q24",2014,4,216.309912962,415.713681438458,8,0,17.55843,"P10 E1 Q2","UG",NA,"P10E1","Control"
"149","Q24",2014,7,124.123231905176,29.695842971226,1,0,0,"P10 E1 Q2","UG",NA,"P10E1","Control"
"150","Q24",2015,2,1039.04908842547,594.294499346767,9,0,1.16899599999999,"P10 E1 Q2","UG",NA,"P10E1","Control"
"151","Q24",2015,4,62.903351301501,216.309912962,9,0,15.852759,"P10 E1 Q2","UG",NA,"P10E1","Control"
"152","Q24",2015,7,140.790526282367,124.123231905176,2,0,0,"P10 E1 Q2","UG",NA,"P10E1","Control"
"153","Q24",2015,8,385.828953141084,19.3481172002455,1,1,0,"P10 E1 Q2","UG",NA,"P10E1","Control"
"154","Q25",2007,1,365.240484013154,687.878327161206,1,0,0,"P10 E1 Q3","UG",NA,"P10E1","Control"
"155","Q25",2007,3,4135.83120471812,2763.74856451851,1,0,0,"P10 E1 Q3","UG",NA,"P10E1","Control"
"156","Q25",2008,3,2633.89125960881,4135.83120471812,2,0,0,"P10 E1 Q3","UG",NA,"P10E1","Control"
"157","Q25",2009,3,3988.53650105878,2633.89125960881,3,0,0,"P10 E1 Q3","UG",NA,"P10E1","Control"
"158","Q25",2010,3,826.095843706197,3988.53650105878,4,0,0,"P10 E1 Q3","UG",NA,"P10E1","Control"
"159","Q25",2011,3,1815.15995001082,826.095843706197,5,0,0,"P10 E1 Q3","UG",NA,"P10E1","Control"
"160","Q25",2012,3,1842.47356244173,1815.15995001082,6,0,0,"P10 E1 Q3","UG",NA,"P10E1","Control"
"161","Q25",2013,3,1471.56062253597,1842.47356244173,7,0,0,"P10 E1 Q3","UG",NA,"P10E1","Control"
"162","Q25",2014,3,1555.92182092477,1471.56062253597,8,0,0,"P10 E1 Q3","UG",NA,"P10E1","Control"
"163","Q25",2015,3,2669.15897624401,1555.92182092477,9,0,0,"P10 E1 Q3","UG",NA,"P10E1","Control"
"164","Q26",2007,1,307.961782066661,124.545020507074,1,0,0,"P10 E1 Q4","UG",NA,"P10E1","Control"
"165","Q26",2007,2,2458.88224016639,1952.18692099156,1,0,10.224354,"P10 E1 Q4","UG",NA,"P10E1","Control"
"166","Q26",2007,3,252.853532671608,105.215959299453,1,0,0,"P10 E1 Q4","UG",NA,"P10E1","Control"
"167","Q26",2008,1,61.479373239114,307.961782066661,2,0,0,"P10 E1 Q4","UG",NA,"P10E1","Control"
"168","Q26",2008,2,2238.35998699345,2458.88224016639,2,0,0.473040999999995,"P10 E1 Q4","UG",NA,"P10E1","Control"
"169","Q26",2008,3,199.770874832626,252.853532671608,2,0,0,"P10 E1 Q4","UG",NA,"P10E1","Control"
"170","Q26",2009,1,205.139966798906,61.479373239114,3,0,0,"P10 E1 Q4","UG",NA,"P10E1","Control"
"171","Q26",2009,2,4146.8014680018,2238.35998699345,3,0,0.335723000000002,"P10 E1 Q4","UG",NA,"P10E1","Control"
"172","Q26",2009,3,308.276386868056,199.770874832626,3,0,0.136006,"P10 E1 Q4","UG",NA,"P10E1","Control"
"173","Q26",2010,1,57.615030359264,205.139966798906,4,0,0,"P10 E1 Q4","UG",NA,"P10E1","Control"
"174","Q26",2010,2,3875.08558869289,4146.8014680018,4,0,2.127335,"P10 E1 Q4","UG",NA,"P10E1","Control"
"175","Q26",2011,1,136.384049408276,57.615030359264,5,0,0,"P10 E1 Q4","UG",NA,"P10E1","Control"
"176","Q26",2011,2,3578.10876881415,3875.08558869289,5,0,0,"P10 E1 Q4","UG",NA,"P10E1","Control"
"177","Q26",2011,5,0.25,0.25,1,0,14.9020966329425,"P10 E1 Q4","UG",NA,"P10E1","Control"
"178","Q26",2012,1,48.074536958949,136.384049408276,6,0,0,"P10 E1 Q4","UG",NA,"P10E1","Control"
"179","Q26",2012,2,2697.48158932412,3578.10876881415,6,0,0,"P10 E1 Q4","UG",NA,"P10E1","Control"
"180","Q26",2012,5,3.308664078756,0.25,2,0,15.099116570875,"P10 E1 Q4","UG",NA,"P10E1","Control"
"181","Q26",2013,1,46.469467756955,48.074536958949,7,0,0,"P10 E1 Q4","UG",NA,"P10E1","Control"
"182","Q26",2013,2,1947.82055824558,2697.48158932412,7,0,0,"P10 E1 Q4","UG",NA,"P10E1","Control"
"183","Q26",2014,2,2215.57014709465,1947.82055824558,8,0,0,"P10 E1 Q4","UG",NA,"P10E1","Control"
"184","Q26",2015,2,2694.26536646506,2215.57014709465,9,0,0,"P10 E1 Q4","UG",NA,"P10E1","Control"
"185","Q3",2007,1,719.796203570551,649.591762144692,1,0,0,"E1 Q3","UG",NA,"E1","Control"
"186","Q3",2007,3,4083.83593862842,3985.43812173521,1,0,0,"E1 Q3","UG",NA,"E1","Control"
"187","Q3",2008,3,5531.7252170538,4083.83593862842,2,0,0,"E1 Q3","UG",NA,"E1","Control"
"188","Q3",2009,3,4185.96524404519,5531.7252170538,3,0,0,"E1 Q3","UG",NA,"E1","Control"
"189","Q3",2010,3,4460.81907482806,4185.96524404519,4,0,0,"E1 Q3","UG",NA,"E1","Control"
"190","Q3",2011,3,4786.5524345107,4460.81907482806,5,0,0,"E1 Q3","UG",NA,"E1","Control"
"191","Q3",2012,3,4401.98289976377,4786.5524345107,6,0,0,"E1 Q3","UG",NA,"E1","Control"
"192","Q3",2013,3,3991.43704404034,4401.98289976377,7,0,0,"E1 Q3","UG",NA,"E1","Control"
"193","Q3",2014,3,3756.59148575097,3991.43704404034,8,0,0,"E1 Q3","UG",NA,"E1","Control"
"194","Q3",2015,3,5581.14101596626,3756.59148575097,9,0,0,"E1 Q3","UG",NA,"E1","Control"
"195","Q31",2011,1,182.562303577679,122.451960259833,1,0,0,"X5","UG",NA,"E1","Drought"
"196","Q31",2011,3,1495.97364453688,1464.95157838744,1,0,0,"X5","UG",NA,"E1","Drought"
"197","Q31",2011,4,266.218082072899,433.534042810061,1,0,4.262331,"X5","UG",NA,"E1","Drought"
"198","Q31",2011,5,539.326583098378,483.046727543846,1,0,0,"X5","UG",NA,"E1","Drought"
"199","Q31",2012,1,218.169894954401,182.562303577679,2,0,0,"X5","UG",NA,"E1","Drought"
"200","Q31",2012,3,1481.81488177355,1495.97364453688,2,0,0,"X5","UG",NA,"E1","Drought"
"201","Q31",2012,5,939.683364617062,539.326583098378,2,0,0,"X5","UG",NA,"E1","Drought"
"202","Q31",2012,7,33.119963998088,14.151797127499,1,0,16.648089,"X5","UG",NA,"E1","Drought"
"203","Q31",2013,3,1301.2018944715,1481.81488177355,3,0,0,"X5","UG",NA,"E1","Drought"
"204","Q31",2013,5,676.933420414039,939.683364617062,3,0,0,"X5","UG",NA,"E1","Drought"
"205","Q31",2014,3,1308.56708581976,1301.2018944715,4,0,0,"X5","UG",NA,"E1","Drought"
"206","Q31",2014,5,1010.70740995473,676.933420414039,4,0,0,"X5","UG",NA,"E1","Drought"
"207","Q31",2015,1,437.46590073538,391.172267023132,5,0,0,"X5","UG",NA,"E1","Drought"
"208","Q31",2015,3,1585.4659894726,1308.56708581976,5,0,0,"X5","UG",NA,"E1","Drought"
"209","Q31",2015,5,731.68303743274,1010.70740995473,5,0,0,"X5","UG",NA,"E1","Drought"
"210","Q32",2011,1,1806.23359654648,1570.32480966087,1,0,0,"X6","UG",NA,"E1","Irrigation"
"211","Q32",2011,2,647.714751431051,544.056772427838,1,0,18.533723,"X6","UG",NA,"E1","Irrigation"
"212","Q32",2012,1,1698.62189988128,1806.23359654648,2,0,0,"X6","UG",NA,"E1","Irrigation"
"213","Q32",2012,2,843.191646498732,647.714751431051,2,0,14.867819,"X6","UG",NA,"E1","Irrigation"
"214","Q32",2013,1,1358.45171620493,1698.62189988128,3,0,0,"X6","UG",NA,"E1","Irrigation"
"215","Q32",2013,2,843.179127067769,843.191646498732,3,0,10.865123,"X6","UG",NA,"E1","Irrigation"
"216","Q32",2014,1,1230.86306155121,1358.45171620493,4,0,0,"X6","UG",NA,"E1","Irrigation"
"217","Q32",2014,2,743.017331911454,843.179127067769,4,0,12.317292,"X6","UG",NA,"E1","Irrigation"
"218","Q32",2015,1,1502.27850890461,1230.86306155121,5,0,0,"X6","UG",NA,"E1","Irrigation"
"219","Q32",2015,2,2033.08907608451,743.017331911454,5,0,17.415884,"X6","UG",NA,"E1","Irrigation"
"220","Q33",2011,1,1276.33618821476,1332.54156664558,1,0,0,"X7","UG",NA,"E1","Irrigation"
"221","Q33",2011,2,1309.14555058464,1307.47301277034,1,0,8.214821,"X7","UG",NA,"E1","Irrigation"
"222","Q33",2011,3,2022.17576867221,2254.84186788151,1,0,6.886833,"X7","UG",NA,"E1","Irrigation"
"223","Q33",2012,1,1376.278222668,1276.33618821476,2,0,0,"X7","UG",NA,"E1","Irrigation"
"224","Q33",2012,2,1238.94187908895,1309.14555058464,2,0,4.480209,"X7","UG",NA,"E1","Irrigation"
"225","Q33",2012,3,2792.57877611716,2022.17576867221,2,0,7.393521,"X7","UG",NA,"E1","Irrigation"
"226","Q33",2013,1,1427.57751543596,1376.278222668,3,0,0,"X7","UG",NA,"E1","Irrigation"
"227","Q33",2013,2,1611.17777659841,1238.94187908895,3,0,7.41427999999999,"X7","UG",NA,"E1","Irrigation"
"228","Q33",2013,3,3221.73184643258,2792.57877611716,3,0,7.221844,"X7","UG",NA,"E1","Irrigation"
"229","Q33",2014,1,1295.22349800648,1427.57751543596,4,0,0,"X7","UG",NA,"E1","Irrigation"
"230","Q33",2014,3,4335.06058770764,3221.73184643258,4,0,4.830562,"X7","UG",NA,"E1","Irrigation"
"231","Q33",2015,1,1162.29010379393,1295.22349800648,5,0,0,"X7","UG",NA,"E1","Irrigation"
"232","Q33",2015,3,4092.82282059267,4335.06058770764,5,0,0,"X7","UG",NA,"E1","Irrigation"
"233","Q39",2011,1,5632.44188955272,5676.64128165969,1,0,0,"X13","UG",NA,"E1","Drought"
"234","Q39",2012,1,5892.734121107,5632.44188955272,2,0,0,"X13","UG",NA,"E1","Drought"
"235","Q39",2013,1,3972.33396024355,5892.734121107,3,0,0,"X13","UG",NA,"E1","Drought"
"236","Q39",2014,1,2268.34574891872,3972.33396024355,4,0,0,"X13","UG",NA,"E1","Drought"
"237","Q39",2015,1,4273.22349007067,2268.34574891872,5,0,0,"X13","UG",NA,"E1","Drought"
"238","Q4",2007,1,2675.60182888877,2338.07455745654,1,0,3.813862,"E1 Q4","UG",NA,"E1","Control"
"239","Q4",2007,2,163.816743942838,49.833663831295,1,0,10.247559,"E1 Q4","UG",NA,"E1","Control"
"240","Q4",2007,3,97.2360455374,60.777553545328,1,0,0,"E1 Q4","UG",NA,"E1","Control"
"241","Q4",2007,4,217.602051813832,54.86643822872,1,1,0,"E1 Q4","UG",NA,"E1","Control"
"242","Q4",2008,1,2978.5787962548,2675.60182888877,2,0,0,"E1 Q4","UG",NA,"E1","Control"
"243","Q4",2008,2,274.378173886843,163.816743942838,2,0,4.06799,"E1 Q4","UG",NA,"E1","Control"
"244","Q4",2008,3,146.934737102872,97.2360455374,2,0,0,"E1 Q4","UG",NA,"E1","Control"
"245","Q4",2008,4,94.41621444296,217.602051813832,2,0,0,"E1 Q4","UG",NA,"E1","Control"
"246","Q4",2009,1,2559.42185722298,2978.5787962548,3,0,0.451721000000006,"E1 Q4","UG",NA,"E1","Control"
"247","Q4",2009,2,355.476101264674,274.378173886843,3,0,0,"E1 Q4","UG",NA,"E1","Control"
"248","Q4",2009,3,183.05606772928,146.934737102872,3,0,0,"E1 Q4","UG",NA,"E1","Control"
"249","Q4",2009,4,131.970765985773,94.41621444296,3,0,0,"E1 Q4","UG",NA,"E1","Control"
"250","Q4",2010,1,2349.84562714838,2559.42185722298,4,0,0,"E1 Q4","UG",NA,"E1","Control"
"251","Q4",2010,2,307.88087238748,355.476101264674,4,0,0,"E1 Q4","UG",NA,"E1","Control"
"252","Q4",2010,3,228.639353588976,183.05606772928,4,0,0,"E1 Q4","UG",NA,"E1","Control"
"253","Q4",2011,1,1921.52153415144,2349.84562714838,5,0,0,"E1 Q4","UG",NA,"E1","Control"
"254","Q4",2011,2,445.409445360979,307.88087238748,5,0,0,"E1 Q4","UG",NA,"E1","Control"
"255","Q4",2011,3,203.777882245073,228.639353588976,5,0,0,"E1 Q4","UG",NA,"E1","Control"
"256","Q4",2012,1,1985.10435366807,1921.52153415144,6,0,0,"E1 Q4","UG",NA,"E1","Control"
"257","Q4",2012,2,286.378911068547,445.409445360979,6,0,0,"E1 Q4","UG",NA,"E1","Control"
"258","Q4",2012,3,199.042231967169,203.777882245073,6,0,0,"E1 Q4","UG",NA,"E1","Control"
"259","Q4",2013,1,1480.4497545748,1985.10435366807,7,0,0,"E1 Q4","UG",NA,"E1","Control"
"260","Q4",2013,2,345.478824937813,286.378911068547,7,0,0,"E1 Q4","UG",NA,"E1","Control"
"261","Q4",2013,3,328.062531085753,199.042231967169,7,0,0,"E1 Q4","UG",NA,"E1","Control"
"262","Q4",2014,1,1572.18728311215,1480.4497545748,8,0,0,"E1 Q4","UG",NA,"E1","Control"
"263","Q4",2014,2,359.994161194553,345.478824937813,8,0,0,"E1 Q4","UG",NA,"E1","Control"
"264","Q4",2014,3,276.648716168599,328.062531085753,8,0,0,"E1 Q4","UG",NA,"E1","Control"
"265","Q4",2015,1,1731.68809625205,1572.18728311215,9,0,0,"E1 Q4","UG",NA,"E1","Control"
"266","Q4",2015,2,387.741005990033,359.994161194553,9,0,0,"E1 Q4","UG",NA,"E1","Control"
"267","Q4",2015,3,549.027514803455,276.648716168599,9,0,0,"E1 Q4","UG",NA,"E1","Control"
"268","Q4",2015,5,4.665645844468,56.939481897369,3,0,0,"E1 Q4","UG",NA,"E1","Control"
"269","Q40",2011,1,1598.02145350424,1378.40776142031,1,0,16.974772,"X14","UG",NA,"E1","Irrigation"
"270","Q40",2011,2,102.418776420728,126.471083495,1,0,0,"X14","UG",NA,"E1","Irrigation"
"271","Q40",2012,1,1453.53428769221,1598.02145350424,2,0,14.975467,"X14","UG",NA,"E1","Irrigation"
"272","Q40",2012,2,5.845474742952,102.418776420728,2,0,0,"X14","UG",NA,"E1","Irrigation"
"273","Q40",2013,1,1473.75965757338,1453.53428769221,3,0,11.405949,"X14","UG",NA,"E1","Irrigation"
"274","Q40",2013,2,51.701657751918,5.845474742952,3,1,0,"X14","UG",NA,"E1","Irrigation"
"275","Q40",2014,1,1894.27311889052,1473.75965757338,4,0,5.034299,"X14","UG",NA,"E1","Irrigation"
"276","Q40",2014,2,63.959829723861,51.701657751918,4,0,0,"X14","UG",NA,"E1","Irrigation"
"277","Q40",2015,1,2285.43670963639,1894.27311889052,5,0,1.55855299999999,"X14","UG",NA,"E1","Irrigation"
"278","Q41",2011,1,1094.28712600812,809.279472156537,1,0,0,"X15","UG",NA,"E1","Drought"
"279","Q41",2011,3,331.166766872524,263.776695999975,1,0,0,"X15","UG",NA,"E1","Drought"
"280","Q41",2012,1,1220.39641416175,1094.28712600812,2,0,0,"X15","UG",NA,"E1","Drought"
"281","Q41",2012,3,276.974178818606,331.166766872524,2,0,0,"X15","UG",NA,"E1","Drought"
"282","Q41",2013,1,986.689970500062,1220.39641416175,3,0,0,"X15","UG",NA,"E1","Drought"
"283","Q41",2013,3,316.800363910205,276.974178818606,3,0,0,"X15","UG",NA,"E1","Drought"
"284","Q41",2014,1,733.189601478785,986.689970500062,4,0,0,"X15","UG",NA,"E1","Drought"
"285","Q41",2014,3,174.981871220124,316.800363910205,4,0,0,"X15","UG",NA,"E1","Drought"
"286","Q41",2015,1,1262.6754302199,733.189601478785,5,0,0,"X15","UG",NA,"E1","Drought"
"287","Q41",2015,3,158.639954159451,174.981871220124,5,0,0,"X15","UG",NA,"E1","Drought"
"288","Q43",2011,1,114.891707290703,181.104098146139,1,0,0,"X17","UG",NA,"E1","Drought"
"289","Q43",2012,1,155.345523835795,114.891707290703,2,0,0,"X17","UG",NA,"E1","Drought"
"290","Q43",2013,1,323.858511678788,155.345523835795,3,0,0,"X17","UG",NA,"E1","Drought"
"291","Q43",2014,1,375.566304691246,323.858511678788,4,0,0,"X17","UG",NA,"E1","Drought"
"292","Q43",2014,3,54.3852103487865,20.382913028317,1,1,0,"X17","UG",NA,"E1","Drought"
"293","Q43",2015,1,878.226441121437,375.566304691246,5,0,0,"X17","UG",NA,"E1","Drought"
"294","Q43",2015,3,284.172988262625,54.3852103487865,2,0,0,"X17","UG",NA,"E1","Drought"
"295","Q43",2015,4,255.771679517938,19.191417247335,1,0,16.20173,"X17","UG",NA,"E1","Drought"
"296","Q44",2011,1,153.564547172454,115.416255001186,1,0,0,"X18","UG",NA,"E1","Irrigation"
"297","Q44",2012,1,221.517265054057,153.564547172454,2,0,0,"X18","UG",NA,"E1","Irrigation"
"298","Q44",2013,1,367.389033220596,221.517265054057,3,0,0,"X18","UG",NA,"E1","Irrigation"
"299","Q44",2014,1,365.298964571594,367.389033220596,4,0,0,"X18","UG",NA,"E1","Irrigation"
"300","Q44",2015,1,726.865025811654,365.298964571594,5,0,0,"X18","UG",NA,"E1","Irrigation"
"301","Q45",2011,1,3286.35508437573,3469.7630321098,1,0,0,"X19","UG",NA,"E1","Irrigation"
"302","Q45",2012,1,3662.31551763579,3286.35508437573,2,0,0,"X19","UG",NA,"E1","Irrigation"
"303","Q45",2013,1,2903.8544850288,3662.31551763579,3,0,0,"X19","UG",NA,"E1","Irrigation"
"304","Q45",2014,1,3124.8850833797,2903.8544850288,4,0,0,"X19","UG",NA,"E1","Irrigation"
"305","Q45",2015,1,4380.84691016916,3124.8850833797,5,0,0,"X19","UG",NA,"E1","Irrigation"
"306","Q46",2011,1,936.623503675112,781.317752580056,1,0,0,"X20","UG",NA,"E1","Drought"
"307","Q46",2012,1,1078.89016902063,936.623503675112,2,0,0,"X20","UG",NA,"E1","Drought"
"308","Q46",2013,1,1426.0034188943,1078.89016902063,3,0,0,"X20","UG",NA,"E1","Drought"
"309","Q46",2014,1,1882.92239468682,1426.0034188943,4,0,0,"X20","UG",NA,"E1","Drought"
"310","Q46",2015,1,2375.6283554865,1882.92239468682,5,0,0,"X20","UG",NA,"E1","Drought"
"311","Q48",2011,1,874.753889832204,670.070642279762,1,0,0,"X22","UG",NA,"E1","No_grass"
"312","Q48",2012,1,1293.87616226017,874.753889832204,2,0,0,"X22","UG",NA,"E1","No_grass"
"313","Q48",2013,1,1319.84944573789,1293.87616226017,3,0,0,"X22","UG",NA,"E1","No_grass"
"314","Q48",2014,1,1793.55627903912,1319.84944573789,4,0,0,"X22","UG",NA,"E1","No_grass"
"315","Q48",2015,1,1778.94038066606,1793.55627903912,5,0,0,"X22","UG",NA,"E1","No_grass"
"316","Q49",2011,1,397.932907835076,1355.25917078945,1,0,0,"X23","UG",NA,"E1","No_grass"
"317","Q51",2011,1,7241.76910653223,8086.90163588692,1,0,0,"X25","UG",NA,"E1","No_grass"
"318","Q51",2012,1,5795.31971942519,7241.76910653223,2,0,0,"X25","UG",NA,"E1","No_grass"
"319","Q51",2013,1,6478.48159780405,5795.31971942519,3,0,0,"X25","UG",NA,"E1","No_grass"
"320","Q51",2014,1,6440.47727736583,6478.48159780405,4,0,0,"X25","UG",NA,"E1","No_grass"
"321","Q51",2015,1,7071.05749411641,6440.47727736583,5,0,0,"X25","UG",NA,"E1","No_grass"
"322","Q52",2011,4,0.249999999999996,0.25,1,0,5.60981446061101,"X26","UG",NA,"E1","No_shrub"
"323","Q52",2015,5,104.246072760657,40.640132313878,1,0,4.002003,"X26","UG",NA,"E1","No_shrub"
"324","Q53",2011,2,0.249999999999989,0.25,1,0,35.9389058708721,"X27","UG",NA,"E1","No_shrub"
"325","Q55",2011,1,1526.2877721785,1684.53457262591,1,0,0,"X29","UG",NA,"E1","No_grass"
"326","Q55",2012,1,1199.99251561206,1526.2877721785,2,0,0,"X29","UG",NA,"E1","No_grass"
"327","Q55",2013,1,518.643245445502,1199.99251561206,3,0,0,"X29","UG",NA,"E1","No_grass"
"328","Q55",2014,1,609.931625260926,518.643245445502,4,0,0,"X29","UG",NA,"E1","No_grass"
"329","Q55",2015,1,1451.86125106109,609.931625260926,5,0,0,"X29","UG",NA,"E1","No_grass"
"330","Q57",2011,1,1586.62428589413,1966.80813763345,1,0,0,"X31","UG",NA,"E1","No_grass"
"331","Q57",2012,1,1726.8659725746,1586.62428589413,2,0,0,"X31","UG",NA,"E1","No_grass"
"332","Q57",2013,1,1677.0197726746,1726.8659725746,3,0,0,"X31","UG",NA,"E1","No_grass"
"333","Q57",2013,2,347.830215504343,340.368834523055,3,0,0,"X31","UG",NA,"E1","No_grass"
"334","Q57",2014,1,1466.47842041887,1677.0197726746,4,0,0,"X31","UG",NA,"E1","No_grass"
"335","Q57",2014,2,438.40975470062,347.830215504343,4,0,0,"X31","UG",NA,"E1","No_grass"
"336","Q57",2015,1,1273.43639418915,1466.47842041887,5,0,0,"X31","UG",NA,"E1","No_grass"
"337","Q58",2011,1,273.459844453065,677.081045467108,1,0,0,"X32","UG",NA,"E1","No_grass"
"338","Q58",2011,2,1619.3725943194,1446.51388474551,1,0,0,"X32","UG",NA,"E1","No_grass"
"339","Q58",2011,3,35.648729895968,66.429632328684,1,0,0,"X32","UG",NA,"E1","No_grass"
"340","Q58",2011,4,244.833479093943,304.434508398877,1,0,24.865164,"X32","UG",NA,"E1","No_grass"
"341","Q58",2011,5,315.133089457586,360.382355975813,1,0,29.958402,"X32","UG",NA,"E1","No_grass"
"342","Q58",2012,1,578.195919241432,273.459844453065,2,0,0,"X32","UG",NA,"E1","No_grass"
"343","Q58",2012,2,1730.47159827001,1619.3725943194,2,0,0,"X32","UG",NA,"E1","No_grass"
"344","Q58",2012,3,56.61516325576,35.648729895968,2,1,0,"X32","UG",NA,"E1","No_grass"
"345","Q58",2012,5,953.845135902528,315.133089457586,2,0,29.754674,"X32","UG",NA,"E1","No_grass"
"346","Q58",2013,1,621.944202411252,578.195919241432,3,0,0,"X32","UG",NA,"E1","No_grass"
"347","Q58",2013,2,1449.51151290158,1730.47159827001,3,0,0,"X32","UG",NA,"E1","No_grass"
"348","Q58",2013,3,95.659569394077,56.61516325576,3,0,0,"X32","UG",NA,"E1","No_grass"
"349","Q58",2013,5,1070.71606445693,953.845135902528,3,0,23.114146,"X32","UG",NA,"E1","No_grass"
"350","Q58",2014,1,842.285161622091,621.944202411252,4,0,0,"X32","UG",NA,"E1","No_grass"
"351","Q58",2014,2,1658.03544995351,1449.51151290158,4,0,0,"X32","UG",NA,"E1","No_grass"
"352","Q58",2014,3,122.256572385191,95.659569394077,4,0,0,"X32","UG",NA,"E1","No_grass"
"353","Q58",2014,5,1324.6120183131,1070.71606445693,4,0,14.390733,"X32","UG",NA,"E1","No_grass"
"354","Q58",2015,1,923.339600445891,842.285161622091,5,0,0,"X32","UG",NA,"E1","No_grass"
"355","Q58",2015,2,2465.31075730207,1658.03544995351,5,0,0,"X32","UG",NA,"E1","No_grass"
"356","Q58",2015,3,303.586886519684,122.256572385191,5,0,0,"X32","UG",NA,"E1","No_grass"
"357","Q58",2015,5,1789.42909494914,1324.6120183131,5,0,20.043885,"X32","UG",NA,"E1","No_grass"
"358","Q60",2011,1,1755.76422800885,1850.94807835017,1,0,0,"X34","UG",NA,"E1","No_grass"
"359","Q60",2012,1,2429.10789937103,1755.76422800885,2,0,0,"X34","UG",NA,"E1","No_grass"
"360","Q60",2013,1,1515.02447332564,2429.10789937103,3,0,0,"X34","UG",NA,"E1","No_grass"
"361","Q60",2014,1,2056.01946901668,1515.02447332564,4,0,0,"X34","UG",NA,"E1","No_grass"
"362","Q60",2015,1,1646.30020220715,2056.01946901668,5,0,0,"X34","UG",NA,"E1","No_grass"
"363","Q61",2011,1,4.66547842457901,2844.19541486206,1,0,0,"X35","UG",NA,"E1","No_shrub"
"364","Q62",2011,1,1278.91932017251,1423.34740174854,1,0,0,"X36","UG",NA,"E1","No_grass"
"365","Q62",2012,1,1486.18745979407,1278.91932017251,2,0,0,"X36","UG",NA,"E1","No_grass"
"366","Q62",2013,1,1036.06789317517,1486.18745979407,3,0,0,"X36","UG",NA,"E1","No_grass"
"367","Q62",2014,1,1049.37338414062,1036.06789317517,4,0,0,"X36","UG",NA,"E1","No_grass"
"368","Q62",2015,1,1059.87745831354,1049.37338414062,5,0,0,"X36","UG",NA,"E1","No_grass"
