,quad,year,trackID,area.t1,area.t0,age,allEdge,distEdgeMin,QuadName,Grazing,Group
1,Q1,32,1,61.68448252,47.16780133,1,0,7.20E-09,E1 Q1,no,E1
5,Q1,33,1,31.37225491,61.68448252,2,0,-1.85E-08,E1 Q1,no,E1
11,Q1,34,1,53.9055885,31.37225491,3,0,2.996504246,E1 Q1,no,E1
18,Q1,35,1,32.74968254,53.9055885,4,0,-1.72E-08,E1 Q1,no,E1
26,Q1,36,1,39.80144136,32.74968254,5,0,1.71E-08,E1 Q1,no,E1
33,Q1,37,1,49.58076762,39.80144136,6,0,8.72E-09,E1 Q1,no,E1
39,Q1,38,1,56.02061518,49.58076762,7,0,1.47E-08,E1 Q1,no,E1
45,Q1,39,1,98.08605016,56.02061518,8,0,2.21E-08,E1 Q1,no,E1
50,Q1,40,1,88.30226617,98.08605016,9,0,-1.20E-10,E1 Q1,no,E1
55,Q1,41,1,90.23091173,88.30226617,10,0,-1.50E-08,E1 Q1,no,E1
60,Q1,45,1,97.94255286,234.9600924,14,0,-7.37E-09,E1 Q1,no,E1
2,Q1,32,2,242.757825,130.3759727,1,0,2.241887836,E1 Q1,no,E1
6,Q1,33,2,156.2497546,242.757825,2,0,2.506787059,E1 Q1,no,E1
12,Q1,34,2,390.048255,156.2497546,3,0,5.359333965,E1 Q1,no,E1
20,Q1,35,2,243.0044365,390.048255,4,0,-1.72E-08,E1 Q1,no,E1
27,Q1,36,2,481.3359627,243.0044365,5,0,1.71E-08,E1 Q1,no,E1
34,Q1,37,2,642.7998064,481.3359627,6,0,8.72E-09,E1 Q1,no,E1
40,Q1,38,2,668.4929687,642.7998064,7,0,1.47E-08,E1 Q1,no,E1
46,Q1,39,2,827.4595026,668.4929687,8,0,0.08676286,E1 Q1,no,E1
51,Q1,40,2,942.3436046,827.4595026,9,0,0.042018296,E1 Q1,no,E1
56,Q1,41,2,956.4546841,942.3436046,10,0,1.78E-08,E1 Q1,no,E1
61,Q1,45,2,713.8696124,1032.598219,14,0,0.05794878,E1 Q1,no,E1
66,Q1,46,2,439.0606524,713.8696124,15,0,-9.85E-09,E1 Q1,no,E1
71,Q1,49,2,326.9722715,521.2251732,18,0,-2.20E-08,E1 Q1,no,E1
75,Q1,50,2,104.7753248,326.9722715,19,0,-6.37E-09,E1 Q1,no,E1
82,Q1,51,2,210.1912008,104.7753248,20,0,0.001279226,E1 Q1,no,E1
88,Q1,54,2,233.3819214,223.5280298,23,0,4.727023768,E1 Q1,no,E1
92,Q1,55,2,219.8599289,233.3819214,24,0,2.97607845,E1 Q1,no,E1
3,Q1,32,4,168.5161151,136.409536,1,0,7.672801129,E1 Q1,no,E1
7,Q1,33,4,96.16738292,168.5161151,2,0,5.694694113,E1 Q1,no,E1
13,Q1,34,4,198.9532035,96.16738292,3,0,6.973012084,E1 Q1,no,E1
21,Q1,35,4,183.2819895,198.9532035,4,0,4.80641911,E1 Q1,no,E1
28,Q1,36,4,194.7120495,183.2819895,5,0,5.558158184,E1 Q1,no,E1
35,Q1,37,4,351.7454504,194.7120495,6,0,9.712424574,E1 Q1,no,E1
41,Q1,38,4,231.6537649,351.7454504,7,0,2.247572998,E1 Q1,no,E1
47,Q1,39,4,318.6190808,231.6537649,8,0,5.622928474,E1 Q1,no,E1
52,Q1,40,4,405.0849064,318.6190808,9,0,4.108631574,E1 Q1,no,E1
57,Q1,41,4,354.1381339,405.0849064,10,0,0.889984735,E1 Q1,no,E1
63,Q1,45,4,132.4472605,324.6171046,14,0,2.505830035,E1 Q1,no,E1
68,Q1,46,4,119.9457854,132.4472605,15,0,2.691154234,E1 Q1,no,E1
72,Q1,49,4,33.98783692,29.93262212,18,0,17.05448238,E1 Q1,no,E1
79,Q1,50,4,25.6663713,33.98783692,19,0,12.6820394,E1 Q1,no,E1
85,Q1,51,4,47.67853697,25.6663713,20,0,15.39097381,E1 Q1,no,E1
90,Q1,54,4,45.4634387,69.58100724,23,0,13.0641652,E1 Q1,no,E1
94,Q1,55,4,68.86029372,45.4634387,24,0,11.34355895,E1 Q1,no,E1
4,Q1,32,5,97.67854979,81.55941632,1,0,-1.95E-08,E1 Q1,no,E1
8,Q1,33,5,35.63158358,97.67854979,2,0,9.17E-09,E1 Q1,no,E1
14,Q1,34,5,129.142221,35.63158358,3,0,0.126283955,E1 Q1,no,E1
22,Q1,35,5,140.3489308,129.142221,4,0,0.13938941,E1 Q1,no,E1
29,Q1,36,5,149.203963,140.3489308,5,0,0.158175336,E1 Q1,no,E1
36,Q1,37,5,222.7644417,149.203963,6,0,0.114279266,E1 Q1,no,E1
42,Q1,38,5,228.9996253,222.7644417,7,0,0.040042535,E1 Q1,no,E1
48,Q1,39,5,189.7189648,228.9996253,8,0,0.195235491,E1 Q1,no,E1
53,Q1,40,5,174.541829,189.7189648,9,0,0.056375346,E1 Q1,no,E1
58,Q1,41,5,92.02482072,174.541829,10,0,0.085925363,E1 Q1,no,E1
64,Q1,45,5,111.1118757,179.4379322,14,0,0.192694091,E1 Q1,no,E1
69,Q1,46,5,113.1924174,111.1118757,15,0,0.855607371,E1 Q1,no,E1
73,Q1,49,5,47.54503524,86.8614896,18,0,1.97E-08,E1 Q1,no,E1
80,Q1,50,5,32.84253091,47.54503524,19,0,2.29E-08,E1 Q1,no,E1
86,Q1,51,5,58.00563557,32.84253091,20,0,0.206876135,E1 Q1,no,E1
9,Q1,33,6,39.95758545,134.9227374,1,0,11.67812301,E1 Q1,no,E1
15,Q1,34,6,79.88755971,39.95758545,2,0,20.56658862,E1 Q1,no,E1
23,Q1,35,6,89.32299192,79.88755971,3,0,17.54832303,E1 Q1,no,E1
30,Q1,36,6,188.8669991,89.32299192,4,0,12.54221753,E1 Q1,no,E1
37,Q1,37,6,189.2280451,188.8669991,5,0,6.854438635,E1 Q1,no,E1
43,Q1,38,6,68.8002246,189.2280451,6,0,4.894639391,E1 Q1,no,E1
10,Q1,33,7,53.49403716,21.36948194,1,0,5.851367513,E1 Q1,no,E1
16,Q1,34,7,145.3577505,53.49403716,2,0,0.281508174,E1 Q1,no,E1
24,Q1,35,7,86.6712114,145.3577505,3,0,5.79831131,E1 Q1,no,E1
31,Q1,36,7,172.0283149,86.6712114,4,0,5.930048803,E1 Q1,no,E1
38,Q1,37,7,224.7752385,172.0283149,5,0,5.37299565,E1 Q1,no,E1
44,Q1,38,7,230.1078357,224.7752385,6,0,1.47E-08,E1 Q1,no,E1
49,Q1,39,7,212.9235185,230.1078357,7,0,0.259426909,E1 Q1,no,E1
54,Q1,40,7,186.8428105,212.9235185,8,0,0.061673004,E1 Q1,no,E1
59,Q1,41,7,90.16278193,186.8428105,9,0,0.220142548,E1 Q1,no,E1
65,Q1,45,7,179.6520479,207.7260076,13,0,4.098419882,E1 Q1,no,E1
70,Q1,46,7,175.8534589,179.6520479,14,0,4.632709702,E1 Q1,no,E1
74,Q1,49,7,182.6050729,306.1258401,17,0,-2.20E-08,E1 Q1,no,E1
81,Q1,50,7,122.3332007,182.6050729,18,0,-6.37E-09,E1 Q1,no,E1
87,Q1,51,7,258.0639996,122.3332007,19,0,0.392893289,E1 Q1,no,E1
91,Q1,54,7,210.5236322,91.56795811,22,0,0.036855802,E1 Q1,no,E1
95,Q1,55,7,239.3750303,210.5236322,23,0,0.0340363,E1 Q1,no,E1
17,Q1,34,9,109.4022564,55.46462315,1,0,1.40E-08,E1 Q1,no,E1
25,Q1,35,9,23.31318772,109.4022564,2,0,-9.78E-09,E1 Q1,no,E1
32,Q1,36,9,23.91582624,23.31318772,3,0,1.42600662,E1 Q1,no,E1
19,Q1,35,11,27.60757931,10.99469564,1,0,-7.08E-09,E1 Q1,no,E1
62,Q1,45,23,0.958234342,0.25,1,0,7.976587852,E1 Q1,no,E1
67,Q1,46,23,2.186924546,0.958234342,2,0,6.317598019,E1 Q1,no,E1
76,Q1,50,23,4.217840214,3.607091343,6,0,7.016714433,E1 Q1,no,E1
83,Q1,51,23,11.90617985,4.217840214,7,0,6.033284733,E1 Q1,no,E1
89,Q1,54,23,42.97447126,51.17797087,10,0,-1.20E-08,E1 Q1,no,E1
93,Q1,55,23,54.84447362,42.97447126,11,0,7.17917065,E1 Q1,no,E1
77,Q1,50,26,30.71172061,58.11580942,1,0,-1.80E-08,E1 Q1,no,E1
78,Q1,50,27,15.9834904,14.79885998,1,0,1.13E-08,E1 Q1,no,E1
84,Q1,51,27,48.10592592,15.9834904,2,1,1.17E-08,E1 Q1,no,E1
96,Q10,30,6,193.5821559,86.31221572,1,0,27.0552332,P1 E1 Q4,no,P1E1
97,Q10,31,6,208.6057046,193.5821559,2,0,27.43899099,P1 E1 Q4,no,P1E1
98,Q10,32,6,295.137001,208.6057046,3,0,21.40395973,P1 E1 Q4,no,P1E1
99,Q10,33,6,166.1090483,295.137001,4,0,18.7080785,P1 E1 Q4,no,P1E1
100,Q10,34,6,260.6166643,166.1090483,5,0,24.408941,P1 E1 Q4,no,P1E1
101,Q10,35,6,319.0675325,260.6166643,6,0,21.1755863,P1 E1 Q4,no,P1E1
103,Q10,36,6,379.4415016,319.0675325,7,0,19.23466675,P1 E1 Q4,no,P1E1
106,Q10,37,6,389.0535016,379.4415016,8,0,19.3357777,P1 E1 Q4,no,P1E1
110,Q10,38,6,366.0778578,389.0535016,9,0,18.09076834,P1 E1 Q4,no,P1E1
114,Q10,39,6,426.5780746,366.0778578,10,0,17.90888549,P1 E1 Q4,no,P1E1
118,Q10,40,6,513.7907812,426.5780746,11,0,13.32640193,P1 E1 Q4,no,P1E1
121,Q10,41,6,304.3318291,513.7907812,12,0,5.0040941,P1 E1 Q4,no,P1E1
104,Q10,36,8,19.66159276,12.28094232,3,0,2.87682925,P1 E1 Q4,no,P1E1
107,Q10,37,8,32.78821087,19.66159276,4,0,2.4121316,P1 E1 Q4,no,P1E1
111,Q10,38,8,20.20236644,32.78821087,5,0,0.877358156,P1 E1 Q4,no,P1E1
115,Q10,39,8,22.89594832,20.20236644,6,0,1.980705058,P1 E1 Q4,no,P1E1
119,Q10,40,8,24.52787384,22.89594832,7,0,2.924719101,P1 E1 Q4,no,P1E1
122,Q10,41,8,26.11442491,24.52787384,8,0,0.502579265,P1 E1 Q4,no,P1E1
108,Q10,38,18,20.41831928,25.03489327,3,1,5.59E-09,P1 E1 Q4,no,P1E1
112,Q10,39,18,5.536759287,20.41831928,4,1,-1.22E-08,P1 E1 Q4,no,P1E1
116,Q10,40,18,15.90261218,5.536759287,5,1,-8.22E-09,P1 E1 Q4,no,P1E1
102,Q10,36,19,0.25,0.25,1,0,10.24009957,P1 E1 Q4,no,P1E1
105,Q10,37,19,8.616626454,0.25,2,0,8.929837071,P1 E1 Q4,no,P1E1
109,Q10,38,19,6.886624976,8.616626454,3,0,6.942362831,P1 E1 Q4,no,P1E1
113,Q10,39,19,12.57693554,6.886624976,4,0,7.744771429,P1 E1 Q4,no,P1E1
117,Q10,40,19,26.79269932,12.57693554,5,0,4.783569869,P1 E1 Q4,no,P1E1
120,Q10,41,19,40.66924279,26.79269932,6,0,3.069737856,P1 E1 Q4,no,P1E1
123,Q11,30,8,24.06101021,9.460255925,1,0,3.8881027,P1 Q1,yes,P1
124,Q11,31,8,27.88328375,24.06101021,2,0,2.974514417,P1 Q1,yes,P1
126,Q11,32,8,94.53687478,27.88328375,3,0,8.9983605,P1 Q1,yes,P1
128,Q11,33,8,16.77220668,94.53687478,4,0,-1.35E-08,P1 Q1,yes,P1
125,Q11,31,9,100.8718423,21.51352865,1,0,0.228158152,P1 Q1,yes,P1
127,Q11,32,9,84.86145533,100.8718423,2,0,0.0174613,P1 Q1,yes,P1
129,Q11,35,9,70.35822736,72.39515014,5,0,-1.77E-08,P1 Q1,yes,P1
130,Q11,36,9,72.83767846,70.35822736,6,0,0.37115115,P1 Q1,yes,P1
131,Q11,37,9,28.3604123,72.83767846,7,0,0.386648,P1 Q1,yes,P1
132,Q11,38,9,73.85224022,28.3604123,8,1,0.16264255,P1 Q1,yes,P1
133,Q11,39,9,78.06032942,73.85224022,9,0,0.23610505,P1 Q1,yes,P1
134,Q11,40,9,55.60497132,78.06032942,10,0,0.0999144,P1 Q1,yes,P1
135,Q11,41,9,56.52976952,55.60497132,11,0,0.2287394,P1 Q1,yes,P1
136,Q11,45,9,148.7922199,172.9683106,15,0,0.57629255,P1 Q1,yes,P1
137,Q11,46,9,150.6025002,148.7922199,16,0,1.87E-08,P1 Q1,yes,P1
138,Q11,49,9,85.56197559,84.29107612,19,0,4.25E-09,P1 Q1,yes,P1
139,Q11,56,30,165.333017,85.5264213,1,0,2.69662145,P1 Q1,yes,P1
140,Q11,56,31,45.82043316,15.23008929,1,0,15.063066,P1 Q1,yes,P1
142,Q12,30,9,14.20403383,12.75402524,1,0,19.392516,P1 Q2,yes,P1
144,Q12,31,9,0.25,14.20403383,2,0,19.67931598,P1 Q2,yes,P1
146,Q12,32,9,5.483769439,0.25,3,0,21.41991052,P1 Q2,yes,P1
141,Q12,30,10,12.52645408,1.757924573,1,0,39.63346365,P1 Q2,yes,P1
143,Q12,31,10,0.25,12.52645408,2,0,39.01800897,P1 Q2,yes,P1
145,Q12,32,10,40.23069333,0.25,3,0,36.50243944,P1 Q2,yes,P1
147,Q12,33,10,17.74105539,40.23069333,4,0,39.7128371,P1 Q2,yes,P1
148,Q12,34,10,64.06461619,17.74105539,5,0,39.82307615,P1 Q2,yes,P1
149,Q12,35,10,73.75336665,64.06461619,6,0,36.74824102,P1 Q2,yes,P1
150,Q12,36,10,43.87382693,73.75336665,7,0,35.42946055,P1 Q2,yes,P1
151,Q12,37,10,66.65073216,43.87382693,8,0,28.6631043,P1 Q2,yes,P1
154,Q12,40,10,56.46772417,88.03584396,11,0,21.2550566,P1 Q2,yes,P1
152,Q12,38,18,1.701134988,4.287215115,3,0,34.2239988,P1 Q2,yes,P1
153,Q12,39,23,0.25,0.25,1,1,2.045837846,P1 Q2,yes,P1
155,Q12,45,24,64.15663598,75.23629377,1,0,18.6322019,P1 Q2,yes,P1
156,Q12,46,24,29.6523435,64.15663598,2,0,20.4953035,P1 Q2,yes,P1
157,Q12,49,25,238.0155142,248.8742973,4,0,3.34E-09,P1 Q2,yes,P1
159,Q12,50,25,285.5080157,238.0155142,5,0,-1.75E-08,P1 Q2,yes,P1
160,Q12,51,25,444.2406318,285.5080157,6,0,2.54E-09,P1 Q2,yes,P1
162,Q12,54,25,432.0322535,338.4488638,9,0,-1.83E-08,P1 Q2,yes,P1
165,Q12,55,25,0.25,432.0322535,10,0,-4.44E-09,P1 Q2,yes,P1
168,Q12,56,25,20.4917947,0.25,11,0,6.44066285,P1 Q2,yes,P1
158,Q12,49,27,95.20461676,73.38827517,3,0,3.136276913,P1 Q2,yes,P1
163,Q12,54,50,0.25,0.25,3,0,19.1740113,P1 Q2,yes,P1
164,Q12,54,60,0.25,0.25,3,0,25.27661834,P1 Q2,yes,P1
166,Q12,55,60,0.25,0.25,4,0,27.04917146,P1 Q2,yes,P1
161,Q12,54,115,0.25,0.25,3,0,21.2248449,P1 Q2,yes,P1
167,Q12,56,179,21.06060614,0.25,1,0,21.80123083,P1 Q2,yes,P1
169,Q13,30,11,16.13917825,6.228319729,1,0,8.26501205,P1 Q3,yes,P1
171,Q13,31,11,47.39093448,16.13917825,2,0,8.538423,P1 Q3,yes,P1
173,Q13,32,11,25.02694854,47.39093448,3,0,5.40842535,P1 Q3,yes,P1
175,Q13,33,11,13.81229673,25.02694854,4,0,5.66654565,P1 Q3,yes,P1
177,Q13,34,11,8.73201474,13.81229673,5,0,3.63640345,P1 Q3,yes,P1
170,Q13,30,12,12.48683251,6.006658499,1,0,31.3762371,P1 Q3,yes,P1
172,Q13,31,12,0.25,12.48683251,2,0,30.9356496,P1 Q3,yes,P1
174,Q13,32,12,54.08988405,0.25,3,0,31.59823162,P1 Q3,yes,P1
176,Q13,33,12,28.9687776,54.08988405,4,0,27.6041027,P1 Q3,yes,P1
178,Q13,34,12,30.54288281,28.9687776,5,0,27.9537777,P1 Q3,yes,P1
179,Q13,35,12,9.585454666,30.54288281,6,0,28.7359332,P1 Q3,yes,P1
180,Q13,46,31,0.25,0.25,1,0,12.87208161,P1 Q3,yes,P1
181,Q13,56,41,154.8341291,65.15464054,1,0,5.725039427,P1 Q3,yes,P1
182,Q13,56,42,17.59443139,3.243841132,1,1,1.79E-08,P1 Q3,yes,P1
183,Q13,56,43,46.1904727,20.3989435,1,0,9.088569095,P1 Q3,yes,P1
184,Q13,56,44,49.7571239,19.87892482,1,0,11.0583285,P1 Q3,yes,P1
185,Q13,56,45,142.1997644,61.49578576,1,0,4.161856609,P1 Q3,yes,P1
186,Q13,56,46,73.05456433,50.87034397,1,0,18.16898084,P1 Q3,yes,P1
187,Q13,56,47,190.8051644,125.4661537,1,0,17.07253318,P1 Q3,yes,P1
188,Q13,56,48,201.8256623,98.60210995,1,0,2.413955824,P1 Q3,yes,P1
189,Q14,30,13,3.860028074,3.689336077,1,0,5.0010597,P1 Q4,yes,P1
190,Q14,30,15,116.894845,90.22914211,1,0,15.344116,P1 Q4,yes,P1
192,Q14,31,15,163.1772446,116.894845,2,0,13.34492065,P1 Q4,yes,P1
194,Q14,32,15,348.2203221,163.1772446,3,0,15.27791365,P1 Q4,yes,P1
196,Q14,33,15,136.0364802,348.2203221,4,0,8.22298006,P1 Q4,yes,P1
198,Q14,34,15,322.3069003,136.0364802,5,0,9.767185509,P1 Q4,yes,P1
202,Q14,35,15,249.6836845,322.3069003,6,0,6.805955827,P1 Q4,yes,P1
207,Q14,36,15,301.5236532,249.6836845,7,0,12.21630584,P1 Q4,yes,P1
211,Q14,37,15,238.2906939,301.5236532,8,0,7.548890964,P1 Q4,yes,P1
215,Q14,38,15,389.6760311,238.2906939,9,0,2.802295643,P1 Q4,yes,P1
220,Q14,39,15,281.3071522,389.6760311,10,0,1.783226103,P1 Q4,yes,P1
226,Q14,40,15,142.7158759,281.3071522,11,0,3.051381588,P1 Q4,yes,P1
231,Q14,41,15,132.8664766,142.7158759,12,0,10.94433628,P1 Q4,yes,P1
235,Q14,45,15,230.5832214,282.9187901,16,0,5.206240951,P1 Q4,yes,P1
239,Q14,46,15,181.8803598,230.5832214,17,0,6.00562064,P1 Q4,yes,P1
242,Q14,49,15,75.37577305,121.7957377,20,0,14.09853553,P1 Q4,yes,P1
191,Q14,30,16,46.08117343,33.84986867,1,0,3.5849199,P1 Q4,yes,P1
193,Q14,31,16,54.85423607,46.08117343,2,0,1.778344887,P1 Q4,yes,P1
195,Q14,32,16,132.0020663,54.85423607,3,0,3.1351988,P1 Q4,yes,P1
197,Q14,33,16,67.09898392,132.0020663,4,0,2.25E-08,P1 Q4,yes,P1
199,Q14,34,16,103.1046718,67.09898392,5,0,0.515127688,P1 Q4,yes,P1
203,Q14,35,16,92.05992356,103.1046718,6,0,1.094669077,P1 Q4,yes,P1
208,Q14,36,16,93.96484694,92.05992356,7,0,0.140913648,P1 Q4,yes,P1
212,Q14,37,16,45.60614737,93.96484694,8,0,0.211451122,P1 Q4,yes,P1
216,Q14,38,16,18.20712439,45.60614737,9,0,0.174373014,P1 Q4,yes,P1
221,Q14,39,16,8.830950115,18.20712439,10,1,0.065423008,P1 Q4,yes,P1
200,Q14,34,18,4.934102755,0.25,1,0,21.2778488,P1 Q4,yes,P1
204,Q14,35,18,5.710624942,4.934102755,2,0,20.4594363,P1 Q4,yes,P1
209,Q14,36,18,2.483901592,5.710624942,3,0,20.34148474,P1 Q4,yes,P1
213,Q14,37,18,5.261368496,2.483901592,4,0,19.70719022,P1 Q4,yes,P1
217,Q14,38,18,11.19018581,5.261368496,5,0,17.02735819,P1 Q4,yes,P1
222,Q14,39,18,17.0023548,11.19018581,6,0,18.52727148,P1 Q4,yes,P1
227,Q14,40,18,21.37828058,17.0023548,7,0,13.87618158,P1 Q4,yes,P1
232,Q14,41,18,27.0035509,21.37828058,8,0,13.46124097,P1 Q4,yes,P1
236,Q14,45,18,160.9377782,148.2166127,12,0,8.159497202,P1 Q4,yes,P1
240,Q14,46,18,67.14313768,160.9377782,13,0,8.506705835,P1 Q4,yes,P1
243,Q14,49,18,23.82441419,39.82487359,16,0,12.3590019,P1 Q4,yes,P1
201,Q14,34,19,2.206897662,0.25,1,0,10.25950035,P1 Q4,yes,P1
205,Q14,35,20,1.292729638,2.806786836,1,1,4.22E-09,P1 Q4,yes,P1
210,Q14,36,20,5.057398826,1.292729638,2,1,2.35E-08,P1 Q4,yes,P1
214,Q14,37,20,6.015363054,5.057398826,3,1,-2.01E-08,P1 Q4,yes,P1
218,Q14,38,20,11.67723403,6.015363054,4,1,-1.29E-08,P1 Q4,yes,P1
223,Q14,39,20,15.05200539,11.67723403,5,1,0.2096316,P1 Q4,yes,P1
228,Q14,40,20,0.25,15.05200539,6,1,0.37350973,P1 Q4,yes,P1
233,Q14,41,20,6.852714317,0.25,7,1,0.017026126,P1 Q4,yes,P1
237,Q14,45,20,20.04383963,8.154563262,11,1,1.72E-08,P1 Q4,yes,P1
241,Q14,46,20,0.93147956,20.04383963,12,1,-1.61E-09,P1 Q4,yes,P1
206,Q14,35,21,13.52935768,4.635659872,1,1,4.22E-09,P1 Q4,yes,P1
219,Q14,38,33,51.40378404,0.25,1,0,7.157831601,P1 Q4,yes,P1
224,Q14,39,33,61.44024192,51.40378404,2,0,2.61E-09,P1 Q4,yes,P1
229,Q14,40,33,68.67704421,61.44024192,3,0,-9.02E-09,P1 Q4,yes,P1
234,Q14,41,33,10.9145766,68.67704421,4,0,1.92E-08,P1 Q4,yes,P1
238,Q14,45,33,19.02168603,14.12214498,8,1,2.28E-08,P1 Q4,yes,P1
225,Q14,39,64,0.25,0.25,1,0,13.42674645,P1 Q4,yes,P1
230,Q14,40,64,10.96576995,0.25,2,0,13.18562536,P1 Q4,yes,P1
244,Q14,56,120,11.22777946,0.299441674,1,0,35.48978005,P1 Q4,yes,P1
245,Q14,56,121,32.01418792,60.77913738,1,0,16.59400427,P1 Q4,yes,P1
246,Q14,56,122,51.69731303,36.93015283,1,0,5.61453552,P1 Q4,yes,P1
247,Q15,30,17,81.3418,26.23095,1,0,1.747668837,P2 Q1,yes,P2
255,Q15,31,17,0.25,81.3418,2,0,0.229135646,P2 Q1,yes,P2
265,Q15,34,17,36.7151,8.6676,5,0,1.921470894,P2 Q1,yes,P2
248,Q15,30,18,10.3018,6.55295,1,0,25.65766884,P2 Q1,yes,P2
256,Q15,31,18,0.25,10.3018,2,0,28.37913565,P2 Q1,yes,P2
266,Q15,34,18,38.71335,26.15285,5,0,25.12147089,P2 Q1,yes,P2
249,Q15,30,19,42.87215,13.04955,1,0,12.79766884,P2 Q1,yes,P2
257,Q15,31,19,58.1913,42.87215,2,0,12.75913565,P2 Q1,yes,P2
267,Q15,34,19,225.9024906,112.12735,5,0,6.241470894,P2 Q1,yes,P2
250,Q15,30,20,154.35965,124.8759,1,0,27.36,P2 Q1,yes,P2
258,Q15,31,20,235.58935,154.35965,2,0,25.42434528,P2 Q1,yes,P2
268,Q15,34,20,287.4591,200.76725,5,0,22.5,P2 Q1,yes,P2
251,Q15,30,21,39.21265,25.6237,1,0,8.97,P2 Q1,yes,P2
259,Q15,31,21,0.5,39.21265,2,0,6.115654717,P2 Q1,yes,P2
269,Q15,34,21,177.47,74.7046,5,0,6.13,P2 Q1,yes,P2
252,Q15,30,22,14.7975,5.3142,1,0,10.27233116,P2 Q1,yes,P2
260,Q15,31,22,0.25,14.7975,2,0,7.290864354,P2 Q1,yes,P2
270,Q15,34,22,96.3036,35.7922,5,0,6.638529106,P2 Q1,yes,P2
253,Q15,30,23,277.1644344,407.6456,1,0,0.002331163,P2 Q1,yes,P2
261,Q15,31,23,367.1940865,277.1644344,2,0,0,P2 Q1,yes,P2
271,Q15,34,23,501.249,344.9966717,5,0,-2.84E-14,P2 Q1,yes,P2
254,Q15,30,24,19.28606225,10.20635,1,0,1.59,P2 Q1,yes,P2
262,Q15,31,24,0.229414665,19.28606225,2,0,-5.55E-15,P2 Q1,yes,P2
272,Q15,34,24,74.38285,59.6683,5,0,1.94,P2 Q1,yes,P2
263,Q15,31,25,0.25,2.9857,1,0,12.76434528,P2 Q1,yes,P2
273,Q15,34,25,45.41215,8.72695,4,0,11.55,P2 Q1,yes,P2
264,Q15,31,28,0.25,2.28365,1,0,7.794345283,P2 Q1,yes,P2
274,Q15,34,28,61.6971,14.5621,4,0,1.38,P2 Q1,yes,P2
275,Q15,56,47,83.89746513,476.36255,1,0,0.002717807,P2 Q1,yes,P2
276,Q15,56,48,120.73865,274.1497,1,0,2.092717807,P2 Q1,yes,P2
277,Q15,56,50,21.3967,54.8424,1,0,1.672328331,P2 Q1,yes,P2
278,Q15,56,51,12.70005,20.4424,1,0,1.737282193,P2 Q1,yes,P2
279,Q15,56,52,141.8703948,208.0696196,1,0,0,P2 Q1,yes,P2
280,Q15,56,53,92.29710867,164.40795,1,0,0.027671669,P2 Q1,yes,P2
281,Q15,56,54,55.91884861,78.6789,1,0,0.187282193,P2 Q1,yes,P2
282,Q16,30,25,110.9712252,67.40803795,1,0,36.1188496,P2 Q2,yes,P2
283,Q16,31,25,174.4237349,110.9712252,2,0,37.12058318,P2 Q2,yes,P2
285,Q16,34,25,317.7303062,271.5792689,5,0,34.29161914,P2 Q2,yes,P2
284,Q16,31,28,0.25,2.732458036,1,0,33.19471055,P2 Q2,yes,P2
286,Q16,34,28,63.43559558,24.43854107,4,0,31.03940429,P2 Q2,yes,P2
287,Q16,34,29,23.34382495,2.56123926,1,0,19.59885425,P2 Q2,yes,P2
288,Q16,34,30,88.15805196,63.26057522,1,1,-1.29E-08,P2 Q2,yes,P2
289,Q16,34,31,45.32011607,46.241898,1,1,0.184381576,P2 Q2,yes,P2
290,Q16,56,81,26.04557513,1.401466429,1,1,0.008104244,P2 Q2,yes,P2
291,Q16,56,82,61.23837591,18.75922547,1,0,-2.44E-08,P2 Q2,yes,P2
292,Q16,56,83,186.3616339,85.71598131,1,0,-8.04E-09,P2 Q2,yes,P2
293,Q16,56,85,532.2344497,771.4124282,1,0,0.017955008,P2 Q2,yes,P2
294,Q16,56,86,1106.478225,920.6888186,1,0,21.06234726,P2 Q2,yes,P2
295,Q16,56,87,125.061267,198.7265501,1,0,0.101333179,P2 Q2,yes,P2
296,Q16,56,88,90.49860792,131.5217968,1,0,16.51224803,P2 Q2,yes,P2
297,Q16,56,89,213.2098876,230.211927,1,0,1.69E-08,P2 Q2,yes,P2
298,Q17,30,28,431.5313843,451.8436779,1,0,4.44171365,P2 Q3,yes,P2
302,Q17,31,28,653.4965282,431.5313843,2,0,0.66440425,P2 Q3,yes,P2
305,Q17,34,28,693.6389091,695.9428748,5,0,-4.62E-09,P2 Q3,yes,P2
299,Q17,30,29,15.8702904,17.70338205,1,0,39.08101445,P2 Q3,yes,P2
306,Q17,34,29,59.00506055,30.45392486,5,0,37.17780739,P2 Q3,yes,P2
300,Q17,30,30,103.0654613,99.18690796,1,0,23.23118945,P2 Q3,yes,P2
303,Q17,31,30,194.9107761,103.0654613,2,0,23.96915585,P2 Q3,yes,P2
307,Q17,34,30,109.0564331,91.36832951,5,0,24.53992695,P2 Q3,yes,P2
301,Q17,30,31,23.79602494,10.91542261,1,0,15.44384725,P2 Q3,yes,P2
304,Q17,31,31,43.25492747,23.79602494,2,0,15.1585871,P2 Q3,yes,P2
308,Q17,34,31,145.1878844,85.53937654,5,0,11.52005428,P2 Q3,yes,P2
309,Q17,34,33,46.64740619,7.797035494,1,1,-4.62E-09,P2 Q3,yes,P2
310,Q17,56,59,9.815953412,1.004523976,1,0,9.518638619,P2 Q3,yes,P2
311,Q17,56,61,25.54256006,22.63178867,1,0,3.643327676,P2 Q3,yes,P2
312,Q17,56,62,54.20128353,84.73842512,1,0,1.05E-08,P2 Q3,yes,P2
313,Q17,56,63,215.1666323,134.0198198,1,0,1.922584727,P2 Q3,yes,P2
314,Q17,56,64,591.5799134,487.5628724,1,0,1.441523798,P2 Q3,yes,P2
315,Q17,56,66,600.2734203,404.3484343,1,0,0.1738222,P2 Q3,yes,P2
316,Q18,30,33,149.5905753,133.3042308,1,0,-2.06E-08,P2 Q4,yes,P2
320,Q18,31,33,221.5104189,149.5905753,2,0,-6.24E-09,P2 Q4,yes,P2
317,Q18,30,34,107.11664,75.03489526,1,0,24.11240035,P2 Q4,yes,P2
321,Q18,31,34,0.25,107.11664,2,0,29.20218941,P2 Q4,yes,P2
323,Q18,34,34,0.695919745,14.31522005,5,0,28.49344257,P2 Q4,yes,P2
318,Q18,30,35,13.13199246,6.48546929,1,0,21.86685582,P2 Q4,yes,P2
322,Q18,31,35,0.25,13.13199246,2,0,18.58458944,P2 Q4,yes,P2
324,Q18,34,35,52.45700201,11.63052708,5,0,16.61386756,P2 Q4,yes,P2
319,Q18,30,36,1.689671393,17.8896613,1,1,5.57E-09,P2 Q4,yes,P2
325,Q18,34,37,16.06431872,2.92668655,1,0,22.54879413,P2 Q4,yes,P2
326,Q18,34,38,17.60734663,2.415499103,1,0,28.12170817,P2 Q4,yes,P2
327,Q18,34,39,56.01548854,12.44317829,1,0,11.09657849,P2 Q4,yes,P2
328,Q18,56,68,71.95959092,47.01044398,1,0,-1.33E-08,P2 Q4,yes,P2
329,Q18,56,69,2.96785,301.4664135,1,0,0.223730808,P2 Q4,yes,P2
330,Q18,56,70,52.6061,78.92929934,1,0,5.011411268,P2 Q4,yes,P2
331,Q18,56,71,346.0626008,380.4212346,1,0,-2.16E-08,P2 Q4,yes,P2
332,Q18,56,73,930.8063,448.8910623,1,0,8.301367548,P2 Q4,yes,P2
333,Q18,56,74,137.2038,197.706693,1,0,12.84889645,P2 Q4,yes,P2
334,Q18,56,75,54.91055,70.07153086,1,0,3.942012054,P2 Q4,yes,P2
335,Q18,56,76,0.42165,12.90340484,1,1,1.07E-08,P2 Q4,yes,P2
336,Q19,33,49,0.25,0.25,1,0,16.45068864,P7 E1 Q1,no,P7E1
337,Q19,33,50,0.25,0.25,1,0,22.5145988,P7 E1 Q1,no,P7E1
338,Q19,35,52,49.77339536,42.43218802,1,0,27.603191,P7 E1 Q1,no,P7E1
339,Q19,36,52,91.70551317,49.77339536,2,0,27.0011535,P7 E1 Q1,no,P7E1
340,Q19,37,52,125.6342938,91.70551317,3,0,26.5193652,P7 E1 Q1,no,P7E1
343,Q19,38,52,112.1275894,125.6342938,4,0,25.2073402,P7 E1 Q1,no,P7E1
347,Q19,39,52,173.538896,112.1275894,5,0,24.78892695,P7 E1 Q1,no,P7E1
350,Q19,40,52,288.1165064,173.538896,6,0,22.59612695,P7 E1 Q1,no,P7E1
352,Q19,41,52,278.0000579,288.1165064,7,0,20.22560817,P7 E1 Q1,no,P7E1
356,Q19,45,52,609.0062275,880.1107571,11,0,9.341146449,P7 E1 Q1,no,P7E1
358,Q19,46,52,595.5486408,609.0062275,12,0,8.427977687,P7 E1 Q1,no,P7E1
360,Q19,49,52,577.8626741,399.1747672,15,0,7.056193314,P7 E1 Q1,no,P7E1
362,Q19,50,52,500.8926265,577.8626741,16,0,6.428251901,P7 E1 Q1,no,P7E1
364,Q19,51,52,663.3390255,500.8926265,17,0,3.828291749,P7 E1 Q1,no,P7E1
367,Q19,54,52,850.4030233,676.3075998,20,0,-1.07E-08,P7 E1 Q1,no,P7E1
370,Q19,55,52,254.4834274,850.4030233,21,0,-2.65E-09,P7 E1 Q1,no,P7E1
341,Q19,37,55,3.027064551,0.25,1,0,13.08366129,P7 E1 Q1,no,P7E1
344,Q19,38,55,0.25,3.027064551,2,0,12.38601129,P7 E1 Q1,no,P7E1
348,Q19,39,55,0.25,0.25,3,0,13.83919958,P7 E1 Q1,no,P7E1
351,Q19,40,55,5.39258837,0.25,4,0,13.20031208,P7 E1 Q1,no,P7E1
353,Q19,41,55,11.6862995,5.39258837,5,0,12.30200816,P7 E1 Q1,no,P7E1
342,Q19,37,59,0.25,0.25,1,0,27.2867199,P7 E1 Q1,no,P7E1
345,Q19,38,59,0.25,0.25,2,0,26.97552615,P7 E1 Q1,no,P7E1
346,Q19,38,63,0.25,0.25,1,1,2.145526128,P7 E1 Q1,no,P7E1
349,Q19,39,63,0.25,0.25,2,1,2.696869097,P7 E1 Q1,no,P7E1
354,Q19,41,70,0.25,0.25,1,1,0.440923782,P7 E1 Q1,no,P7E1
355,Q19,41,71,0.25,0.25,1,0,7.374879257,P7 E1 Q1,no,P7E1
357,Q19,45,71,29.08859989,27.12078695,5,0,5.058531601,P7 E1 Q1,no,P7E1
359,Q19,46,71,1.836532107,29.08859989,6,0,5.584783961,P7 E1 Q1,no,P7E1
361,Q19,49,71,67.15664312,23.66310887,9,0,4.73848315,P7 E1 Q1,no,P7E1
363,Q19,50,71,88.91130109,67.15664312,10,0,2.839522982,P7 E1 Q1,no,P7E1
365,Q19,51,71,103.241718,88.91130109,11,0,2.756997985,P7 E1 Q1,no,P7E1
368,Q19,54,71,201.3621771,117.1490205,14,0,4.15909017,P7 E1 Q1,no,P7E1
371,Q19,55,71,113.2734711,201.3621771,15,0,0.15451988,P7 E1 Q1,no,P7E1
366,Q19,54,120,173.6620259,183.7782561,1,0,0.249125364,P7 E1 Q1,no,P7E1
369,Q19,55,120,79.00709986,173.6620259,2,0,-1.60E-08,P7 E1 Q1,no,P7E1
372,Q2,32,44,63.72461991,95.94018448,1,0,10.37620897,E1 Q2,no,E1
376,Q2,33,44,24.54031069,63.72461991,2,0,10.88669722,E1 Q2,no,E1
380,Q2,34,44,68.00645377,24.54031069,3,0,10.41565191,E1 Q2,no,E1
384,Q2,35,44,75.24499788,68.00645377,4,0,7.688608943,E1 Q2,no,E1
392,Q2,36,44,102.4932088,75.24499788,5,0,6.1426277,E1 Q2,no,E1
397,Q2,37,44,78.42863914,102.4932088,6,0,4.731355804,E1 Q2,no,E1
405,Q2,38,44,66.80758515,78.42863914,7,0,8.58622065,E1 Q2,no,E1
413,Q2,39,44,61.14161527,66.80758515,8,0,7.09991285,E1 Q2,no,E1
421,Q2,40,44,37.86806166,61.14161527,9,0,8.020655059,E1 Q2,no,E1
426,Q2,41,44,71.29320572,37.86806166,10,0,7.6525277,E1 Q2,no,E1
431,Q2,45,44,41.62721375,82.59771453,14,0,8.341388654,E1 Q2,no,E1
435,Q2,46,44,44.87015288,41.62721375,15,0,16.16259255,E1 Q2,no,E1
439,Q2,49,44,50.42316879,75.2718576,18,0,8.223490217,E1 Q2,no,E1
443,Q2,50,44,100.8563374,50.42316879,19,0,9.76704725,E1 Q2,no,E1
446,Q2,51,44,121.5071532,100.8563374,20,0,5.6660441,E1 Q2,no,E1
373,Q2,32,45,186.4506067,215.3926881,1,0,6.94E-09,E1 Q2,no,E1
377,Q2,33,45,26.92607497,186.4506067,2,0,-2.34E-08,E1 Q2,no,E1
374,Q2,32,46,49.11744223,45.56429011,1,0,31.35208086,E1 Q2,no,E1
385,Q2,35,46,51.05614865,91.2930257,4,0,30.30860351,E1 Q2,no,E1
393,Q2,36,46,76.24788958,51.05614865,5,0,31.51847225,E1 Q2,no,E1
398,Q2,37,46,71.51602999,76.24788958,6,0,31.66602225,E1 Q2,no,E1
406,Q2,38,46,80.53870509,71.51602999,7,0,29.4191613,E1 Q2,no,E1
414,Q2,39,46,24.02425415,80.53870509,8,0,36.95254805,E1 Q2,no,E1
422,Q2,40,46,42.8415743,24.02425415,9,0,35.30736911,E1 Q2,no,E1
427,Q2,41,46,23.8186002,42.8415743,10,0,32.61311445,E1 Q2,no,E1
432,Q2,45,46,17.66274697,23.289897,14,0,34.46573865,E1 Q2,no,E1
375,Q2,32,47,60.33266871,27.40265477,1,0,-2.14E-08,E1 Q2,no,E1
378,Q2,33,47,40.39713589,60.33266871,2,0,7.39E-09,E1 Q2,no,E1
381,Q2,34,47,110.3388702,40.39713589,3,0,0.042165993,E1 Q2,no,E1
386,Q2,35,47,61.08169454,110.3388702,4,0,0.558844852,E1 Q2,no,E1
394,Q2,36,47,38.59213593,61.08169454,5,0,0.034723,E1 Q2,no,E1
399,Q2,37,47,47.09324537,38.59213593,6,0,0.908952673,E1 Q2,no,E1
407,Q2,38,47,44.97139427,47.09324537,7,0,0.33308865,E1 Q2,no,E1
379,Q2,33,48,20.92473381,20.88066182,1,1,-2.34E-08,E1 Q2,no,E1
382,Q2,34,48,38.14919515,20.92473381,2,1,2.22E-08,E1 Q2,no,E1
400,Q2,37,48,88.07150661,99.64399522,5,0,-2.12E-08,E1 Q2,no,E1
408,Q2,38,48,49.87785521,88.07150661,6,0,0.0551152,E1 Q2,no,E1
415,Q2,39,48,38.67094531,49.87785521,7,0,0.0418855,E1 Q2,no,E1
423,Q2,40,48,21.72589092,38.67094531,8,0,-4.93E-09,E1 Q2,no,E1
383,Q2,34,49,27.68644116,5.16991237,1,0,6.468040962,E1 Q2,no,E1
387,Q2,35,49,60.26692824,27.68644116,2,0,8.183163624,E1 Q2,no,E1
395,Q2,36,49,66.525375,60.26692824,3,0,2.36181205,E1 Q2,no,E1
401,Q2,37,49,153.442041,66.525375,4,0,2.348105833,E1 Q2,no,E1
409,Q2,38,49,149.6521008,153.442041,5,0,0.0311074,E1 Q2,no,E1
416,Q2,39,49,209.9523468,149.6521008,6,0,0.0590027,E1 Q2,no,E1
424,Q2,40,49,208.3250583,209.9523468,7,0,-5.69E-09,E1 Q2,no,E1
428,Q2,41,49,279.4267841,208.3250583,8,0,0.0358863,E1 Q2,no,E1
433,Q2,45,49,320.6446523,559.4831145,12,0,-2.38E-08,E1 Q2,no,E1
436,Q2,46,49,252.9363916,320.6446523,13,0,0.065298,E1 Q2,no,E1
440,Q2,49,49,118.617384,175.7119811,16,0,1.99E-08,E1 Q2,no,E1
444,Q2,50,49,165.5129402,118.617384,17,0,0.1844777,E1 Q2,no,E1
447,Q2,51,49,190.6266297,165.5129402,18,0,0.14813315,E1 Q2,no,E1
448,Q2,54,49,147.758851,153.3777581,21,0,0.291398,E1 Q2,no,E1
449,Q2,55,49,145.0991731,147.758851,22,0,8.58E-09,E1 Q2,no,E1
388,Q2,35,52,29.95152384,34.97976296,1,0,4.904860494,E1 Q2,no,E1
396,Q2,36,52,18.5458876,29.95152384,2,0,8.34549565,E1 Q2,no,E1
402,Q2,37,52,41.89324045,18.5458876,3,0,7.443948787,E1 Q2,no,E1
410,Q2,38,52,3.9321522,41.89324045,4,0,5.4990863,E1 Q2,no,E1
417,Q2,39,52,3.475976164,3.9321522,5,0,9.906573,E1 Q2,no,E1
389,Q2,35,53,0.25,0.25,1,0,17.14905427,E1 Q2,no,E1
390,Q2,35,56,0.25,0.25,1,0,22.13037302,E1 Q2,no,E1
391,Q2,35,59,0.25,0.25,1,0,18.85733396,E1 Q2,no,E1
403,Q2,37,82,9.096329073,0.25,1,0,18.76515896,E1 Q2,no,E1
411,Q2,38,82,16.14530092,9.096329073,2,0,17.45738475,E1 Q2,no,E1
418,Q2,39,82,20.2961885,16.14530092,3,0,16.75341285,E1 Q2,no,E1
425,Q2,40,82,2.515276512,20.2961885,4,0,14.03813866,E1 Q2,no,E1
429,Q2,41,82,0.25,2.515276512,5,0,17.0750269,E1 Q2,no,E1
404,Q2,37,84,0.25,0.25,1,0,20.63528396,E1 Q2,no,E1
412,Q2,38,84,2.171197102,0.25,2,0,20.47945818,E1 Q2,no,E1
419,Q2,39,86,12.09844963,2.65696524,3,0,14.38664565,E1 Q2,no,E1
420,Q2,40,100,28.65444053,23.68679211,1,0,0.272250345,E1 Q2,no,E1
430,Q2,45,104,0.25,0.25,1,0,20.11078161,E1 Q2,no,E1
434,Q2,46,104,2.067821135,0.25,2,0,19.24695739,E1 Q2,no,E1
437,Q2,49,105,18.38819686,16.42059403,4,0,7.085650357,E1 Q2,no,E1
441,Q2,50,105,28.02634852,18.38819686,5,0,6.61444565,E1 Q2,no,E1
438,Q2,49,106,14.10339438,2.071709465,1,0,18.2455035,E1 Q2,no,E1
442,Q2,50,106,21.45970405,14.10339438,2,0,14.7537019,E1 Q2,no,E1
445,Q2,51,106,49.79536113,21.45970405,3,0,15.759198,E1 Q2,no,E1
450,Q20,26,48,157.1679776,37.09985142,4,0,1.260421414,P7 E1 Q2,no,P7E1
453,Q20,29,48,212.1220514,215.1312382,7,0,1.30E-08,P7 E1 Q2,no,P7E1
456,Q20,30,48,223.3293967,212.1220514,8,0,0.139838601,P7 E1 Q2,no,P7E1
460,Q20,31,48,324.8344548,223.3293967,9,0,-1.46E-09,P7 E1 Q2,no,P7E1
464,Q20,32,48,311.5356989,324.8344548,10,0,-1.44E-08,P7 E1 Q2,no,P7E1
467,Q20,33,48,234.609225,311.5356989,11,0,0.078020646,P7 E1 Q2,no,P7E1
470,Q20,34,48,429.0259202,234.609225,12,0,8.86E-09,P7 E1 Q2,no,P7E1
473,Q20,35,48,353.9456851,429.0259202,13,0,-2.10E-08,P7 E1 Q2,no,P7E1
476,Q20,36,48,448.0291811,353.9456851,14,0,0.181719877,P7 E1 Q2,no,P7E1
479,Q20,37,48,316.3625295,448.0291811,15,0,0.23232142,P7 E1 Q2,no,P7E1
482,Q20,38,48,505.3204745,316.3625295,16,0,-1.74E-08,P7 E1 Q2,no,P7E1
485,Q20,39,48,453.2782254,505.3204745,17,0,0.05163939,P7 E1 Q2,no,P7E1
488,Q20,40,48,502.4756081,453.2782254,18,0,0.087413629,P7 E1 Q2,no,P7E1
491,Q20,41,48,440.3548564,502.4756081,19,0,0.352412833,P7 E1 Q2,no,P7E1
494,Q20,45,48,193.8238484,389.0570585,23,0,8.12E-09,P7 E1 Q2,no,P7E1
498,Q20,46,48,38.14100767,193.8238484,24,0,0.470013618,P7 E1 Q2,no,P7E1
454,Q20,29,49,172.6046835,100.8795379,7,0,30.6717738,P7 E1 Q2,no,P7E1
457,Q20,30,49,219.9526445,172.6046835,8,0,33.14071677,P7 E1 Q2,no,P7E1
461,Q20,31,49,386.4427565,219.9526445,9,0,28.83759804,P7 E1 Q2,no,P7E1
465,Q20,32,49,904.0520513,386.4427565,10,0,29.06326598,P7 E1 Q2,no,P7E1
468,Q20,33,49,781.8672788,904.0520513,11,0,17.63246754,P7 E1 Q2,no,P7E1
471,Q20,34,49,1195.92044,781.8672788,12,0,18.86635035,P7 E1 Q2,no,P7E1
474,Q20,35,49,1005.280976,1195.92044,13,0,18.27487846,P7 E1 Q2,no,P7E1
477,Q20,36,49,1029.175359,1005.280976,14,0,18.39059099,P7 E1 Q2,no,P7E1
480,Q20,37,49,925.6640797,1029.175359,15,0,19.34034488,P7 E1 Q2,no,P7E1
483,Q20,38,49,916.9582826,925.6640797,16,0,18.64259644,P7 E1 Q2,no,P7E1
486,Q20,39,49,1115.466093,916.9582826,17,0,17.5131105,P7 E1 Q2,no,P7E1
489,Q20,40,49,1825.022653,1115.466093,18,0,20.39804487,P7 E1 Q2,no,P7E1
492,Q20,41,49,1268.602228,1825.022653,19,0,9.56E-09,P7 E1 Q2,no,P7E1
495,Q20,45,49,890.4692813,1417.46589,23,0,16.68406128,P7 E1 Q2,no,P7E1
499,Q20,46,49,414.1064334,890.4692813,24,0,18.67665974,P7 E1 Q2,no,P7E1
502,Q20,49,49,210.924974,212.7398405,27,0,21.22978008,P7 E1 Q2,no,P7E1
505,Q20,50,49,84.07047205,210.924974,28,0,23.82534648,P7 E1 Q2,no,P7E1
508,Q20,51,49,34.47593477,84.07047205,29,0,24.22333941,P7 E1 Q2,no,P7E1
511,Q20,54,49,28.75255278,39.51840103,32,0,31.51744335,P7 E1 Q2,no,P7E1
514,Q20,55,49,25.40444887,28.75255278,33,0,37.79908789,P7 E1 Q2,no,P7E1
451,Q20,26,54,60.19585754,2.636302774,1,0,30.31225425,P7 E1 Q2,no,P7E1
455,Q20,29,54,125.270529,53.19401992,4,0,28.49080274,P7 E1 Q2,no,P7E1
458,Q20,30,54,196.5101444,125.270529,5,0,20.46042536,P7 E1 Q2,no,P7E1
462,Q20,31,54,180.9396725,196.5101444,6,0,23.02194491,P7 E1 Q2,no,P7E1
452,Q20,26,55,6.875026068,0.243614257,1,1,2.621501112,P7 E1 Q2,no,P7E1
459,Q20,30,55,44.00772702,31.75180352,5,0,-1.66E-08,P7 E1 Q2,no,P7E1
463,Q20,31,55,50.94466849,44.00772702,6,0,-5.14E-09,P7 E1 Q2,no,P7E1
466,Q20,32,55,53.95154302,50.94466849,7,0,0.911151102,P7 E1 Q2,no,P7E1
469,Q20,33,55,47.91816827,53.95154302,8,0,0.566137071,P7 E1 Q2,no,P7E1
472,Q20,34,55,128.8926093,47.91816827,9,0,0.104047209,P7 E1 Q2,no,P7E1
475,Q20,35,55,156.409002,128.8926093,10,0,0.040980836,P7 E1 Q2,no,P7E1
478,Q20,36,55,199.3281716,156.409002,11,0,0.039677688,P7 E1 Q2,no,P7E1
481,Q20,37,55,222.2810475,199.3281716,12,0,-1.89E-08,P7 E1 Q2,no,P7E1
484,Q20,38,55,243.4309446,222.2810475,13,0,-1.29E-08,P7 E1 Q2,no,P7E1
487,Q20,39,55,201.8727492,243.4309446,14,0,-1.98E-09,P7 E1 Q2,no,P7E1
490,Q20,40,55,12.07750657,201.8727492,15,0,-7.10E-09,P7 E1 Q2,no,P7E1
493,Q20,41,71,0.25,0.25,1,0,6.388158944,P7 E1 Q2,no,P7E1
496,Q20,45,71,0.25,0.25,5,0,8.212768321,P7 E1 Q2,no,P7E1
500,Q20,46,71,0.25,0.25,6,0,7.100063632,P7 E1 Q2,no,P7E1
503,Q20,49,71,20.37576083,0.490042491,9,0,7.104087858,P7 E1 Q2,no,P7E1
506,Q20,50,71,5.137223579,20.37576083,10,0,5.571008138,P7 E1 Q2,no,P7E1
509,Q20,51,71,4.860270498,5.137223579,11,0,6.872970641,P7 E1 Q2,no,P7E1
512,Q20,54,71,11.87338186,16.79294033,14,0,3.10813865,P7 E1 Q2,no,P7E1
515,Q20,55,71,7.662767194,11.87338186,15,0,6.482874544,P7 E1 Q2,no,P7E1
497,Q20,45,84,0.25,0.25,1,0,15.97020505,P7 E1 Q2,no,P7E1
501,Q20,46,85,25.04157488,18.05903237,1,1,9.63E-10,P7 E1 Q2,no,P7E1
504,Q20,49,87,8.498407195,0.471804911,1,1,0.148915964,P7 E1 Q2,no,P7E1
507,Q20,50,87,7.229412779,8.498407195,2,1,0.089985518,P7 E1 Q2,no,P7E1
510,Q20,51,87,16.89581671,7.229412779,3,1,0.127063619,P7 E1 Q2,no,P7E1
513,Q20,54,87,56.93406519,33.12747665,6,0,0.32293865,P7 E1 Q2,no,P7E1
516,Q20,55,87,35.16800791,56.93406519,7,0,1.35E-08,P7 E1 Q2,no,P7E1
517,Q21,30,54,56.53953328,101.6048004,1,0,-1.53E-08,P7 E1 Q3,no,P7E1
519,Q21,31,54,134.7502021,56.53953328,2,0,-8.29E-09,P7 E1 Q3,no,P7E1
522,Q21,32,54,185.8476015,134.7502021,3,0,-7.72E-10,P7 E1 Q3,no,P7E1
525,Q21,33,54,131.3063719,185.8476015,4,0,0.044055007,P7 E1 Q3,no,P7E1
528,Q21,34,54,180.9225558,131.3063719,5,0,-6.32E-09,P7 E1 Q3,no,P7E1
531,Q21,35,54,162.5380132,180.9225558,6,0,2.05E-08,P7 E1 Q3,no,P7E1
534,Q21,36,54,225.742315,162.5380132,7,0,0.144040198,P7 E1 Q3,no,P7E1
537,Q21,37,54,325.1427145,225.742315,8,0,0,P7 E1 Q3,no,P7E1
540,Q21,38,54,202.6639614,325.1427145,9,0,0.185830028,P7 E1 Q3,no,P7E1
543,Q21,39,54,288.703205,202.6639614,10,0,0.056153472,P7 E1 Q3,no,P7E1
546,Q21,40,54,412.0002519,288.703205,11,0,-1.60E-08,P7 E1 Q3,no,P7E1
549,Q21,41,54,341.1059196,412.0002519,12,0,0.148783163,P7 E1 Q3,no,P7E1
552,Q21,45,54,440.429575,552.4904326,16,0,0.115965951,P7 E1 Q3,no,P7E1
554,Q21,46,54,119.5152059,440.429575,17,0,3.82E-10,P7 E1 Q3,no,P7E1
518,Q21,30,55,376.6144828,353.917733,1,0,3.221332399,P7 E1 Q3,no,P7E1
520,Q21,31,55,489.1505644,376.6144828,2,0,1.627076123,P7 E1 Q3,no,P7E1
523,Q21,32,55,634.0534837,489.1505644,3,0,8.98E-09,P7 E1 Q3,no,P7E1
526,Q21,33,55,586.0960514,634.0534837,4,0,1.02E-08,P7 E1 Q3,no,P7E1
529,Q21,34,55,979.7758725,586.0960514,5,0,0.036668327,P7 E1 Q3,no,P7E1
532,Q21,35,55,725.9354485,979.7758725,6,0,1.18E-09,P7 E1 Q3,no,P7E1
535,Q21,36,55,987.0084948,725.9354485,7,0,1.59E-08,P7 E1 Q3,no,P7E1
538,Q21,37,55,1230.342927,987.0084948,8,0,0,P7 E1 Q3,no,P7E1
541,Q21,38,55,1361.453562,1230.342927,9,0,9.58E-09,P7 E1 Q3,no,P7E1
544,Q21,39,55,1420.743243,1361.453562,10,0,-1.36E-08,P7 E1 Q3,no,P7E1
547,Q21,40,55,1456.057516,1420.743243,11,0,2.44E-08,P7 E1 Q3,no,P7E1
550,Q21,41,55,1259.98754,1456.057516,12,0,1.71E-08,P7 E1 Q3,no,P7E1
553,Q21,45,55,1366.599224,1788.88324,16,0,2.28E-08,P7 E1 Q3,no,P7E1
555,Q21,46,55,183.147164,1366.599224,17,0,-9.18E-09,P7 E1 Q3,no,P7E1
556,Q21,49,55,94.11844708,221.1414998,20,0,31.63987772,P7 E1 Q3,no,P7E1
557,Q21,50,55,85.18045526,94.11844708,21,0,35.11310897,P7 E1 Q3,no,P7E1
558,Q21,51,55,155.6115537,85.18045526,22,0,35.75305351,P7 E1 Q3,no,P7E1
559,Q21,54,55,125.0971955,158.841895,25,0,37.36652772,P7 E1 Q3,no,P7E1
560,Q21,55,55,43.431149,125.0971955,26,0,36.6895082,P7 E1 Q3,no,P7E1
527,Q21,33,56,100.8273448,159.2282892,3,0,-1.72E-08,P7 E1 Q3,no,P7E1
530,Q21,34,56,92.13593324,100.8273448,4,0,-1.06E-08,P7 E1 Q3,no,P7E1
533,Q21,35,56,122.3066704,92.13593324,5,0,0.305965187,P7 E1 Q3,no,P7E1
536,Q21,36,56,160.5971279,122.3066704,6,0,0.095369093,P7 E1 Q3,no,P7E1
539,Q21,37,56,112.4519266,160.5971279,7,0,0.058638006,P7 E1 Q3,no,P7E1
542,Q21,38,56,111.7276362,112.4519266,8,0,0.253933182,P7 E1 Q3,no,P7E1
521,Q21,31,57,89.93116442,87.65706266,1,0,1.53E-08,P7 E1 Q3,no,P7E1
524,Q21,32,57,98.042604,89.93116442,2,0,-1.19E-08,P7 E1 Q3,no,P7E1
545,Q21,39,80,0.25,0.25,1,0,8.49510504,P7 E1 Q3,no,P7E1
548,Q21,40,80,0.25,0.25,2,0,6.377108944,P7 E1 Q3,no,P7E1
551,Q21,41,80,0.25,0.25,3,0,5.826365975,P7 E1 Q3,no,P7E1
561,Q22,30,56,221.6749408,200.0092376,1,0,0.09165815,P7 E1 Q4,no,P7E1
566,Q22,31,56,246.6632293,221.6749408,2,0,-6.62E-09,P7 E1 Q4,no,P7E1
570,Q22,32,56,340.6087449,246.6632293,3,0,0.058398791,P7 E1 Q4,no,P7E1
574,Q22,33,56,319.7477478,340.6087449,4,0,-1.11E-08,P7 E1 Q4,no,P7E1
578,Q22,34,56,12.2146465,319.7477478,5,0,-2.41E-09,P7 E1 Q4,no,P7E1
562,Q22,30,57,373.7429501,388.3083042,1,0,0.126532353,P7 E1 Q4,no,P7E1
567,Q22,31,57,492.5095181,373.7429501,2,0,0.042892529,P7 E1 Q4,no,P7E1
571,Q22,32,57,415.313143,492.5095181,3,0,6.22E-09,P7 E1 Q4,no,P7E1
575,Q22,33,57,438.5643814,415.313143,4,0,0.293471447,P7 E1 Q4,no,P7E1
579,Q22,34,57,850.9627156,438.5643814,5,0,0.134543316,P7 E1 Q4,no,P7E1
582,Q22,35,57,792.9283163,850.9627156,6,0,-1.26E-08,P7 E1 Q4,no,P7E1
586,Q22,36,57,1037.686423,792.9283163,7,0,0.053647995,P7 E1 Q4,no,P7E1
590,Q22,37,57,732.631837,1037.686423,8,0,-1.19E-08,P7 E1 Q4,no,P7E1
594,Q22,38,57,829.0241549,732.631837,9,0,0.06046285,P7 E1 Q4,no,P7E1
598,Q22,39,57,816.5593464,829.0241549,10,0,0.08119721,P7 E1 Q4,no,P7E1
602,Q22,40,57,723.861564,816.5593464,11,0,0.020613603,P7 E1 Q4,no,P7E1
606,Q22,41,57,383.7775291,723.861564,12,0,-1.67E-08,P7 E1 Q4,no,P7E1
610,Q22,45,57,708.7573408,761.8196374,16,0,0.006726139,P7 E1 Q4,no,P7E1
614,Q22,46,57,733.9884674,708.7573408,17,0,-1.60E-08,P7 E1 Q4,no,P7E1
616,Q22,49,57,360.6693237,439.191222,20,0,-2.76E-09,P7 E1 Q4,no,P7E1
618,Q22,50,57,247.0790357,360.6693237,21,0,-1.61E-08,P7 E1 Q4,no,P7E1
621,Q22,51,57,348.3696745,247.0790357,22,0,9.23E-09,P7 E1 Q4,no,P7E1
623,Q22,54,57,585.6609158,506.8275224,25,0,2.05E-08,P7 E1 Q4,no,P7E1
627,Q22,55,57,371.7049943,585.6609158,26,0,6.02E-09,P7 E1 Q4,no,P7E1
563,Q22,30,58,258.6083323,357.8266708,1,0,21.04518553,P7 E1 Q4,no,P7E1
568,Q22,31,58,1050.484349,258.6083323,2,0,17.67743475,P7 E1 Q4,no,P7E1
572,Q22,32,58,1183.850537,1050.484349,3,0,5.736920685,P7 E1 Q4,no,P7E1
576,Q22,33,58,1066.664884,1183.850537,4,0,2.16E-08,P7 E1 Q4,no,P7E1
580,Q22,34,58,1267.111298,1066.664884,5,0,2.353083949,P7 E1 Q4,no,P7E1
583,Q22,35,58,918.8333931,1267.111298,6,0,0.347845641,P7 E1 Q4,no,P7E1
587,Q22,36,58,1334.12019,918.8333931,7,0,4.039870645,P7 E1 Q4,no,P7E1
591,Q22,37,58,1154.72597,1334.12019,8,0,3.453396462,P7 E1 Q4,no,P7E1
595,Q22,38,58,1157.831132,1154.72597,9,0,2.76995815,P7 E1 Q4,no,P7E1
599,Q22,39,58,1299.196527,1157.831132,10,0,2.777445645,P7 E1 Q4,no,P7E1
603,Q22,40,58,1417.619406,1299.196527,11,0,7.431293328,P7 E1 Q4,no,P7E1
607,Q22,41,58,842.7821773,1417.619406,12,0,1.65E-08,P7 E1 Q4,no,P7E1
611,Q22,45,58,1613.607709,1518.419487,16,0,4.192327682,P7 E1 Q4,no,P7E1
615,Q22,46,58,1978.458467,1613.607709,17,0,0.017424546,P7 E1 Q4,no,P7E1
617,Q22,49,58,1748.63552,1512.497338,20,0,2.78E-09,P7 E1 Q4,no,P7E1
619,Q22,50,58,1521.783412,1748.63552,21,0,0.08128159,P7 E1 Q4,no,P7E1
622,Q22,51,58,1645.317872,1521.783412,22,0,0.33691596,P7 E1 Q4,no,P7E1
624,Q22,54,58,1423.918633,1477.575367,25,0,2.23E-08,P7 E1 Q4,no,P7E1
628,Q22,55,58,1273.761958,1423.918633,26,0,-2.44E-08,P7 E1 Q4,no,P7E1
564,Q22,30,59,217.1543441,166.2115976,1,0,15.2943027,P7 E1 Q4,no,P7E1
565,Q22,30,60,74.9368362,185.3992713,1,0,-2.26E-08,P7 E1 Q4,no,P7E1
569,Q22,31,60,121.507816,74.9368362,2,0,-9.61E-09,P7 E1 Q4,no,P7E1
573,Q22,32,60,131.4309891,121.507816,3,0,0.26544564,P7 E1 Q4,no,P7E1
584,Q22,35,60,103.9915214,6.586199416,6,1,1.218170678,P7 E1 Q4,no,P7E1
588,Q22,36,60,158.2812817,103.9915214,7,0,0.205265988,P7 E1 Q4,no,P7E1
592,Q22,37,60,145.1769498,158.2812817,8,0,0.137844077,P7 E1 Q4,no,P7E1
596,Q22,38,60,191.9384533,145.1769498,9,0,0.28960505,P7 E1 Q4,no,P7E1
600,Q22,39,60,237.2225284,191.9384533,10,0,0.16328549,P7 E1 Q4,no,P7E1
604,Q22,40,60,244.5298053,237.2225284,11,0,0.212281582,P7 E1 Q4,no,P7E1
608,Q22,41,60,244.2496083,244.5298053,12,0,0.317099582,P7 E1 Q4,no,P7E1
612,Q22,45,60,6.103624281,290.7456477,16,0,0.284674574,P7 E1 Q4,no,P7E1
577,Q22,33,61,37.21502802,68.12124787,1,0,0.29382532,P7 E1 Q4,no,P7E1
581,Q22,34,61,87.57643089,37.21502802,2,0,0.070127689,P7 E1 Q4,no,P7E1
585,Q22,35,61,92.48113571,87.57643089,3,0,-1.11E-08,P7 E1 Q4,no,P7E1
589,Q22,36,61,48.76156867,92.48113571,4,0,0.002644102,P7 E1 Q4,no,P7E1
593,Q22,37,61,48.72193417,48.76156867,5,0,0.026555055,P7 E1 Q4,no,P7E1
597,Q22,38,61,60.62216884,48.72193417,6,0,0.1820097,P7 E1 Q4,no,P7E1
601,Q22,39,61,66.88007957,60.62216884,7,0,0.102808962,P7 E1 Q4,no,P7E1
605,Q22,40,61,84.73433037,66.88007957,8,0,0.065153448,P7 E1 Q4,no,P7E1
609,Q22,41,61,70.43725383,84.73433037,9,0,0.18863782,P7 E1 Q4,no,P7E1
613,Q22,45,61,22.19991617,117.6063946,13,0,1.90E-08,P7 E1 Q4,no,P7E1
620,Q22,50,90,19.95271853,27.95369997,1,1,2.33E-08,P7 E1 Q4,no,P7E1
625,Q22,54,96,0.25,0.25,3,0,9.920522229,P7 E1 Q4,no,P7E1
626,Q22,54,97,0.5,0.25,1,0,12.83959176,P7 E1 Q4,no,P7E1
629,Q23,32,61,386.5191523,371.5680825,1,0,-1.40E-09,P10 E1 Q1,no,P10E1
634,Q23,33,61,109.4038411,386.5191523,2,0,-8.07E-10,P10 E1 Q1,no,P10E1
641,Q23,34,61,64.19478079,109.4038411,3,0,3.152408931,P10 E1 Q1,no,P10E1
647,Q23,35,61,29.21038909,64.19478079,4,0,6.802876127,P10 E1 Q1,no,P10E1
653,Q23,36,61,0.25,29.21038909,5,0,4.307187832,P10 E1 Q1,no,P10E1
659,Q23,37,61,12.76914371,0.25,6,0,12.56729254,P10 E1 Q1,no,P10E1
630,Q23,32,62,79.81128547,31.22674525,1,0,1.360679255,P10 E1 Q1,no,P10E1
635,Q23,33,62,53.65074709,79.81128547,2,0,-1.47E-08,P10 E1 Q1,no,P10E1
642,Q23,34,62,108.1435451,53.65074709,3,0,0.021221438,P10 E1 Q1,no,P10E1
648,Q23,35,62,145.1077294,108.1435451,4,0,-2.31E-08,P10 E1 Q1,no,P10E1
654,Q23,36,62,163.3937916,145.1077294,5,0,2.09E-08,P10 E1 Q1,no,P10E1
660,Q23,37,62,225.2041472,163.3937916,6,0,2.36E-08,P10 E1 Q1,no,P10E1
665,Q23,38,62,228.9556435,225.2041472,7,0,-1.64E-08,P10 E1 Q1,no,P10E1
670,Q23,39,62,347.9291986,228.9556435,8,0,0.062225353,P10 E1 Q1,no,P10E1
673,Q23,40,62,433.657396,347.9291986,9,0,2.02E-08,P10 E1 Q1,no,P10E1
676,Q23,41,62,640.3744681,433.657396,10,0,5.82E-09,P10 E1 Q1,no,P10E1
680,Q23,45,62,931.2135046,689.1103342,14,0,2.16E-08,P10 E1 Q1,no,P10E1
682,Q23,46,62,702.4139286,931.2135046,15,0,-8.01E-09,P10 E1 Q1,no,P10E1
684,Q23,49,62,844.2117676,696.875241,18,0,2.04E-08,P10 E1 Q1,no,P10E1
685,Q23,50,62,1054.420121,844.2117676,19,0,2.61E-10,P10 E1 Q1,no,P10E1
686,Q23,51,62,1129.194198,1054.420121,20,0,-1.47E-08,P10 E1 Q1,no,P10E1
687,Q23,54,62,706.7533843,1002.025445,23,0,-1.04E-08,P10 E1 Q1,no,P10E1
688,Q23,55,62,484.7527232,706.7533843,24,0,-1.19E-08,P10 E1 Q1,no,P10E1
631,Q23,32,63,4.120472343,123.7711396,1,0,-1.48E-08,P10 E1 Q1,no,P10E1
636,Q23,33,63,84.99521024,4.120472343,2,1,0.267260516,P10 E1 Q1,no,P10E1
643,Q23,34,63,88.0713319,84.99521024,3,0,1.233365165,P10 E1 Q1,no,P10E1
649,Q23,35,63,56.77970935,88.0713319,4,0,-2.31E-08,P10 E1 Q1,no,P10E1
655,Q23,36,63,47.57015795,56.77970935,5,0,2.809790175,P10 E1 Q1,no,P10E1
661,Q23,37,63,23.74991579,47.57015795,6,0,4.085000334,P10 E1 Q1,no,P10E1
666,Q23,38,63,3.837788564,23.74991579,7,0,3.917828456,P10 E1 Q1,no,P10E1
632,Q23,32,64,55.1893006,17.4252413,1,1,-1.96E-08,P10 E1 Q1,no,P10E1
637,Q23,33,64,23.47620235,55.1893006,2,0,1.67E-08,P10 E1 Q1,no,P10E1
644,Q23,34,64,82.34827732,23.47620235,3,0,1.297119872,P10 E1 Q1,no,P10E1
650,Q23,35,64,125.1008098,82.34827732,4,0,-1.41E-08,P10 E1 Q1,no,P10E1
656,Q23,36,64,195.5109504,125.1008098,5,0,1.52E-08,P10 E1 Q1,no,P10E1
662,Q23,37,64,176.73458,195.5109504,6,0,-9.82E-09,P10 E1 Q1,no,P10E1
667,Q23,38,64,181.5034089,176.73458,7,0,-1.68E-08,P10 E1 Q1,no,P10E1
671,Q23,39,64,208.1187787,181.5034089,8,0,-2.45E-08,P10 E1 Q1,no,P10E1
674,Q23,40,64,148.1539619,208.1187787,9,0,6.87E-09,P10 E1 Q1,no,P10E1
677,Q23,41,64,128.4671989,148.1539619,10,0,-1.86E-08,P10 E1 Q1,no,P10E1
633,Q23,32,65,21.05717612,13.27919732,1,0,39.81867614,P10 E1 Q1,no,P10E1
638,Q23,33,65,6.363880026,21.05717612,2,0,41.34066291,P10 E1 Q1,no,P10E1
639,Q23,33,66,6.14137892,12.56477133,1,1,0.053373771,P10 E1 Q1,no,P10E1
645,Q23,34,66,19.46142799,6.14137892,2,1,2.96E-09,P10 E1 Q1,no,P10E1
651,Q23,35,66,41.82800813,19.46142799,3,1,-2.31E-08,P10 E1 Q1,no,P10E1
657,Q23,36,66,6.463956344,41.82800813,4,1,2.09E-08,P10 E1 Q1,no,P10E1
663,Q23,37,66,16.28928266,6.463956344,5,1,2.36E-08,P10 E1 Q1,no,P10E1
668,Q23,38,66,7.056817635,16.28928266,6,1,0.082830817,P10 E1 Q1,no,P10E1
640,Q23,33,67,5.59352594,5.874406987,1,0,23.79668867,P10 E1 Q1,no,P10E1
646,Q23,34,67,23.8110743,5.59352594,2,0,23.727773,P10 E1 Q1,no,P10E1
652,Q23,35,67,27.63914879,23.8110743,3,0,18.63297222,P10 E1 Q1,no,P10E1
658,Q23,36,67,55.00550553,27.63914879,4,0,19.05764335,P10 E1 Q1,no,P10E1
664,Q23,37,67,106.5650726,55.00550553,5,0,17.85998944,P10 E1 Q1,no,P10E1
669,Q23,38,67,107.8391056,106.5650726,6,0,11.96308631,P10 E1 Q1,no,P10E1
672,Q23,39,67,153.3356608,107.8391056,7,0,16.86453471,P10 E1 Q1,no,P10E1
675,Q23,40,67,222.6642992,153.3356608,8,0,15.6227535,P10 E1 Q1,no,P10E1
678,Q23,41,67,214.6682898,222.6642992,9,0,13.87039097,P10 E1 Q1,no,P10E1
681,Q23,45,67,0.25,459.0440676,13,0,10.73452926,P10 E1 Q1,no,P10E1
679,Q23,45,113,0.25,0.25,1,1,1.922448002,P10 E1 Q1,no,P10E1
683,Q23,49,116,116.7198569,84.63804955,1,0,0.070051932,P10 E1 Q1,no,P10E1
689,Q24,32,66,78.43085329,70.14444726,1,0,-7.99E-09,P10 E1 Q2,no,P10E1
691,Q24,33,66,20.57329672,78.43085329,2,0,-2.05E-08,P10 E1 Q2,no,P10E1
693,Q24,34,66,34.8583513,20.57329672,3,0,7.67E-09,P10 E1 Q2,no,P10E1
701,Q24,41,66,20.18256011,71.20212267,10,0,9.95E-09,P10 E1 Q2,no,P10E1
703,Q24,45,66,78.57420599,116.5264892,14,0,-2.86E-09,P10 E1 Q2,no,P10E1
690,Q24,32,67,62.83299165,38.0351993,1,0,0.130588601,P10 E1 Q2,no,P10E1
692,Q24,33,67,52.75389477,62.83299165,2,0,0.212520661,P10 E1 Q2,no,P10E1
694,Q24,34,67,104.1839347,52.75389477,3,0,-1.92E-08,P10 E1 Q2,no,P10E1
695,Q24,35,67,51.41043271,104.1839347,4,0,4.57E-09,P10 E1 Q2,no,P10E1
696,Q24,36,67,81.56054883,51.41043271,5,0,-1.10E-08,P10 E1 Q2,no,P10E1
697,Q24,37,67,79.82282315,81.56054883,6,0,0.397925345,P10 E1 Q2,no,P10E1
698,Q24,38,67,79.62008119,79.82282315,7,0,0.016165188,P10 E1 Q2,no,P10E1
699,Q24,39,67,92.73839661,79.62008119,8,0,0.1333847,P10 E1 Q2,no,P10E1
700,Q24,40,67,111.6834775,92.73839661,9,0,0.106684728,P10 E1 Q2,no,P10E1
702,Q24,41,67,85.9622347,111.6834775,10,0,0.081160478,P10 E1 Q2,no,P10E1
704,Q24,45,67,344.4225169,266.637581,14,0,0.003571435,P10 E1 Q2,no,P10E1
705,Q24,46,67,179.501475,344.4225169,15,0,2.18E-08,P10 E1 Q2,no,P10E1
706,Q24,49,67,319.3667934,190.2559555,18,0,1.51E-08,P10 E1 Q2,no,P10E1
707,Q24,50,67,200.9041301,319.3667934,19,0,1.37E-08,P10 E1 Q2,no,P10E1
708,Q24,51,67,217.9303637,200.9041301,20,0,0.094481578,P10 E1 Q2,no,P10E1
710,Q24,54,67,249.5839451,288.5865556,23,0,0.0684855,P10 E1 Q2,no,P10E1
711,Q24,55,67,40.59925963,249.5839451,24,0,-2.24E-08,P10 E1 Q2,no,P10E1
709,Q24,51,76,36.36609651,36.27821286,1,0,1.59E-08,P10 E1 Q2,no,P10E1
712,Q24,55,76,74.05367463,77.92220128,5,0,-1.52E-08,P10 E1 Q2,no,P10E1
713,Q25,32,68,463.2621358,320.2271011,1,0,0.589920676,P10 E1 Q3,no,P10E1
715,Q25,33,68,310.7595968,463.2621358,2,0,-1.72E-08,P10 E1 Q3,no,P10E1
717,Q25,34,68,274.6633991,310.7595968,3,0,-1.12E-08,P10 E1 Q3,no,P10E1
720,Q25,35,68,179.5526987,274.6633991,4,0,9.44E-09,P10 E1 Q3,no,P10E1
723,Q25,36,68,224.3994813,179.5526987,5,0,0.088565164,P10 E1 Q3,no,P10E1
726,Q25,37,68,132.5762429,224.3994813,6,0,1.09E-08,P10 E1 Q3,no,P10E1
729,Q25,38,68,74.2866762,132.5762429,7,0,1.88E-08,P10 E1 Q3,no,P10E1
735,Q25,39,68,17.08283935,74.2866762,8,0,0.18045269,P10 E1 Q3,no,P10E1
742,Q25,40,68,28.43066107,17.08283935,9,1,0.032523801,P10 E1 Q3,no,P10E1
748,Q25,41,68,11.19386677,28.43066107,10,0,1.11E-08,P10 E1 Q3,no,P10E1
753,Q25,45,68,1.229522472,50.39271009,14,0,2.397861294,P10 E1 Q3,no,P10E1
714,Q25,32,69,387.5864104,507.1312856,1,0,-1.32E-08,P10 E1 Q3,no,P10E1
716,Q25,33,69,311.5068012,387.5864104,2,0,-1.41E-08,P10 E1 Q3,no,P10E1
718,Q25,34,69,381.70006,311.5068012,3,0,0.088847981,P10 E1 Q3,no,P10E1
721,Q25,35,69,462.0437142,381.70006,4,0,0.031264421,P10 E1 Q3,no,P10E1
724,Q25,36,69,631.5569724,462.0437142,5,0,1.64E-09,P10 E1 Q3,no,P10E1
727,Q25,37,69,627.7819126,631.5569724,6,0,1.41E-08,P10 E1 Q3,no,P10E1
730,Q25,38,69,597.6324287,627.7819126,7,0,8.59E-09,P10 E1 Q3,no,P10E1
736,Q25,39,69,372.071758,597.6324287,8,0,0.070392552,P10 E1 Q3,no,P10E1
743,Q25,40,69,584.4368886,372.071758,9,0,-1.20E-08,P10 E1 Q3,no,P10E1
749,Q25,41,69,252.078332,584.4368886,10,0,0.217226141,P10 E1 Q3,no,P10E1
754,Q25,45,69,299.5868411,687.8940708,14,0,1.95E-08,P10 E1 Q3,no,P10E1
758,Q25,46,69,222.6679632,299.5868411,15,0,9.11E-09,P10 E1 Q3,no,P10E1
760,Q25,49,69,680.6345753,422.1819278,18,0,-1.77E-08,P10 E1 Q3,no,P10E1
761,Q25,50,69,684.4671835,680.6345753,19,0,-1.93E-08,P10 E1 Q3,no,P10E1
762,Q25,51,69,835.9668729,684.4671835,20,0,-2.46E-08,P10 E1 Q3,no,P10E1
763,Q25,54,69,816.2755554,630.3687951,23,0,0.03251751,P10 E1 Q3,no,P10E1
764,Q25,55,69,263.8942013,816.2755554,24,0,0.164790189,P10 E1 Q3,no,P10E1
719,Q25,34,70,6.655455257,134.6779786,3,0,0.269262842,P10 E1 Q3,no,P10E1
722,Q25,35,70,31.592151,6.655455257,4,1,0.502246447,P10 E1 Q3,no,P10E1
725,Q25,36,70,34.43169493,31.592151,5,1,0.282452711,P10 E1 Q3,no,P10E1
737,Q25,39,70,21.0275862,36.6617877,8,0,0.19763235,P10 E1 Q3,no,P10E1
728,Q25,37,75,15.00649918,26.03949426,1,0,1.09E-08,P10 E1 Q3,no,P10E1
731,Q25,38,75,29.28608964,15.00649918,2,1,1.88E-08,P10 E1 Q3,no,P10E1
738,Q25,39,75,42.15044414,29.28608964,3,1,-2.28E-09,P10 E1 Q3,no,P10E1
732,Q25,38,76,56.13396214,52.30608482,1,0,4.45E-09,P10 E1 Q3,no,P10E1
739,Q25,39,76,63.12277651,56.13396214,2,0,-1.47E-08,P10 E1 Q3,no,P10E1
744,Q25,40,76,91.39695588,63.12277651,3,0,-1.20E-08,P10 E1 Q3,no,P10E1
750,Q25,41,76,91.90154068,91.39695588,4,0,3.99E-09,P10 E1 Q3,no,P10E1
755,Q25,45,76,7.472083024,73.4700062,8,0,1.95E-08,P10 E1 Q3,no,P10E1
733,Q25,39,101,0.25,0.25,1,1,0.576917532,P10 E1 Q3,no,P10E1
740,Q25,40,101,0.25,0.25,2,1,1.375067533,P10 E1 Q3,no,P10E1
734,Q25,39,102,0.25,0.25,1,1,0.99984097,P10 E1 Q3,no,P10E1
741,Q25,40,106,0.25,0.25,1,0,25.05711912,P10 E1 Q3,no,P10E1
745,Q25,41,115,0.25,0.25,1,0,6.406297225,P10 E1 Q3,no,P10E1
746,Q25,41,118,0.25,0.25,1,1,1.498225346,P10 E1 Q3,no,P10E1
747,Q25,41,123,0.25,0.25,1,1,4.052456598,P10 E1 Q3,no,P10E1
751,Q25,45,134,0.25,0.25,4,0,6.5076316,P10 E1 Q3,no,P10E1
752,Q25,45,136,0.25,0.25,4,0,14.89958473,P10 E1 Q3,no,P10E1
756,Q25,46,136,0.25,0.25,5,0,16.89103395,P10 E1 Q3,no,P10E1
757,Q25,46,151,2.033328156,29.13432346,1,0,14.69293081,P10 E1 Q3,no,P10E1
759,Q25,49,151,40.85903589,31.00586898,4,0,13.65186364,P10 E1 Q3,no,P10E1
774,Q26,35,71,252.507147,241.6834388,4,0,7.86826365,P10 E1 Q4,no,P10E1
778,Q26,36,71,223.7540773,252.507147,5,0,10.8583488,P10 E1 Q4,no,P10E1
781,Q26,37,71,388.4792307,223.7540773,6,0,14.20970194,P10 E1 Q4,no,P10E1
785,Q26,38,71,374.2416833,388.4792307,7,0,8.762275345,P10 E1 Q4,no,P10E1
789,Q26,39,71,538.8777672,374.2416833,8,0,12.36627612,P10 E1 Q4,no,P10E1
793,Q26,40,71,731.7882372,538.8777672,9,0,9.010715209,P10 E1 Q4,no,P10E1
797,Q26,41,71,411.8898749,731.7882372,10,0,5.084580045,P10 E1 Q4,no,P10E1
802,Q26,45,71,1514.890451,1307.457393,14,0,8.97E-09,P10 E1 Q4,no,P10E1
807,Q26,46,71,1380.154701,1514.890451,15,0,0.317580007,P10 E1 Q4,no,P10E1
810,Q26,49,71,1643.086779,1322.520196,18,0,-1.59E-08,P10 E1 Q4,no,P10E1
813,Q26,50,71,1631.600266,1643.086779,19,0,2.23E-08,P10 E1 Q4,no,P10E1
815,Q26,51,71,2034.593516,1631.600266,20,0,-1.29E-08,P10 E1 Q4,no,P10E1
821,Q26,54,71,2317.48389,2310.275243,23,0,1.46E-08,P10 E1 Q4,no,P10E1
825,Q26,55,71,2239.357545,2317.48389,24,0,0.02630348,P10 E1 Q4,no,P10E1
765,Q26,32,72,45.89093087,76.1123958,1,0,2.44E-08,P10 E1 Q4,no,P10E1
766,Q26,32,73,329.733552,234.2096806,1,0,21.43507457,P10 E1 Q4,no,P10E1
769,Q26,33,73,199.4862488,329.733552,2,0,14.1971699,P10 E1 Q4,no,P10E1
772,Q26,34,73,147.7540158,199.4862488,3,0,18.08008004,P10 E1 Q4,no,P10E1
775,Q26,35,73,194.4784652,147.7540158,4,0,19.79478475,P10 E1 Q4,no,P10E1
779,Q26,36,73,58.34963782,194.4784652,5,0,16.1290652,P10 E1 Q4,no,P10E1
782,Q26,37,73,119.432209,58.34963782,6,0,24.85757925,P10 E1 Q4,no,P10E1
786,Q26,38,73,152.7671847,119.432209,7,0,23.69834332,P10 E1 Q4,no,P10E1
790,Q26,39,73,207.7380313,152.7671847,8,0,22.76293789,P10 E1 Q4,no,P10E1
794,Q26,40,73,164.3015436,207.7380313,9,0,25.24300115,P10 E1 Q4,no,P10E1
798,Q26,41,73,123.2268633,164.3015436,10,0,25.59896832,P10 E1 Q4,no,P10E1
803,Q26,45,73,0.25,395.1441415,14,0,22.96776523,P10 E1 Q4,no,P10E1
767,Q26,32,75,386.0069974,821.9716721,1,0,7.72E-09,P10 E1 Q4,no,P10E1
770,Q26,33,75,185.6576737,386.0069974,2,0,0.19355345,P10 E1 Q4,no,P10E1
773,Q26,34,75,250.0735078,185.6576737,3,0,3.036762826,P10 E1 Q4,no,P10E1
776,Q26,35,75,328.3580617,250.0735078,4,0,4.3155558,P10 E1 Q4,no,P10E1
780,Q26,36,75,368.2008046,328.3580617,5,0,1.79593865,P10 E1 Q4,no,P10E1
783,Q26,37,75,389.349483,368.2008046,6,0,0.335919099,P10 E1 Q4,no,P10E1
787,Q26,38,75,522.6937542,389.349483,7,0,0.276048764,P10 E1 Q4,no,P10E1
791,Q26,39,75,470.8032448,522.6937542,8,0,0.221101108,P10 E1 Q4,no,P10E1
795,Q26,40,75,482.7424286,470.8032448,9,0,-1.58E-08,P10 E1 Q4,no,P10E1
799,Q26,41,75,366.7623378,482.7424286,10,0,0.077788617,P10 E1 Q4,no,P10E1
804,Q26,45,75,609.1284173,633.1999992,14,0,0.06362923,P10 E1 Q4,no,P10E1
808,Q26,46,75,563.8901126,609.1284173,15,0,5.54E-09,P10 E1 Q4,no,P10E1
811,Q26,49,75,27.9033661,72.64795811,18,0,3.673489398,P10 E1 Q4,no,P10E1
768,Q26,32,76,105.4305186,151.781825,1,0,7.72E-09,P10 E1 Q4,no,P10E1
771,Q26,33,76,41.45051712,105.4305186,2,0,0.0669105,P10 E1 Q4,no,P10E1
777,Q26,35,78,0.25,0.25,1,1,1.97112144,P10 E1 Q4,no,P10E1
784,Q26,37,92,82.78772537,39.06299467,1,1,2.06E-08,P10 E1 Q4,no,P10E1
788,Q26,38,92,74.03939885,82.78772537,2,0,7.24E-10,P10 E1 Q4,no,P10E1
792,Q26,39,92,86.83691742,74.03939885,3,0,-7.04E-09,P10 E1 Q4,no,P10E1
796,Q26,40,92,211.451194,86.83691742,4,1,1.14E-09,P10 E1 Q4,no,P10E1
800,Q26,41,92,115.8386775,211.451194,5,0,-8.65E-09,P10 E1 Q4,no,P10E1
805,Q26,45,92,145.006609,104.7197767,9,0,-1.57E-08,P10 E1 Q4,no,P10E1
801,Q26,45,123,0.25,0.25,4,0,10.65543629,P10 E1 Q4,no,P10E1
806,Q26,46,123,0.25,0.25,5,0,10.60378239,P10 E1 Q4,no,P10E1
809,Q26,49,123,14.52325612,1.083174907,8,0,11.2977949,P10 E1 Q4,no,P10E1
812,Q26,50,123,10.20560849,14.52325612,9,0,8.16688941,P10 E1 Q4,no,P10E1
814,Q26,51,123,14.57814071,10.20560849,10,0,10.30026207,P10 E1 Q4,no,P10E1
816,Q26,54,123,16.27862674,18.69372448,13,0,10.26476674,P10 E1 Q4,no,P10E1
822,Q26,55,123,9.700589446,16.27862674,14,0,8.687664422,P10 E1 Q4,no,P10E1
817,Q26,54,164,289.4530754,215.7462114,3,0,1.03E-08,P10 E1 Q4,no,P10E1
823,Q26,55,164,228.5292571,289.4530754,4,0,1.33E-08,P10 E1 Q4,no,P10E1
818,Q26,54,203,0.25,0.25,3,0,23.77333474,P10 E1 Q4,no,P10E1
819,Q26,54,205,3.927516799,0.5,3,0,23.48639099,P10 E1 Q4,no,P10E1
820,Q26,54,221,0.25,0.25,3,1,4.497796442,P10 E1 Q4,no,P10E1
824,Q26,55,221,6.909133455,0.25,4,1,3.420517535,P10 E1 Q4,no,P10E1
826,Q3,32,77,266.6403089,271.0472513,1,0,1.44E-08,E1 Q3,no,E1
833,Q3,33,77,198.8984892,266.6403089,2,0,4.70E-09,E1 Q3,no,E1
839,Q3,34,77,155.0050753,198.8984892,3,0,0.106967528,E1 Q3,no,E1
845,Q3,35,77,179.7196493,155.0050753,4,0,0.288342541,E1 Q3,no,E1
851,Q3,36,77,220.3409863,179.7196493,5,0,2.42E-08,E1 Q3,no,E1
857,Q3,37,77,227.9967411,220.3409863,6,0,-1.48E-08,E1 Q3,no,E1
863,Q3,38,77,232.6129848,227.9967411,7,0,1.93E-08,E1 Q3,no,E1
869,Q3,39,77,217.8624255,232.6129848,8,0,-1.61E-08,E1 Q3,no,E1
876,Q3,40,77,52.89778431,217.8624255,9,0,1.449310494,E1 Q3,no,E1
883,Q3,41,77,3.776506224,52.89778431,10,0,-1.54E-08,E1 Q3,no,E1
827,Q3,32,78,219.6024185,261.3124078,1,0,0.845168292,E1 Q3,no,E1
834,Q3,33,78,127.6856867,219.6024185,2,0,0.291573004,E1 Q3,no,E1
840,Q3,34,78,185.7654477,127.6856867,3,0,3.639805036,E1 Q3,no,E1
846,Q3,35,78,160.6719147,185.7654477,4,0,0.34773237,E1 Q3,no,E1
852,Q3,36,78,214.4936994,160.6719147,5,0,3.998137064,E1 Q3,no,E1
858,Q3,37,78,209.932003,214.4936994,6,0,2.827449567,E1 Q3,no,E1
864,Q3,38,78,191.4104441,209.932003,7,0,5.917599545,E1 Q3,no,E1
870,Q3,39,78,208.0952963,191.4104441,8,0,2.768622219,E1 Q3,no,E1
877,Q3,40,78,204.6334116,208.0952963,9,0,6.585108951,E1 Q3,no,E1
884,Q3,41,78,173.6268995,204.6334116,10,0,4.480453449,E1 Q3,no,E1
892,Q3,45,78,92.88566279,133.9002501,14,0,0.05265035,E1 Q3,no,E1
828,Q3,32,79,52.31816014,197.3665038,1,0,3.477368332,E1 Q3,no,E1
829,Q3,32,80,126.2187196,102.2160544,1,0,17.14184882,E1 Q3,no,E1
835,Q3,33,80,124.4912917,126.2187196,2,0,13.10346362,E1 Q3,no,E1
841,Q3,34,80,184.5134588,124.4912917,3,0,13.64144179,E1 Q3,no,E1
847,Q3,35,80,162.1766033,184.5134588,4,0,13.38459411,E1 Q3,no,E1
853,Q3,36,80,194.3939753,162.1766033,5,0,13.59437225,E1 Q3,no,E1
859,Q3,37,80,275.6765861,194.3939753,6,0,12.00315817,E1 Q3,no,E1
865,Q3,38,80,211.2687784,275.6765861,7,0,8.745906598,E1 Q3,no,E1
871,Q3,39,80,351.9439561,211.2687784,8,0,11.05981676,E1 Q3,no,E1
878,Q3,40,80,643.1138747,351.9439561,9,0,9.791539417,E1 Q3,no,E1
885,Q3,41,80,625.6422937,643.1138747,10,0,5.105293306,E1 Q3,no,E1
893,Q3,45,80,852.703181,1306.403638,14,0,0.2771363,E1 Q3,no,E1
897,Q3,46,80,906.131325,852.703181,15,0,3.2699441,E1 Q3,no,E1
901,Q3,49,80,405.9133443,512.3342268,18,0,7.027089436,E1 Q3,no,E1
905,Q3,50,80,328.9458497,405.9133443,19,0,7.117382406,E1 Q3,no,E1
909,Q3,51,80,510.0617282,328.9458497,20,0,12.23488395,E1 Q3,no,E1
914,Q3,54,80,621.7368418,529.1441978,23,0,6.873852696,E1 Q3,no,E1
919,Q3,55,80,583.4158466,621.7368418,24,0,2.842358922,E1 Q3,no,E1
830,Q3,32,81,85.38162468,66.77827663,1,0,10.03769254,E1 Q3,no,E1
836,Q3,33,81,65.91089175,85.38162468,2,0,7.935233969,E1 Q3,no,E1
842,Q3,34,81,131.0257045,65.91089175,3,0,7.499429238,E1 Q3,no,E1
848,Q3,35,81,114.9230646,131.0257045,4,0,5.498667537,E1 Q3,no,E1
854,Q3,36,81,143.616252,114.9230646,5,0,4.370894891,E1 Q3,no,E1
860,Q3,37,81,155.8659872,143.616252,6,0,1.561125562,E1 Q3,no,E1
866,Q3,38,81,145.8812814,155.8659872,7,0,0.996628454,E1 Q3,no,E1
872,Q3,39,81,160.9553688,145.8812814,8,0,2.772594102,E1 Q3,no,E1
879,Q3,40,81,173.9856019,160.9553688,9,0,-1.65E-08,E1 Q3,no,E1
886,Q3,41,81,155.8785422,173.9856019,10,0,0.181616766,E1 Q3,no,E1
894,Q3,45,81,62.33084515,52.93378257,14,0,8.3034683,E1 Q3,no,E1
898,Q3,46,81,26.81602571,62.33084515,15,0,3.8532324,E1 Q3,no,E1
831,Q3,32,82,87.92778389,110.0670967,1,0,23.78343863,E1 Q3,no,E1
837,Q3,33,82,40.63477243,87.92778389,2,0,25.12136755,E1 Q3,no,E1
843,Q3,34,82,87.33616467,40.63477243,3,0,24.07219491,E1 Q3,no,E1
849,Q3,35,82,93.3601336,87.33616467,4,0,24.44081443,E1 Q3,no,E1
855,Q3,36,82,61.74397227,93.3601336,5,0,24.65465738,E1 Q3,no,E1
861,Q3,37,82,53.82155038,61.74397227,6,0,25.87688472,E1 Q3,no,E1
867,Q3,38,82,58.82386038,53.82155038,7,0,28.97741599,E1 Q3,no,E1
873,Q3,39,82,50.91304238,58.82386038,8,0,29.9711168,E1 Q3,no,E1
880,Q3,40,82,12.58507224,50.91304238,9,0,28.63166835,E1 Q3,no,E1
887,Q3,41,82,18.9484906,12.58507224,10,0,32.9517738,E1 Q3,no,E1
832,Q3,32,83,46.34702926,24.53277768,1,1,-2.10E-08,E1 Q3,no,E1
838,Q3,33,83,58.85432995,46.34702926,2,1,1.19E-08,E1 Q3,no,E1
844,Q3,34,83,80.39492934,58.85432995,3,0,1.15E-08,E1 Q3,no,E1
850,Q3,35,83,43.49479738,80.39492934,4,0,0.107403486,E1 Q3,no,E1
856,Q3,36,83,71.50876121,43.49479738,5,1,-2.05E-08,E1 Q3,no,E1
862,Q3,37,83,66.82503336,71.50876121,6,0,1.35E-08,E1 Q3,no,E1
868,Q3,38,83,86.02116072,66.82503336,7,0,-1.68E-08,E1 Q3,no,E1
874,Q3,39,83,48.15180264,86.02116072,8,0,8.46E-09,E1 Q3,no,E1
881,Q3,40,83,160.1639085,48.15180264,9,1,-1.65E-08,E1 Q3,no,E1
888,Q3,41,83,65.72526883,160.1639085,10,0,-1.71E-08,E1 Q3,no,E1
875,Q3,39,91,42.89892501,0.25,1,1,2.98985816,E1 Q3,no,E1
882,Q3,40,91,62.36072519,42.89892501,2,0,1.87E-08,E1 Q3,no,E1
889,Q3,41,91,48.78993574,62.36072519,3,0,0.074612086,E1 Q3,no,E1
895,Q3,45,91,11.54537863,5.431544434,7,1,1.12E-08,E1 Q3,no,E1
899,Q3,46,91,40.75273658,11.54537863,8,1,0.0054449,E1 Q3,no,E1
902,Q3,49,91,39.57714511,54.22906834,11,0,1.77E-08,E1 Q3,no,E1
906,Q3,50,91,48.02016461,39.57714511,12,0,6.29E-10,E1 Q3,no,E1
910,Q3,51,91,100.4066471,48.02016461,13,0,0.12710425,E1 Q3,no,E1
915,Q3,54,91,70.24448083,73.37853751,16,0,0.001021451,E1 Q3,no,E1
890,Q3,45,100,0.25,0.25,1,0,23.75557849,E1 Q3,no,E1
900,Q3,49,100,6.187266805,0.25,5,0,22.8640738,E1 Q3,no,E1
903,Q3,50,100,9.07241647,6.187266805,6,0,18.48063318,E1 Q3,no,E1
907,Q3,51,100,30.95002677,9.07241647,7,0,18.3270152,E1 Q3,no,E1
911,Q3,54,100,88.95396522,41.9933775,10,0,15.42482146,E1 Q3,no,E1
916,Q3,55,100,82.36988996,88.95396522,11,0,15.36701676,E1 Q3,no,E1
891,Q3,45,102,0.25,0.25,1,1,0.314524563,E1 Q3,no,E1
896,Q3,46,102,0.25,0.25,2,1,1.719879252,E1 Q3,no,E1
904,Q3,50,102,60.43844666,42.60621848,6,0,-2.08E-08,E1 Q3,no,E1
908,Q3,51,102,126.8512992,60.43844666,7,0,0.06055425,E1 Q3,no,E1
912,Q3,54,102,90.84678833,80.92388491,10,0,0.407594854,E1 Q3,no,E1
917,Q3,55,102,105.8843756,90.84678833,11,0,0.076487838,E1 Q3,no,E1
913,Q3,54,112,34.60347116,37.19164568,1,0,9.31E-09,E1 Q3,no,E1
918,Q3,55,112,30.69851497,34.60347116,2,0,3.537763649,E1 Q3,no,E1
920,Q4,32,84,37.71845896,38.73272834,1,0,13.5716285,E1 Q4,no,E1
931,Q4,35,84,18.15873251,23.85857533,4,0,10.436741,E1 Q4,no,E1
935,Q4,36,84,21.70872068,18.15873251,5,0,21.78315975,E1 Q4,no,E1
938,Q4,37,84,14.74657552,21.70872068,6,0,20.84356285,E1 Q4,no,E1
927,Q4,34,85,202.155635,44.53145148,3,0,24.32473785,E1 Q4,no,E1
932,Q4,35,85,52.60589503,202.155635,4,0,14.5075246,E1 Q4,no,E1
936,Q4,36,85,128.8914201,52.60589503,5,0,25.22312925,E1 Q4,no,E1
939,Q4,37,85,70.04721499,128.8914201,6,0,22.0909449,E1 Q4,no,E1
942,Q4,38,85,37.34472635,70.04721499,7,0,21.83866445,E1 Q4,no,E1
943,Q4,39,85,38.58554499,37.34472635,8,0,24.78970974,E1 Q4,no,E1
944,Q4,40,85,27.89031658,38.58554499,9,0,25.27480585,E1 Q4,no,E1
945,Q4,41,85,22.3041608,27.89031658,10,0,24.76796521,E1 Q4,no,E1
947,Q4,45,85,2.650073729,23.46051851,14,0,28.44273394,E1 Q4,no,E1
948,Q4,46,85,1.920886914,2.650073729,15,0,27.65708083,E1 Q4,no,E1
950,Q4,49,85,24.34889536,34.4518194,18,0,26.55454883,E1 Q4,no,E1
951,Q4,50,85,24.49738455,24.34889536,19,0,25.73735506,E1 Q4,no,E1
952,Q4,51,85,32.32208384,24.49738455,20,0,25.75105584,E1 Q4,no,E1
954,Q4,54,85,72.31726257,62.48493367,23,0,18.46486442,E1 Q4,no,E1
956,Q4,55,85,72.45298291,72.31726257,24,0,19.46625271,E1 Q4,no,E1
921,Q4,32,86,74.60171132,91.56314447,1,0,30.01303395,E1 Q4,no,E1
923,Q4,33,86,50.70686045,74.60171132,2,0,28.51845585,E1 Q4,no,E1
928,Q4,34,86,86.7482837,50.70686045,3,0,28.2503082,E1 Q4,no,E1
933,Q4,35,86,72.72925148,86.7482837,4,0,24.55172615,E1 Q4,no,E1
937,Q4,36,86,40.23602765,72.72925148,5,0,23.39842695,E1 Q4,no,E1
940,Q4,37,86,23.30403289,40.23602765,6,0,21.18999335,E1 Q4,no,E1
922,Q4,32,87,64.27412306,76.55986169,1,0,0.0427941,E1 Q4,no,E1
924,Q4,33,87,2.918257915,64.27412306,2,0,0.031610519,E1 Q4,no,E1
925,Q4,33,88,5.165234559,3.848907499,1,1,3.92E-09,E1 Q4,no,E1
929,Q4,34,88,2.258668155,5.165234559,2,1,0.0330824,E1 Q4,no,E1
926,Q4,33,90,96.35770101,76.77034351,1,0,5.245919881,E1 Q4,no,E1
930,Q4,34,90,0.926867304,96.35770101,2,0,9.0494566,E1 Q4,no,E1
934,Q4,35,95,1.70006748,0.25,1,1,4.105973786,E1 Q4,no,E1
941,Q4,38,102,0.25,0.25,1,1,0.424181595,E1 Q4,no,E1
946,Q4,45,105,0.25,0.25,1,0,7.350662851,E1 Q4,no,E1
949,Q4,49,106,1.552628528,2.095225633,1,1,1.687828457,E1 Q4,no,E1
953,Q4,54,109,155.6477499,56.29647282,1,0,0.263437077,E1 Q4,no,E1
955,Q4,55,109,119.0348872,155.6477499,2,0,0.403672216,E1 Q4,no,E1
957,Q5,32,88,75.09067283,54.17839721,1,0,5.965280012,E1 Q5,no,E1
963,Q5,33,88,22.85372624,75.09067283,2,0,4.154513611,E1 Q5,no,E1
958,Q5,32,89,140.0178583,68.79734251,1,0,14.84428006,E1 Q5,no,E1
964,Q5,33,89,128.8446357,140.0178583,2,0,6.08426596,E1 Q5,no,E1
970,Q5,34,89,265.4433235,128.8446357,3,0,2.639637059,E1 Q5,no,E1
976,Q5,35,89,125.5923831,265.4433235,4,0,6.65E-09,E1 Q5,no,E1
980,Q5,36,89,149.9675931,125.5923831,5,0,16.38917304,E1 Q5,no,E1
984,Q5,37,89,184.4273318,149.9675931,6,0,13.80275504,E1 Q5,no,E1
988,Q5,38,89,288.598897,184.4273318,7,0,14.90267534,E1 Q5,no,E1
993,Q5,39,89,298.0081642,288.598897,8,0,11.34091755,E1 Q5,no,E1
996,Q5,40,89,362.9358053,298.0081642,9,0,9.573084733,E1 Q5,no,E1
999,Q5,41,89,392.1704834,362.9358053,10,0,8.331206619,E1 Q5,no,E1
1005,Q5,45,89,962.4569097,1044.393738,14,0,8.292296463,E1 Q5,no,E1
1010,Q5,46,89,949.2662161,962.4569097,15,0,-1.94E-08,E1 Q5,no,E1
1013,Q5,49,89,422.2548918,284.2972523,18,0,1.49E-08,E1 Q5,no,E1
1015,Q5,50,89,107.6181322,422.2548918,19,0,1.60E-08,E1 Q5,no,E1
1017,Q5,51,89,151.2579789,107.6181322,20,0,1.532286292,E1 Q5,no,E1
1019,Q5,54,89,103.2628223,137.6198318,23,0,14.11415037,E1 Q5,no,E1
1021,Q5,55,89,80.05214729,103.2628223,24,0,10.36858942,E1 Q5,no,E1
959,Q5,32,90,204.4773524,95.40909816,1,0,-1.05E-08,E1 Q5,no,E1
965,Q5,33,90,66.08376475,204.4773524,2,0,0.038585487,E1 Q5,no,E1
971,Q5,34,90,136.9042177,66.08376475,3,0,2.31E-08,E1 Q5,no,E1
977,Q5,35,90,190.3017184,136.9042177,4,0,-1.48E-08,E1 Q5,no,E1
981,Q5,36,90,241.9548139,190.3017184,5,0,-1.46E-08,E1 Q5,no,E1
985,Q5,37,90,89.47401053,241.9548139,6,0,-1.90E-08,E1 Q5,no,E1
989,Q5,38,90,138.3525341,89.47401053,7,0,-2.39E-09,E1 Q5,no,E1
994,Q5,39,90,100.3138882,138.3525341,8,0,-3.52E-09,E1 Q5,no,E1
997,Q5,40,90,81.18018535,100.3138882,9,0,-2.34E-08,E1 Q5,no,E1
1000,Q5,41,90,93.92171725,81.18018535,10,0,-1.48E-08,E1 Q5,no,E1
1006,Q5,45,90,20.0321217,105.0050618,14,0,0.00465191,E1 Q5,no,E1
1011,Q5,46,90,5.676575203,20.0321217,15,0,2.29230505,E1 Q5,no,E1
960,Q5,32,91,53.36052217,35.5774295,1,0,6.587201901,E1 Q5,no,E1
966,Q5,33,91,50.914985,53.36052217,2,0,3.635850335,E1 Q5,no,E1
972,Q5,34,91,33.86374151,50.914985,3,0,3.100966744,E1 Q5,no,E1
978,Q5,35,91,39.64426956,33.86374151,4,0,4.916353497,E1 Q5,no,E1
982,Q5,36,91,62.69763961,39.64426956,5,0,4.343990172,E1 Q5,no,E1
986,Q5,37,91,46.89430649,62.69763961,6,0,5.060604251,E1 Q5,no,E1
990,Q5,38,91,52.50826723,46.89430649,7,0,13.28137846,E1 Q5,no,E1
995,Q5,39,91,101.6776515,52.50826723,8,0,13.74508396,E1 Q5,no,E1
998,Q5,40,91,82.49346007,101.6776515,9,0,4.354047984,E1 Q5,no,E1
1001,Q5,41,91,73.62678413,82.49346007,10,0,3.649540191,E1 Q5,no,E1
1007,Q5,45,91,2.633384142,72.47334502,14,0,3.453773766,E1 Q5,no,E1
961,Q5,32,92,60.14318239,51.96176062,1,0,1.007053476,E1 Q5,no,E1
967,Q5,33,92,30.98282437,60.14318239,2,0,6.086862048,E1 Q5,no,E1
973,Q5,34,92,70.18876677,30.98282437,3,0,2.850055793,E1 Q5,no,E1
979,Q5,35,92,16.89475859,70.18876677,4,0,0.093764397,E1 Q5,no,E1
983,Q5,36,92,19.17350792,16.89475859,5,0,2.68678162,E1 Q5,no,E1
987,Q5,37,92,39.10266334,19.17350792,6,0,2.057054237,E1 Q5,no,E1
991,Q5,38,92,8.854503701,39.10266334,7,0,0.521823758,E1 Q5,no,E1
962,Q5,32,93,312.6028412,295.0655443,1,0,7.11E-09,E1 Q5,no,E1
968,Q5,33,93,192.700076,312.6028412,2,0,-1.46E-08,E1 Q5,no,E1
974,Q5,34,93,190.7996807,192.700076,3,0,2.21E-08,E1 Q5,no,E1
969,Q5,33,94,17.31479906,35.95302562,1,0,-1.73E-08,E1 Q5,no,E1
975,Q5,34,94,27.74680513,17.31479906,2,1,1.53E-09,E1 Q5,no,E1
992,Q5,39,123,0.25,0.25,1,0,19.26194567,E1 Q5,no,E1
1002,Q5,45,127,0.25,0.25,4,1,0.634308157,E1 Q5,no,E1
1008,Q5,46,127,0.854274055,0.25,5,1,2.717308159,E1 Q5,no,E1
1012,Q5,49,127,18.96650058,32.21270543,8,0,0.42268314,E1 Q5,no,E1
1014,Q5,50,127,5.566193777,18.96650058,9,0,2.48E-08,E1 Q5,no,E1
1016,Q5,51,127,35.64722275,5.566193777,10,1,1.227273765,E1 Q5,no,E1
1018,Q5,54,127,114.8020438,68.76689219,13,0,-1.46E-08,E1 Q5,no,E1
1020,Q5,55,127,124.5315613,114.8020438,14,0,1.50E-08,E1 Q5,no,E1
1003,Q5,45,131,0.25,0.25,1,0,17.06950817,E1 Q5,no,E1
1004,Q5,45,132,0.25,0.25,1,0,27.31693787,E1 Q5,no,E1
1009,Q5,46,132,0.25,0.25,2,0,25.39344099,E1 Q5,no,E1
1023,Q6,32,94,68.27917938,94.93580864,1,0,2.53E-08,E1 Q6,no,E1
1024,Q6,32,95,153.8395256,102.4041589,1,0,7.734683186,E1 Q6,no,E1
1028,Q6,33,95,131.8513396,153.8395256,2,0,10.28776754,E1 Q6,no,E1
1031,Q6,34,95,237.9440254,131.8513396,3,0,11.05886755,E1 Q6,no,E1
1034,Q6,35,95,82.12300469,237.9440254,4,0,9.012877681,E1 Q6,no,E1
1037,Q6,36,95,127.6597646,82.12300469,5,0,10.26496053,E1 Q6,no,E1
1040,Q6,37,95,187.8228729,127.6597646,6,0,12.14559646,E1 Q6,no,E1
1042,Q6,38,95,226.4905402,187.8228729,7,0,10.17689331,E1 Q6,no,E1
1046,Q6,39,95,399.9115697,226.4905402,8,0,13.24327225,E1 Q6,no,E1
1048,Q6,40,95,198.39629,399.9115697,9,0,6.273543334,E1 Q6,no,E1
1049,Q6,41,95,205.0032651,198.39629,10,0,8.877590976,E1 Q6,no,E1
1050,Q6,45,95,545.995594,687.960591,14,0,5.28702535,E1 Q6,no,E1
1052,Q6,46,95,490.2789591,545.995594,15,0,2.5470855,E1 Q6,no,E1
1054,Q6,49,95,490.3494952,525.6430093,18,0,1.74E-09,E1 Q6,no,E1
1056,Q6,50,95,459.1060777,490.3494952,19,0,-7.90E-09,E1 Q6,no,E1
1058,Q6,51,95,681.6765719,459.1060777,20,0,9.94E-09,E1 Q6,no,E1
1060,Q6,54,95,1022.871182,783.3732907,23,0,4.20E-09,E1 Q6,no,E1
1062,Q6,55,95,673.4718129,1022.871182,24,0,2.76E-09,E1 Q6,no,E1
1025,Q6,32,96,169.5473322,126.2454292,1,0,-1.97E-08,E1 Q6,no,E1
1029,Q6,33,96,82.03555328,169.5473322,2,0,-1.97E-08,E1 Q6,no,E1
1032,Q6,34,96,26.92871287,82.03555328,3,0,0.0161558,E1 Q6,no,E1
1035,Q6,35,96,41.544774,26.92871287,4,0,6.32E-09,E1 Q6,no,E1
1038,Q6,36,96,40.76731575,41.544774,5,0,-4.72E-09,E1 Q6,no,E1
1041,Q6,37,96,98.11116812,40.76731575,6,0,7.04514334,E1 Q6,no,E1
1043,Q6,38,96,115.8969535,98.11116812,7,0,4.564092523,E1 Q6,no,E1
1026,Q6,32,97,37.07700322,13.07477816,1,0,1.523257354,E1 Q6,no,E1
1022,Q6,32,100,218.2751366,108.9402535,1,0,7.007470652,E1 Q6,no,E1
1027,Q6,33,100,84.52739898,218.2751366,2,0,7.673308186,E1 Q6,no,E1
1030,Q6,34,100,52.75262488,84.52739898,3,0,6.9322933,E1 Q6,no,E1
1033,Q6,35,100,26.39392721,52.75262488,4,0,5.550348025,E1 Q6,no,E1
1036,Q6,36,100,46.29266759,26.39392721,5,0,7.156441,E1 Q6,no,E1
1039,Q6,37,100,22.12845481,46.29266759,6,0,5.378313614,E1 Q6,no,E1
1044,Q6,39,112,7.840538696,16.13051025,4,1,-1.89E-09,E1 Q6,no,E1
1047,Q6,40,112,10.49659042,7.840538696,5,1,4.57E-09,E1 Q6,no,E1
1045,Q6,39,199,4.581681389,0.25,1,0,13.87753708,E1 Q6,no,E1
1051,Q6,46,205,0.25,0.25,1,0,10.53249489,E1 Q6,no,E1
1053,Q6,49,206,49.37565718,93.50120167,1,0,1.74E-09,E1 Q6,no,E1
1055,Q6,50,206,30.96806897,49.37565718,2,0,0.056615191,E1 Q6,no,E1
1057,Q6,51,206,43.75972433,30.96806897,3,1,0.056540988,E1 Q6,no,E1
1059,Q6,54,207,30.15942968,128.750387,5,0,4.20E-09,E1 Q6,no,E1
1061,Q6,55,207,133.2779697,30.15942968,6,1,-2.49E-08,E1 Q6,no,E1
1063,Q7,29,101,146.7505289,113.4429956,7,0,9.177798888,P1 E1 Q1,no,P1E1
1067,Q7,30,101,139.037865,146.7505289,8,0,9.9634277,P1 E1 Q1,no,P1E1
1064,Q7,29,102,106.0837369,16.73168961,4,0,19.87426417,P1 E1 Q1,no,P1E1
1068,Q7,30,102,133.4393279,106.0837369,5,0,13.99243865,P1 E1 Q1,no,P1E1
1071,Q7,31,102,524.743503,133.4393279,6,0,12.16246666,P1 E1 Q1,no,P1E1
1074,Q7,32,102,645.8367215,524.743503,7,0,7.2800363,P1 E1 Q1,no,P1E1
1077,Q7,33,102,410.430592,645.8367215,8,0,5.505723766,P1 E1 Q1,no,P1E1
1080,Q7,34,102,612.0612662,410.430592,9,0,3.0297605,P1 E1 Q1,no,P1E1
1084,Q7,35,102,1083.051938,612.0612662,10,0,1.741471453,P1 E1 Q1,no,P1E1
1087,Q7,36,102,1467.359325,1083.051938,11,0,1.96E-08,P1 E1 Q1,no,P1E1
1089,Q7,37,102,1894.312516,1467.359325,12,0,-1.32E-08,P1 E1 Q1,no,P1E1
1092,Q7,38,102,2162.941971,1894.312516,13,0,-1.67E-08,P1 E1 Q1,no,P1E1
1097,Q7,39,102,1899.994744,2162.941971,14,0,1.72E-08,P1 E1 Q1,no,P1E1
1101,Q7,40,102,1670.007056,1899.994744,15,0,-5.03E-09,P1 E1 Q1,no,P1E1
1104,Q7,41,102,1066.839288,1670.007056,16,0,-4.21E-09,P1 E1 Q1,no,P1E1
1065,Q7,29,103,99.5115602,28.56538784,4,0,38.71559125,P1 E1 Q1,no,P1E1
1069,Q7,30,103,146.5025042,99.5115602,5,0,32.33629335,P1 E1 Q1,no,P1E1
1072,Q7,31,103,175.8177643,146.5025042,6,0,36.64198653,P1 E1 Q1,no,P1E1
1075,Q7,32,103,398.9310103,175.8177643,7,0,35.99490505,P1 E1 Q1,no,P1E1
1078,Q7,33,103,302.325834,398.9310103,8,0,30.6810199,P1 E1 Q1,no,P1E1
1081,Q7,34,103,275.4520675,302.325834,9,0,28.8329613,P1 E1 Q1,no,P1E1
1085,Q7,35,103,205.0632537,275.4520675,10,0,25.57058945,P1 E1 Q1,no,P1E1
1088,Q7,36,103,372.2548484,205.0632537,11,0,34.48485976,P1 E1 Q1,no,P1E1
1090,Q7,37,103,131.4880366,372.2548484,12,0,27.07418553,P1 E1 Q1,no,P1E1
1093,Q7,38,103,86.41758362,131.4880366,13,0,29.80780115,P1 E1 Q1,no,P1E1
1066,Q7,29,104,24.70633629,14.71197213,1,0,4.624621132,P1 E1 Q1,no,P1E1
1070,Q7,30,104,70.79638613,24.70633629,2,0,3.8834074,P1 E1 Q1,no,P1E1
1073,Q7,31,104,71.99520483,70.79638613,3,0,1.668664606,P1 E1 Q1,no,P1E1
1076,Q7,32,104,236.9131452,71.99520483,4,0,5.30714565,P1 E1 Q1,no,P1E1
1079,Q7,33,104,208.0130438,236.9131452,5,0,-1.02E-09,P1 E1 Q1,no,P1E1
1082,Q7,34,104,235.7654626,208.0130438,6,0,1.5406949,P1 E1 Q1,no,P1E1
1086,Q7,35,104,3.36538004,235.7654626,7,0,0.267346449,P1 E1 Q1,no,P1E1
1083,Q7,34,109,5.772161433,0.25,1,1,2.038366752,P1 E1 Q1,no,P1E1
1094,Q7,38,109,55.91025375,3.995840836,5,1,-1.90E-08,P1 E1 Q1,no,P1E1
1098,Q7,39,109,75.61107921,55.91025375,6,0,-8.35E-09,P1 E1 Q1,no,P1E1
1102,Q7,40,109,123.841464,75.61107921,7,0,1.91E-08,P1 E1 Q1,no,P1E1
1105,Q7,41,109,35.6769147,123.841464,8,0,-2.12E-08,P1 E1 Q1,no,P1E1
1091,Q7,37,125,18.10888649,0.25,1,0,20.92668552,P1 E1 Q1,no,P1E1
1095,Q7,38,125,16.99692964,18.10888649,2,0,17.71242302,P1 E1 Q1,no,P1E1
1099,Q7,39,125,36.20646129,16.99692964,3,0,17.63324178,P1 E1 Q1,no,P1E1
1103,Q7,40,125,58.25110852,36.20646129,4,0,16.25938237,P1 E1 Q1,no,P1E1
1106,Q7,41,125,78.6450254,58.25110852,5,0,16.17927534,P1 E1 Q1,no,P1E1
1096,Q7,38,142,19.63610799,0.25,1,1,2.53634019,P1 E1 Q1,no,P1E1
1100,Q7,39,144,105.8783859,34.67587857,1,1,0.328446431,P1 E1 Q1,no,P1E1
1107,Q8,26,102,35.85331512,0.75,4,0,4.958383161,P1 E1 Q2,no,P1E1
1110,Q8,29,102,35.58780751,13.15264334,7,0,7.662068306,P1 E1 Q2,no,P1E1
1112,Q8,30,102,95.73878331,35.58780751,8,0,5.306164405,P1 E1 Q2,no,P1E1
1115,Q8,31,102,189.4192726,95.73878331,9,0,5.639939391,P1 E1 Q2,no,P1E1
1118,Q8,32,102,230.4973724,189.4192726,10,0,0.483228446,P1 E1 Q2,no,P1E1
1121,Q8,33,102,236.5032867,230.4973724,11,0,0.216567556,P1 E1 Q2,no,P1E1
1124,Q8,34,102,397.188041,236.5032867,12,0,0.45238159,P1 E1 Q2,no,P1E1
1127,Q8,35,102,338.7284501,397.188041,13,0,1.62E-08,P1 E1 Q2,no,P1E1
1131,Q8,36,102,268.7202153,338.7284501,14,0,3.64E-09,P1 E1 Q2,no,P1E1
1134,Q8,37,102,423.5886196,268.7202153,15,0,0.799195636,P1 E1 Q2,no,P1E1
1108,Q8,26,103,137.8940876,61.51659446,4,0,5.651562857,P1 E1 Q2,no,P1E1
1111,Q8,29,103,293.7910076,256.0838055,7,0,1.16E-08,P1 E1 Q2,no,P1E1
1113,Q8,30,103,411.5635101,293.7910076,8,0,2.01E-08,P1 E1 Q2,no,P1E1
1116,Q8,31,103,743.9440517,411.5635101,9,0,-1.34E-08,P1 E1 Q2,no,P1E1
1119,Q8,32,103,848.4891648,743.9440517,10,0,-1.72E-08,P1 E1 Q2,no,P1E1
1122,Q8,33,103,832.5220081,848.4891648,11,0,-1.44E-08,P1 E1 Q2,no,P1E1
1125,Q8,34,103,959.019483,832.5220081,12,0,-2.04E-08,P1 E1 Q2,no,P1E1
1128,Q8,35,103,1089.024355,959.019483,13,0,-3.32E-09,P1 E1 Q2,no,P1E1
1132,Q8,36,103,1046.908968,1089.024355,14,0,3.64E-09,P1 E1 Q2,no,P1E1
1135,Q8,37,103,1363.814442,1046.908968,15,0,-5.47E-09,P1 E1 Q2,no,P1E1
1138,Q8,38,103,1109.975611,1363.814442,16,0,1.27E-08,P1 E1 Q2,no,P1E1
1141,Q8,39,103,711.6294446,1109.975611,17,0,2.46E-09,P1 E1 Q2,no,P1E1
1144,Q8,40,103,893.9423429,711.6294446,18,0,1.68E-09,P1 E1 Q2,no,P1E1
1147,Q8,41,103,780.4950438,893.9423429,19,0,1.01E-09,P1 E1 Q2,no,P1E1
1150,Q8,45,103,931.5879923,1463.717101,23,0,-4.08E-10,P1 E1 Q2,no,P1E1
1151,Q8,46,103,676.3557169,931.5879923,24,0,0.057914389,P1 E1 Q2,no,P1E1
1153,Q8,49,103,529.6186753,814.2704713,27,0,1.88E-08,P1 E1 Q2,no,P1E1
1156,Q8,50,103,893.3274471,529.6186753,28,0,0.032436803,P1 E1 Q2,no,P1E1
1158,Q8,51,103,531.4231763,893.3274471,29,0,1.10E-08,P1 E1 Q2,no,P1E1
1160,Q8,54,103,488.8545078,346.5599639,32,0,6.26E-09,P1 E1 Q2,no,P1E1
1163,Q8,55,103,355.2190889,488.8545078,33,0,-2.80E-09,P1 E1 Q2,no,P1E1
1166,Q8,56,103,123.9536729,355.2190889,34,0,1.57E-08,P1 E1 Q2,no,P1E1
1109,Q8,26,104,45.40354856,4.480724053,4,0,24.30507227,P1 E1 Q2,no,P1E1
1114,Q8,30,104,207.2328564,112.9794984,8,0,16.15933553,P1 E1 Q2,no,P1E1
1117,Q8,31,104,491.5862932,207.2328564,9,0,14.05128161,P1 E1 Q2,no,P1E1
1120,Q8,32,104,489.2505246,491.5862932,10,0,10.06367299,P1 E1 Q2,no,P1E1
1123,Q8,33,104,468.872815,489.2505246,11,0,6.609432369,P1 E1 Q2,no,P1E1
1126,Q8,34,104,755.1573639,468.872815,12,0,8.781487054,P1 E1 Q2,no,P1E1
1129,Q8,35,104,675.932204,755.1573639,13,0,7.663365965,P1 E1 Q2,no,P1E1
1133,Q8,36,104,813.1042241,675.932204,14,0,9.852674567,P1 E1 Q2,no,P1E1
1136,Q8,37,104,884.3729081,813.1042241,15,0,7.90393314,P1 E1 Q2,no,P1E1
1139,Q8,38,104,684.3775639,884.3729081,16,0,9.029751124,P1 E1 Q2,no,P1E1
1142,Q8,39,104,285.3509858,684.3775639,17,0,5.262200354,P1 E1 Q2,no,P1E1
1145,Q8,40,104,230.3020627,285.3509858,18,0,7.582326116,P1 E1 Q2,no,P1E1
1148,Q8,41,104,53.85341902,230.3020627,19,0,5.591249583,P1 E1 Q2,no,P1E1
1130,Q8,35,111,1.902463594,0.25,1,0,20.79716755,P1 E1 Q2,no,P1E1
1137,Q8,37,121,0.25,0.25,1,0,18.36127536,P1 E1 Q2,no,P1E1
1140,Q8,38,121,5.016309039,0.25,2,0,17.75823864,P1 E1 Q2,no,P1E1
1143,Q8,39,121,17.31229784,5.016309039,3,0,18.53669799,P1 E1 Q2,no,P1E1
1146,Q8,40,121,17.51662362,17.31229784,4,0,17.27179334,P1 E1 Q2,no,P1E1
1149,Q8,41,121,12.90753826,17.51662362,5,0,17.92109567,P1 E1 Q2,no,P1E1
1152,Q8,46,188,65.22014188,48.53626182,1,0,17.50550114,P1 E1 Q2,no,P1E1
1154,Q8,49,188,297.5625,155.0577905,4,0,15.00471754,P1 E1 Q2,no,P1E1
1157,Q8,50,188,343.3278076,297.5625,5,0,16.85000003,P1 E1 Q2,no,P1E1
1159,Q8,51,188,349.9202033,343.3278076,6,0,15.30499488,P1 E1 Q2,no,P1E1
1161,Q8,54,188,849.462807,478.2798634,9,0,12.5756769,P1 E1 Q2,no,P1E1
1164,Q8,55,188,617.8390739,849.462807,10,0,0.05121362,P1 E1 Q2,no,P1E1
1167,Q8,56,188,506.261484,617.8390739,11,0,8.079486278,P1 E1 Q2,no,P1E1
1155,Q8,49,189,27.0896,14.03786553,4,1,-1.48E-08,P1 E1 Q2,no,P1E1
1162,Q8,54,189,133.202091,53.30316508,9,0,-8.60E-09,P1 E1 Q2,no,P1E1
1165,Q8,55,189,75.41924327,133.202091,10,0,1.83E-08,P1 E1 Q2,no,P1E1
1168,Q8,56,189,14.42023597,75.41924327,11,0,8.61E-09,P1 E1 Q2,no,P1E1
1169,Q9,40,113,7.640350715,11.36867382,3,1,-2.49E-08,P1 E1 Q3,no,P1E1
