RowID,Year,Length,Eggs
1,1964,61,64487.5
2,1964,78,114204
3,1964,59,34965
4,1964,69,102870
5,1964,74,110410
6,1964,60,44450
7,1964,57,49640
8,1964,60,63855
9,1964,77,120056
10,1964,63,62008
11,1964,81,146334
12,1964,62,66178
13,1964,77,141754.5
14,1964,86,225517.5
15,1963,79,132345
16,1963,66,74650.5
17,1963,77,129900
18,1963,72,124510.5
19,1963,70,80411
20,1964,70,90000
21,1964,62,56948.5
22,1964,64,65306.5
23,1963,73,106238
24,1963,59,47571
25,1963,65,73640
26,1963,69,86295
27,1963,78,102753
28,1963,61,48535.5
29,1963,63,68715
30,1963,62,60775
31,1964,62,51182.5
32,1964,67,75449
33,1963,60,54054
34,1963,72,100035
35,1964,57,48790
36,1963,59,70626
37,1963,65,62964
38,1964,68,86304
39,1963,68,78864
40,1964,59,48843
41,1963,61,66174.5
42,1963,81,133699.5
43,1964,56,49700
44,1964,59,45874.5
45,1964,81,136000
46,1964,62,60207
47,1964,66,67093
48,1964,55,42151.5
49,1964,55,41356
50,1964,56,30380
51,1964,60,62646
52,1964,69,102980
53,1964,65,74448
54,1964,80,126636
55,1963,62,61184
56,1964,78,169332
57,1963,65,87906
58,1964,63,54862.5
59,1964,79,165536
60,1964,66,78942
61,1964,64,67987.5
62,1964,59,56180
63,1964,69,77625
64,1964,61,53910.5
65,1964,78,151613
66,1964,61,58987.5
67,1964,64,81984
68,1964,64,69825
69,1964,70,70128
70,1964,57,59830
71,1964,57,54560
72,1964,71,101106
73,1964,65,78621
74,1964,56,30753
75,1964,70,89112
76,1964,63,76545
77,1964,61,64932
78,1964,69,100012.5
79,1964,70,88360
80,1964,68,79550
81,1964,67,79242
82,1964,79,140175
83,1964,70,75627.5
84,1964,79,121535
85,1964,62,47300
86,1964,57,48786
87,1964,61,44719
88,1964,67,60076.5
89,1964,68,89250
90,1964,75,121636
91,1964,63,54390
92,1964,73,51049
93,1964,66,70614.5
94,1964,66,75723
95,1964,63,77644
96,1964,66,78234
97,1964,75,106802.5
98,1964,60,50986
99,1964,68,88687
100,1964,74,76547.5
101,1965,61,58481.5
102,1964,59,43025.5
103,1964,76,97636
104,1964,56,36670
105,1964,66,73990.5
106,1964,67,79336
107,1964,79,84831.5
108,1964,55,47436
109,1964,56,46060
110,1964,72,96748
111,1964,64,65000
112,1964,68,72555
113,1964,92,222615
114,1965,62,63175
115,1965,59,48688
116,1965,62,53300
117,1964,89,171097
118,1965,104,289850
119,1964,60,57235.5
120,1964,66,79473
121,1964,75,103970
122,1964,80,165467
123,1964,78,96890.5
124,1965,64,51798
125,1965,60,45499
126,1965,62,63189
127,1965,84,191541
128,1964,71,91908
129,1964,61,50715
130,1964,52,39600
131,1965,57,35340
132,1965,62,64008.5
133,1965,54,41428.5
134,1965,67,82082
135,1965,69,71630
136,1965,58,44080
137,1965,71,76650
138,1965,68,86184
139,1964,62,56942
140,1965,59,43193.5
141,1964,62,70400
142,1964,70,87398
143,1964,62,51277.5
144,1965,55,41710
145,1965,64,83627
146,1964,65,45632
147,1964,64,78430
148,1965,62,52487.5
149,1965,64,64759.5
150,1964,64,64736
151,1965,63,62962.5
152,1965,59,49000
153,1964,80,141764
154,1964,94,203688
155,1964,66,72446
156,1965,55,28421
157,1964,55,47460
158,1964,78,98490
159,1965,67,82336.5
160,1965,69,82992
161,1965,62,57316
162,1964,72,88270
163,1964,93,252895.5
164,1964,76,127452
165,1965,63,58240
166,1964,86,186120
167,1964,73,98968
168,1965,61,60450
169,1965,75,112816
170,1965,65,56941.5
171,1964,64,74437
172,1964,66,63992
173,1964,64,79310
174,1964,78,179960.5
175,1964,68,111639
176,1964,69,75548
177,1965,75,86240
178,1965,69,90004.5
179,1965,61,51057
180,1964,72,71562.5
181,1965,64,70149.5
182,1964,63,49717
183,1965,60,53464
184,1964,58,60996
185,1965,66,57528
186,1964,62,53690
187,1965,62,60720
188,1965,70,110262
189,1965,65,70110
190,1965,65,84075
191,1965,66,71504
192,1965,63,87526.5
193,1965,61,52200
194,1965,66,81510
195,1965,60,48504
196,1965,56,39762
197,1965,63,62652
198,1965,65,76601
199,1965,72,88567.5
200,1965,85,186795
201,1965,59,50871
202,1965,66,83656.5
203,1965,66,95711
204,1965,67,92092
205,1965,63,89392
206,1965,72,62370
207,1965,68,97755
208,1965,60,77760
209,1965,66,86494
210,1965,68,99025
211,1965,75,127759.5
212,1965,97,271816
213,1965,85,163461
214,1965,74,113850
215,1965,72,104139
216,1965,65,80487
217,1965,65,77265
218,1965,73,112564
219,1965,62,61500
220,1965,87,240833
221,1965,64,77555.5
222,1965,64,83628
223,1965,107,344520
224,1965,70,102448
225,1965,59,55555
226,1965,82,201356
227,1965,105,305326
228,1965,74,86182
229,1965,62,68536
230,1965,62,61466.5
231,1965,63,81774
232,1965,67,124740
233,1965,60,59405
234,1965,62,59976
235,1965,59,45936
236,1965,70,100768
237,1965,54,39627.5
238,1966,62,52143
239,1965,83,171072
240,1965,61,64894.5
241,1966,59,75978
242,1966,59,52299
243,1966,73,120620
244,1966,74,118791
245,1966,70,105108.5
246,1965,98,151657.5
247,1965,87,168033
248,1965,65,80797.5
249,1966,59,54425.5
250,1966,57,62608
251,1966,61,80513.5
252,1966,57,49713
253,1966,73,151927.5
254,1966,65,90706
255,1966,58,56523
256,1966,54,32263
257,1965,56,45563
258,1965,62,64680
259,1965,67,66799
260,1965,91,192942
261,1965,67,101556
262,1966,62,74760
263,1965,63,62951
264,1965,64,79129.5
265,1965,67,94122
266,1965,66,69432
267,1965,63,72780
268,1965,68,78877.5
269,1965,69,99004
270,1965,59,52395
271,1965,72,117085.5
272,1966,68,72306
273,1966,57,44064
274,1965,63,69527
275,1966,58,54000
276,1966,60,45280
277,1966,62,85068
278,1966,52,41040
279,1965,59,55880
280,1966,57,62315
281,1966,68,77004.5
282,1966,62,59251
283,1966,84,235365
284,1966,63,94394
285,1966,61,42487.5
286,1966,58,65360
287,1965,51,31602
288,1966,62,68724
289,1966,62,66216
290,1966,61,58089
291,1966,58,42622
292,1966,57,51035
293,1966,76,123630
294,1966,66,84766.5
295,1966,62,70782
296,1966,59,51518.5
297,1966,66,77212.5
298,1966,60,80688
299,1966,70,100682.5
300,1966,73,99852
301,1966,69,93129
302,1966,82,182398.5
303,1966,65,82870.5
304,1966,61,70482
305,1966,64,96427.5
306,1966,66,77052.5
307,1966,64,72772
308,1966,68,106865
309,1966,60,52704
310,1966,59,57921
311,1966,59,50786
312,1966,63,86411
313,1966,62,66487.5
314,1966,93,212289
315,1966,54,52520
316,1966,65,48360
317,1966,68,97753.5
318,1966,69,98404
319,1966,61,63504
320,1966,60,59904
321,1966,57,66286.5
322,1966,68,94400
323,1966,63,80726
324,1966,62,64012
325,1966,62,61378.5
326,1966,66,89535
327,1966,68,81567
328,1966,79,155502
329,1966,82,140532
330,1966,65,93264
331,1966,60,61391.5
332,1966,63,90125.5
333,1966,70,107260
334,1966,59,70750
335,1966,63,55705
336,1966,65,63727.5
337,1966,60,61380
338,1966,66,60918
339,1966,62,58247.5
340,1966,62,63830
341,1966,88,207408
342,1966,63,76517.5
343,1966,69,104041.5
344,1966,68,72944
345,1966,65,69064
346,1966,70,94680
347,1966,61,94770
348,1966,61,73856
349,1966,64,75710
350,1966,67,80500
351,1966,66,91979
352,1966,65,85493
353,1966,79,170488
354,1966,62,76856
355,1966,65,75705
356,1966,77,142508.5
357,1966,66,96096
358,1966,66,68425
359,1966,62,66883.5
360,1966,63,71416
361,1966,64,72372
362,1966,67,94514
363,1966,70,105909.5
364,1966,63,52334
365,1966,61,52128
366,1966,63,87817
367,1966,59,53058
368,1966,63,50962.5
369,1966,67,66766
370,1966,63,65369
371,1966,60,51867
372,1966,68,77561
373,1966,65,83232
374,1966,64,83187.5
375,1966,62,61207
376,1966,65,73229
377,1966,65,80892
378,1966,72,126556.5
379,1966,69,88844.5
380,1966,65,64321
381,1966,73,134400.5
382,1966,69,97968
383,1966,70,106260
384,1966,59,73500
385,1966,68,119244
386,1966,66,83160
387,1966,55,34565
388,1966,71,95676
389,1966,74,100544.5
390,1966,57,44512
391,1966,65,75853.5
392,1966,82,211048
393,1966,65,80136
394,1966,68,90681
395,1966,55,38516.5
396,1966,62,71437.5
397,1966,71,104440
398,1966,62,73242
399,1966,65,102959
400,1966,68,84735
401,1966,62,72693
402,1966,63,65613.5
403,1966,64,73093.5
404,1967,69,77785
405,1967,64,64876
406,1966,62,85176
407,1966,55,37800
408,1966,66,94605
409,1966,61,68894
410,1967,57,51072
411,1966,93,218566
412,1967,63,81052.5
413,1967,100,301950
414,1967,65,76120
415,1966,66,88077
416,1966,61,60334
417,1966,61,53768
418,1967,61,76659
419,1966,70,107136
420,1966,110,357220
421,1966,55,43453.5
422,1966,61,69345
423,1966,68,85925
424,1966,60,41118
425,1966,56,45600
426,1966,56,60636
427,1966,66,90972
428,1966,65,94839
429,1966,65,64200
430,1966,62,65124
431,1967,59,55390
432,1967,72,98690
433,1967,61,57330
434,1967,68,115362
435,1967,70,117105
436,1967,69,110538
437,1966,67,108992
438,1967,69,120551.5
439,1967,60,66750
440,1967,65,98585.5
441,1966,62,77101.5
442,1966,75,111786.5
443,1966,60,73829.5
444,1967,59,51277.5
445,1966,93,290238
446,1966,59,72179
447,1967,57,47838
448,1967,64,91065
449,1966,73,89622
450,1967,62,64768
451,1967,57,56206.5
452,1966,63,70452
453,1967,62,75845
454,1966,65,88803
455,1966,65,64025
456,1967,70,111930
457,1967,60,64813
458,1966,69,99654
459,1966,65,72535
460,1966,66,102885.5
461,1966,76,128691
462,1966,54,50976
463,1966,69,107233.5
464,1966,63,61152
465,1966,59,51175
466,1966,64,61488
467,1966,75,151658
468,1966,66,91724
469,1966,64,82004
470,1967,59,57904
471,1966,89,235406.5
472,1966,75,117369
473,1966,66,69204
474,1967,65,87277.5
475,1966,68,100232
476,1967,59,55440
477,1966,62,73780
478,1966,65,74077.5
479,1966,62,74784
480,1966,66,83279.5
481,1967,61,70452
482,1966,66,93039.5
483,1967,68,97996.5
484,1967,62,71012.5
485,1967,70,116443.5
486,1966,59,45124.5
487,1966,68,94812.5
488,1967,66,82411
489,1966,66,79809
490,1967,76,121458
491,1966,64,93280
492,1967,68,113680
493,1966,65,67989
494,1966,59,66306
495,1966,66,102820
496,1966,63,85078
497,1966,66,79381.5
498,1967,73.5,154806
499,1967,58.8,53016
500,1967,65,71556
501,1967,63,87630
502,1967,72.1,110037
503,1967,69.5,156663
504,1967,67,90618
505,1967,68.5,76683
506,1967,99.3,330250
507,1967,68.2,52879
508,1967,54.5,47867
509,1967,83.7,172253
510,1967,63,73575
511,1967,59.5,69272
512,1967,68.5,87840
513,1967,69.7,94415
514,1967,82,171466
515,1967,72.2,141750
516,1967,88.7,172666
517,1967,67,94686
518,1967,66.5,108518
519,1967,65,99164
520,1967,77.6,192496
521,1967,74.3,135051
522,1967,75,85261
523,1967,66,166915
524,1967,67,87096
525,1967,68.5,76587
526,1967,70.3,100368
527,1967,64.5,100155
528,1967,58.3,51239
529,1967,62,84816
530,1967,60,69478
531,1967,74.3,117652
532,1967,63.6,81220
533,1967,59.3,52892
534,1967,67,84340
535,1967,73.2,125898
536,1967,70,81978
537,1967,62.6,96404
538,1967,64.1,66774
539,1967,59.5,64752
540,1967,66.3,92594
541,1967,61.1,66553
542,1967,69.5,116936
543,1967,60,52845
544,1967,79.2,153259
545,1967,66.4,88788
546,1967,57.2,62736
547,1967,71.7,116180
548,1967,64.5,84495
549,1967,66.3,98228
550,1967,66.8,102025
551,1967,57.7,63034
552,1967,63,82627.5
553,1967,68.7,62077
554,1967,72.3,120106
555,1967,69,111627
556,1967,61.3,67589
557,1967,63.3,94183
558,1967,62,63840
559,1967,70.7,104608
560,1967,62,73536
561,1967,79.8,174470
562,1967,70.8,103194
563,1967,64.3,81624
564,1968,69.8,93653
565,1968,61,53241
566,1968,84.5,313351
567,1968,85.3,192200
568,1967,63.3,101121
569,1967,58.7,73275
570,1967,66,71691
571,1967,68.5,104895
572,1967,65.3,88433
573,1968,90.5,248598
574,1968,64.5,95440
575,1968,76,143575
576,1968,75.5,163221
577,1967,76,124243
578,1967,66.7,77417
579,1967,69.2,84744
580,1967,63.3,105020
581,1967,66.6,122271
582,1968,67.5,106293
583,1968,61.7,80412
584,1968,76,206271
585,1968,55.8,53338
586,1968,75.5,163417
587,1968,83.2,226314
588,1968,55.5,49667
589,1967,64.5,85315
590,1968,74.3,198585
591,1968,91,257642
592,1968,81,205050
593,1968,74.4,125947
594,1968,51.8,31559
595,1968,59.5,64275
596,1968,61.8,82643
597,1968,65.2,55855
598,1968,80.5,148258
599,1968,63.5,84608
600,1968,66.2,93742
601,1968,57.5,59608
602,1968,73.1,124713
603,1968,65.5,106675
604,1968,66.5,94172
605,1968,63.8,79481
606,1968,63.2,79728
607,1968,72.2,112211
608,1968,74.6,131040
609,1968,54.5,38760
610,1968,55.5,62805
611,1968,64.4,83597
612,1968,68,113463
613,1968,58.5,62282
614,1968,69.5,106267
615,1968,59.2,50477
616,1968,58,65251
617,1968,59.6,74032
618,1968,63.3,71695
619,1968,66.7,115260
620,1968,62.5,99042
621,1969,57.7,51728
622,1968,64.3,108543
623,1969,57.6,71120
624,1969,68.1,91608
625,1969,64.6,95672
626,1969,64.1,68354
627,1968,70.5,144698
628,1968,68,93930
629,1968,63,82849
630,1968,61.2,70648
631,1968,56.2,51510
632,1968,57.1,63968
633,1968,55.4,49866
634,1968,54.1,47133
635,1969,55.8,64456
636,1968,62.6,71631
637,1968,71,105275
638,1968,65.2,87385
639,1969,59.5,60310
640,1969,61.5,132548
641,1968,63.2,79858
642,1968,59.1,79360
643,1968,55.8,55384
644,1968,61,71098
645,1968,72.5,130831
646,1968,66.8,151931
647,1968,67.5,85063
648,1968,72,140509
649,1969,70.2,117691
650,1969,73.3,145194
651,1968,57.2,52993
652,1968,73,104944
653,1968,67.6,105067
654,1968,69.2,95063
655,1968,59.3,55448
656,1968,56.8,35196
657,1968,75.6,136733
658,1968,68.5,78668
659,1969,60.3,80053
660,1968,63.7,68200
661,1968,75.6,99550
662,1969,78.8,235652
663,1969,55.7,69067
664,1969,53.7,41465
665,1969,60.3,70406
666,1968,88.5,171592
667,1968,75,135179
668,1969,67.7,96554
669,1969,76.2,121985
670,1969,71.5,120704
671,1969,65.7,78301
672,1968,58,67249
673,1969,57.8,66864
674,1968,59.3,55314
675,1968,84.5,195907
676,1968,58,98163
677,1968,57.5,50538
678,1968,62,76002
679,1968,74.3,112749
680,1968,76.6,144486
681,1969,95.3,361878
682,1969,67.6,113519
683,1969,59,68765
684,1969,67,95555
685,1968,68.1,87358
686,1969,70.6,75174
687,1968,69.5,69451
688,1968,84.5,153264
689,1969,62.7,79104
690,1968,58.4,43282
691,1968,70.4,71480
692,1968,57.5,65848
693,1969,68,105766
694,1968,67.3,101147
695,1969,59.6,62643
696,1969,70.2,124656
697,1969,67.7,102010
698,1969,65.5,79968
699,1969,55.8,38333
700,1969,59,68487
701,1969,55.8,60021
702,1969,81.5,150190
703,1969,60.5,55740
704,1969,64.5,100505
705,1969,63.8,87961
706,1969,74.5,110990
707,1969,72.2,127901
708,1969,66.2,73296
709,1969,62.1,70209
710,1969,64.5,90882
711,1969,69.3,94827
712,1969,63.1,93946
713,1969,67.4,100450
714,1969,58.5,69608
715,1969,61,58890
716,1969,58.3,55609
717,1969,60.8,61156
718,1969,60,61086
719,1969,74,101210
720,1969,65,84512
721,1969,70.2,144722
722,1969,68.5,102287
723,1969,67.2,100880
724,1969,70.3,116751
725,1969,68,83227
726,1969,74.7,151331
727,1969,69,114264
728,1969,67,89354
729,1969,70,106808
730,1969,77,169609
731,1969,67.5,117151
732,1969,70,115018
733,1969,58.1,60496
734,1969,71.5,84210
735,1969,66.5,75036
736,1969,60.5,66666
737,1970,58.3,74472
738,1970,66.1,108203
739,1969,72.3,127408
740,1969,72.1,127531
741,1969,67.7,97055
742,1969,62.3,72808
743,1969,60.1,70220
744,1969,60.3,59129
745,1969,65.2,69666
746,1969,79,223517
747,1969,72.5,106742
748,1969,59.5,58090
749,1969,71.7,101732
750,1970,66.8,106761
751,1970,57.5,68621
752,1970,62.7,72714
753,1969,64,91745
754,1970,68.2,109489
755,1969,76,122623
756,1969,61.7,72899
757,1969,69.2,103199
758,1969,68,92920
759,1969,57.5,70678
760,1969,67,81061
761,1969,65.5,69046
762,1970,60.7,57938
763,1970,56.1,58167
764,1969,62.6,85884
765,1969,60.6,60083
766,1969,59,46440
767,1970,88.6,217098
768,1969,68.1,98889
769,1970,57.2,63529
770,1969,70.5,112706
771,1969,79,137674
772,1969,67,119398
773,1969,61,75537
774,1969,68,114469
775,1970,55.6,51397
776,1970,67,72085
777,1969,60,68609
778,1969,59.2,75715
779,1970,91.7,322639
780,1969,63.6,90998
781,1970,61.6,65232
782,1970,65.3,93585
783,1969,61.2,73036
784,1969,61,50935
785,1969,57.7,57630
786,1969,86.3,249696
787,1970,71.5,170274
788,1969,65.2,94055
789,1969,61.4,83080
790,1969,62.3,77552
791,1969,64.3,99079
792,1969,67,102306
793,1969,60.6,69192
794,1969,70.7,142428
795,1969,59,58632
796,1970,69.8,127193.6
797,1970,75.5,114731.4
798,1970,68.2,126730.8
799,1970,74.5,122278.1
800,1970,75,151971.6
801,1970,71.2,161346.8
802,1970,65,86240
803,1970,61.7,95055.6
804,1970,70,135969.6
805,1970,79.3,201909.2
806,1970,63.8,109985.4
807,1970,59.4,70376.4
808,1970,70.2,131489.25
809,1970,74.8,168880.8
810,1970,76.8,158096.05
811,1970,78.6,159575.4
812,1970,58.3,66375.75
813,1970,60,58969.2
814,1970,58.8,75199.6
815,1970,74.7,170913.75
816,1970,73.2,125730
817,1970,70,118746.4
818,1970,65,98054.8
819,1970,72.2,158184.55
820,1970,69,128005.2
821,1970,84.5,179609.6
822,1970,62.3,87181.5
823,1970,63.8,101516.4
824,1970,63,86139.9
825,1970,67.5,103564.8
826,1970,71,123858.45
827,1970,60,71057.5
828,1970,62.6,98449.6
829,1970,58.1,52374
830,1970,72.5,132703
831,1970,79.5,179548.8
832,1970,63.4,92930.6
833,1970,70.8,132492
834,1970,67,105699.2
835,1970,62,94689.75
836,1970,73.5,130839.15
837,1970,64,86849
838,1970,68.8,120638.1
839,1970,82.3,258723.85
840,1970,59.2,64334.05
841,1970,73.5,169999.8
842,1970,72,140905.6
843,1970,67.2,108477.6
844,1970,69.3,108928.5
845,1970,61.6,76633.8
846,1970,69.4,119625.75
847,1970,79.2,155437.8
848,1970,68,85522.8
849,1970,75.1,177414.55
850,1970,60,56863.3
851,1970,67.5,89352.75
852,1970,57.6,62426
853,1970,70,135905.65
854,1970,61,80658.9
855,1970,65.5,126432.9
856,1970,72.7,147189.2
857,1970,66.5,112754.4
858,1970,80,163593
859,1970,78.7,206006.4
860,1970,63,89140.5
861,1970,61,79821
862,1970,65.2,126174.6
863,1970,57.7,49967.1
864,1970,59.3,70913.7
865,1970,77,122472
866,1970,80,224924.7
867,1970,82.6,231420
868,1970,64.1,90830.25
869,1970,73,131348.4
870,1970,64,80013.45
871,1970,59.5,74584.4
872,1970,60,79179.45
873,1970,60.2,54658.8
874,1970,71.2,116463.6
875,1970,76.3,138707.25
876,1970,61,69596
877,1970,61.5,112204.4
878,1970,66,112946.4
879,1970,59.2,54227.25
880,1970,74.5,122213.9
881,1970,63,107250.4
882,1970,66.8,87531.4
883,1970,71.2,124624.2
884,1970,60.7,75369
885,1970,60,69788.6
886,1970,59.5,62054.4
887,1970,63.2,84436.5
888,1970,61.8,65339.55
889,1970,62.8,80071.7
890,1970,68,118299.9
891,1970,62.1,79240
892,1970,68.8,138438.95
893,1970,66.8,106883.2
894,1970,58.4,58530.85
895,1970,70.6,125001.65
896,1970,63.2,88780.8
897,1971,63,87986
898,1971,69.8,118898.4
899,1971,74.8,148569.5
900,1971,73.8,142725.2
901,1971,78.2,199082
902,1971,75.6,149629.2
903,1971,82,220519.05
904,1971,75.8,167515.5
905,1971,67.5,108360.4
906,1971,74.1,143440.2
907,1971,61.8,90968
908,1971,63.2,82781.05
909,1971,69.8,113541.75
910,1971,59.5,72704
911,1971,66,95385.6
912,1971,69.5,124685.1
913,1971,63,89307.9
914,1971,72.7,140526
915,1971,69.8,116602.85
916,1971,100,250778
917,1971,70.8,143548.7
918,1971,62.5,86420
919,1971,68,111470.6
920,1971,72,137461.1
921,1971,65.5,103860
922,1971,70.4,125633.2
923,1971,61.2,75947.3
924,1971,82,265216.6
925,1971,60,65785.6
926,1971,60.5,70940.4
927,1971,60.6,77561.4
928,1971,65.7,121829.85
929,1971,64.5,83241.6
930,1971,68,106917.75
931,1971,62.8,89642.95
932,1971,66.5,88971.3
933,1971,79,190494
934,1971,69.6,127305.6
935,1971,66.5,132901.2
936,1971,67.1,118752
937,1971,69,142158
938,1971,77.7,147829.5
939,1971,68,92379
940,1971,65.8,89358.75
941,1971,74.8,151584.8
942,1971,71,144010.05
943,1971,73,132104.7
944,1971,71,132179.9
945,1971,69.5,137752.65
946,1971,71.7,109872.1
947,1971,108.5,265200
948,1971,67.4,90637.4
949,1971,72.5,148196.25
950,1971,61,77054.1
951,1971,58.6,57537
952,1971,59.5,68623.2
953,1971,87.5,228437.25
954,1971,64.5,82106.6
955,1971,64,104488.8
956,1971,58.3,64315
957,1971,65,80825.4
958,1971,84.7,196838.4
959,1971,79,183218.7
960,1971,61.4,73908.6
961,1971,77.3,161444.4
962,1971,76.3,131710.4
963,1971,59.3,66518.4
964,1971,56,47072.7
965,1971,78,156065.8
966,1971,71.5,89814.8
967,1971,57.3,39425.6
968,1971,79,182051
969,1971,58,62303.8
970,1971,65.1,112285.55
971,1971,72.5,132196.05
972,1971,61.5,77934.8
973,1971,85,198607.5
974,1971,80.5,155405.5
975,1971,70.5,118849.5
976,1971,83.5,213086.25
977,1971,84.3,213816
978,1971,64.2,74286.2
979,1971,81,147261.4
980,1971,64,93694
981,1971,73,99318.4
982,1971,88.7,215326
983,1971,56.9,51120.4
984,1971,62,77477.4
985,1971,71,151765.6
986,1971,66.3,109216.8
987,1971,78,157185.6
988,1971,57.5,43815.75
989,1971,74.6,151007.4
990,1971,75.7,144407.5
991,1971,89,235206.45
992,1971,75.4,218310.4
993,1971,73,152873.5
994,1971,75.5,121995.3
995,1971,58.5,64302.3
996,1971,59.8,68391.3
997,1972,55.3,44049.6
998,1972,64,81922.1
999,1972,74.7,151468.8
1000,1972,60,60769.2
1001,1972,74,149787.9
1002,1972,67.6,112882.5
1003,1972,62.8,83585.25
1004,1972,61,77254
1005,1972,62,62348
1006,1972,80,167586
1007,1972,74.3,129114
1008,1972,77.6,198817.9
1009,1972,60,77994
1010,1972,72.8,117225
1011,1972,62.4,86100
1012,1972,63.8,67319.6
1013,1972,59.4,68352
1014,1972,68,124280.5
1015,1972,68.4,135211.75
1016,1972,66.3,87899.35
1017,1972,70.5,134701.2
1018,1972,96.7,140470.5
1019,1972,78.5,120474.75
1020,1972,78.2,80070
1021,1972,67.2,96456.15
1022,1972,64,97135.9
1023,1972,80.5,93473.6
1024,1973,79.6,145401.7
1025,1972,59.2,46718.25
1026,1972,82.2,234468.9
1027,1972,70.8,114230.4
1028,1972,61.8,66065.6
1029,1972,75,162392
1030,1972,76.5,115207.3
1031,1972,67,137957.05
1032,1972,82.5,185080.8
1033,1972,69,93248
1034,1972,71,89817.75
1035,1972,73.1,117586
1036,1972,75,160015.5
1037,1972,79.5,155148
1038,1972,64.8,84341
1039,1972,75,127420
1040,1972,87,200811.8
1041,1972,54.7,43306.2
1042,1972,63.1,91262.3
1043,1972,93.5,83014.35
1044,1972,87.5,72582.3
1045,1972,81.5,116926.25
1046,1973,82.5,213896.9
1047,1973,56.4,44284.1
1048,1972,82.8,185733.9
1049,1972,61.3,62393.45
1050,1973,89,214119.25
1051,1973,57,63421.95
1052,1973,77.9,175915.2
1053,1973,66.7,104095.85
1054,1972,66.5,119595
1055,1973,58.9,72823.3
1056,1973,81.8,202104.2
1057,1972,60,72102.1
1058,1972,69,137182
1059,1972,65,69986.7
1060,1972,76.8,101987.6
1061,1973,58.3,67468.5
1062,1973,54.4,49831.5
1063,1973,73,110718.5
1064,1972,80.8,118970.2
1065,1972,61.5,72494.7
1066,1972,78,139838.4
1067,1972,71.3,138203.2
1068,1972,60,71224.5
1069,1972,77.1,199846.35
1070,1972,85.5,187997.6
1071,1972,71.7,117627.4
1072,1973,71.1,125671.8
1073,1973,70.2,126633
1074,1973,91,289212
1075,1973,63.3,70236.8
1076,1972,66.3,120834.8
1077,1972,73.8,117552
1078,1972,68.5,111623.65
1079,1972,73,128448.65
1080,1973,63.2,50986.6
1081,1972,62.2,89548
1082,1972,79.5,189504.35
1083,1973,65,76365.6
1084,1973,75.6,160314
1085,1973,62.2,97860
1086,1973,67.6,78116.9
1087,1973,59.5,57431.5
1088,1973,74.6,177778.8
1089,1973,65.3,79359.8
1090,1973,83.3,163702.95
1091,1973,58,61153.4
1092,1973,71.2,119786.4
1093,1973,84.7,242764.8
1094,1973,60,48768.15
1095,1973,55.7,46120.6
1096,1973,56.5,62271
1097,1973,72.1,134064
1098,1973,70.7,109581.3
1099,1973,69,127488.9
1100,1973,64.8,97807.5
1101,1973,54.4,38428.5
1102,1973,61.5,76407.6
1103,1973,58.7,38489.6
1104,1973,59.1,47490.8
1105,1973,65.9,96904.75
1106,1973,76.5,180568.8
1107,1973,62.1,85417
1108,1973,57.2,80870.4
1109,1973,61,82658
1110,1973,61,68932.5
1111,1973,61.7,76224.6
1112,1973,66.5,111930
1113,1973,79.5,180574
1114,1973,57.5,49581.9
1115,1973,64.7,87225.6
1116,1973,67.7,89922.75
1117,1973,66.7,88584.3
1118,1973,61.8,58675.2
1119,1973,67.5,124184.5
1120,1973,59.5,70032.6
1121,1973,59.2,70439.2
1122,1973,62,81231.15
1123,1973,63.2,66088.8
1124,1973,63,83877.3
1125,1973,69,113653.5
1126,1973,62.7,80801.2
1127,1973,65.2,107558.5
1128,1973,68.2,100463.25
1129,1974,87.5,241006.4
1130,1973,56,44466.1
1131,1973,63.7,72142.8
1132,1973,75.2,141075.2
1133,1973,68.8,99790.7
1134,1973,67.8,129784.2
1135,1973,67.3,94700.2
1136,1974,65.5,84452.5
1137,1973,70.5,103971.9
1138,1974,60.5,60857.65
1139,1974,60.5,67805.7
1140,1974,74.5,129039.15
1141,1974,97,364993.8
1142,1973,59.1,66828.1
1143,1973,66,98325
1144,1973,74.5,126199.5
1145,1974,65.5,97817.75
1146,1973,60.5,70080.6
1147,1973,68.8,102839.5
1148,1974,63.8,90801.15
1149,1974,73,101456.55
1150,1974,61.2,64345.65
1151,1973,70.8,116156.85
1152,1974,58,47674
1153,1974,70.8,143754.9
1154,1974,92.5,313106.75
1155,1973,62.1,73680.6
1156,1973,59.1,57111.25
1157,1973,64.2,89241.6
1158,1973,57.3,52931.45
1159,1974,58,57474
1160,1974,73.1,147220.5
1161,1973,69.4,98255.5
1162,1974,57.5,56227.5
1163,1973,64.9,89479.5
1164,1973,69.5,103365
1165,1973,64.6,95935.2
1166,1973,63.2,89487.3
1167,1973,66.5,83790
1168,1973,61.5,79028.55
1169,1974,57,68495.7
1170,1973,65.5,105367.8
1171,1974,58.8,78780.6
1172,1974,62.1,77606.55
1173,1973,64,88677
1174,1973,64.5,106464.6
1175,1973,62.3,82914.1
1176,1973,63,94713
1177,1973,62.3,76588.2
1178,1973,90.8,239772
1179,1973,71,147170.1
1180,1973,63,73258.05
1181,1973,92,280082.75
1182,1973,68.5,111559.2
1183,1973,67.7,108551.7
1184,1973,58.8,67716.1
1185,1973,66.6,111244.5
1186,1973,66.1,89906.3
1187,1973,67.3,98590.5
1188,1974,63,80457.6
1189,1973,64.5,91119.6
1190,1974,68.4,114006.8
1191,1973,61.3,56238
1192,1973,67.6,95706
1193,1974,60,79854.3
1194,1974,71.5,122432.4
1195,1973,69.5,113133.6
1196,1973,66,107781.8
1197,1973,67.8,104392.8
1198,1973,64.3,95218.25
1199,1973,75.3,127915.2
1200,1973,68.4,99342.45
1201,1973,74.3,74458.4
1202,1973,66.9,88047.9
1203,1973,65.5,85050.4
1204,1973,61.2,82278.85
1205,1973,60.2,54968.2
1206,1973,68,128717.4
1207,1974,65.8,123243.2
1208,1973,72.5,110234.8
1209,1974,71.5,138257.9
1210,1973,76.5,167506
1211,1974,87,246862.75
1212,1974,65,96845.7
1213,1973,73.5,114925.8
1214,1974,61.3,68975.55
1215,1974,63,81474.6
1216,1974,63.4,83128.5
1217,1974,90.5,237734.4
1218,1974,60.6,70840.1
1219,1974,69.3,123220.95
1220,1974,64,91640.25
1221,1974,74.2,123369
1222,1974,60.5,75694.5
1223,1975,59.2,62424
1224,1975,59,59988.25
1225,1975,58.2,86325.75
1226,1974,83.5,278052.6
1227,1974,87.1,295348
1228,1975,58.2,46851
1229,1974,69.7,112691.25
1230,1974,68.5,101258.65
1231,1975,67.3,108091.4
1232,1975,58.8,58869
1233,1975,59,69782
1234,1974,69.5,126148
1235,1974,82.3,241571.7
1236,1975,79.4,178099.2
1237,1975,66.8,106492.75
1238,1975,64,91800.35
1239,1975,60.5,74371.3
1240,1975,68.5,132956
1241,1975,51.6,45129
1242,1974,68,134991.9
1243,1975,65,93179.8
1244,1975,64.8,94470.8
1245,1975,65.3,88892.25
1246,1974,60,66412.75
1247,1975,61.5,62856.3
1248,1975,72.2,136186.1
1249,1975,68,103641
1250,1974,64.5,90740.1
1251,1974,70.5,135758.7
1252,1974,68.2,110182.3
1253,1975,66.3,102740
1254,1974,74.8,163694.55
1255,1974,56.7,53412.8
1256,1975,66,92851.15
1257,1975,88.5,256871.25
1258,1974,55.8,28576.8
1259,1974,60.5,61628
1260,1974,72.4,167776.1
1261,1975,66.4,115710
1262,1975,63,97225
1263,1975,61.9,77738.4
1264,1974,60.7,58273.5
1265,1975,65,115861.05
1266,1975,66.4,84070.05
1267,1975,64.5,90065.6
1268,1975,92.5,339715.4
1269,1975,67,121220.8
1270,1975,70.2,138018.2
1271,1975,68,111870
1272,1975,64.1,84778.1
1273,1975,92,340742.7
1274,1975,61.3,82906.2
1275,1975,79,171045
1276,1975,62.3,88542.5
1277,1975,63.7,84529.9
1278,1975,65.5,91646.8
1279,1975,61.8,85234.8
1280,1975,60,69788
1281,1975,58,55489.5
1282,1975,57.2,64463.5
1283,1975,58.5,67997.15
1284,1975,75.2,116421.3
1285,1975,68.5,120329.25
1286,1975,67,102826.1
1287,1975,58.2,54864.75
1288,1975,65.2,95460.75
1289,1975,68.3,115864.2
1290,1975,70.5,130117.35
1291,1975,73.6,145955.1
1292,1975,77.5,189526.5
1293,1975,93,265994.3
1294,1975,71,143853.6
1295,1975,61.5,91804.8
1296,1975,58.4,75999.6
1297,1975,58,61272
1298,1975,63.3,104362.5
1299,1975,69.1,129035.4
1300,1975,65,115856
1301,1975,60,68442
1302,1975,61,73451.4
1303,1975,61.5,87857.1
1304,1975,62,83793.5
1305,1975,70.5,98849.7
1306,1975,65.5,107339.4
1307,1975,57.1,56245.75
1308,1975,65.8,75537
1309,1975,62.6,87140.2
1310,1975,73.2,120363.1
1311,1975,65,96930
1312,1975,64,88307.6
1313,1975,66.2,105463.6
1314,1975,60.8,70659.4
1315,1975,59.2,75011.4
1316,1975,66.2,115220.8
1317,1975,75.3,175620.9
1318,1975,61.8,79060.8
1319,1975,65.5,104381.7
1320,1975,67.2,111180
1321,1975,65.5,106895.2
1322,1975,61.5,82810
1323,1975,61.8,92198.1
1324,1975,81.6,182160.2
1325,1975,63.9,98016.75
1326,1975,69.4,117276
1327,1975,56,75177.6
1328,1975,64.2,104070
1329,1975,72,113400
1330,1975,63.5,92056
1331,1975,59.9,60470.55
1332,1975,63.8,86405.5
1333,1975,63,94884.95
1334,1975,85.2,244625.5
1335,1975,60.2,62475
1336,1975,71.5,151906.4
1337,1975,69.7,126476.9
1338,1975,62.6,85940.4
1339,1975,54,51670.5
1340,1975,60.5,75425.5
1341,1975,69,132010.8
1342,1975,66.5,109691.05
1343,1976,67.5,91192.4
1344,1976,66.8,99160.05
1345,1976,51,38746.8
1346,1976,44.2,22109.4
1347,1976,46.3,35044.35
1348,1976,69.5,114712.5
1349,1976,71.1,92976.45
1350,1976,69.5,129540.6
1351,1976,51.8,52830.9
1352,1976,71,172200
1353,1976,76.3,173211.75
1354,1976,71,114998.4
1355,1976,63,70556.8
1356,1976,63.4,87518.35
1357,1976,79.4,159311.25
1358,1976,57.7,61014.85
1359,1976,61.8,81509.05
1360,1976,54.2,55510.8
1361,1976,73.1,146889.6
1362,1976,66.1,82644.3
1363,1976,62,93244.2
1364,1977,54,46882.5
1365,1977,68.5,124324.2
1366,1977,71.5,131362.2
1367,1977,78,187348.5
1368,1976,79.5,176462.4
1369,1976,65.6,116917.6
1370,1976,70,146686
1371,1976,62.7,80793.65
1372,1977,76.5,162892.8
1373,1976,81.5,193742.7
1374,1976,80.5,195455
1375,1976,72.6,152456.8
1376,1976,67.2,121651.2
1377,1976,67.8,101923.5
1378,1976,57.2,51906.95
1379,1976,63,102374.4
1380,1976,64.8,121392.8
1381,1976,72.7,142648.5
1382,1976,61,94371.55
1383,1976,51.6,41929.65
1384,1976,71.8,146308.75
1385,1977,62.5,75763.6
1386,1977,59.1,83594
1387,1977,65,94297.55
1388,1977,64.9,86151.2
1389,1976,68,132397.2
1390,1976,67.5,112274
1391,1976,73.5,109868
1392,1976,62.5,73063.5
1393,1976,66.2,96046.6
1394,1976,71.2,126159.55
1395,1976,58.3,67710.4
1396,1976,69.4,123654.3
1397,1976,71,132202.2
1398,1977,62.5,91806
1399,1976,84.2,146620
1400,1976,69.7,130998.5
1401,1976,74,153597.6
1402,1976,78.8,193564
1403,1976,72.1,123216.45
1404,1976,70.8,102350
1405,1976,63.9,81051.75
1406,1976,73.5,178081.75
1407,1976,71,130077.45
1408,1976,70,168404.5
1409,1977,92.8,211268.8
1410,1977,80.8,194678
1411,1977,73.5,141472.1
1412,1976,73,147620
1413,1976,52.8,45223.6
1414,1976,72.1,171588.9
1415,1976,60.3,90998.05
1416,1976,40.8,13730.65
1417,1976,46.8,29550
1418,1976,45,26020.5
1419,1976,51,37882.8
1420,1977,73.5,170168.75
1421,1977,71.5,128916.8
1422,1977,66.5,90947.25
1423,1977,66.3,100984
1424,1977,62.2,65198.4
1425,1976,74.1,131948.7
1426,1977,68.4,123928.7
1427,1977,66.8,94829
1428,1976,72.3,131549.85
1429,1976,45.5,24524.4
1430,1976,74.1,122372.25
1431,1976,75.1,185440.5
1432,1977,72.5,115493.4
1433,1977,69.5,140179
1434,1976,73.3,154977.6
1435,1977,74,140348.3
1436,1977,79,190632
1437,1976,69.3,140185
1438,1977,74.6,125119.8
1439,1976,73.5,144513.6
1440,1977,60.6,77526.25
1441,1977,66.4,85225.5
1442,1977,80.7,216049.6
1443,1977,69.6,126454.9
1444,1977,72.7,118184
1445,1977,66.7,118429.2
1446,1977,63.9,81312.3
1447,1977,69,113426.25
1448,1977,65.3,92368.65
1449,1977,63,88592
1450,1977,70.2,117744.55
1451,1977,67,71043.7
1452,1977,66,82161
1453,1977,66.5,81097.5
1454,1977,76.7,161518.35
1455,1977,78.5,183087.1
1456,1977,57.3,69913.2
1457,1977,64.2,69049
1458,1977,61.2,65127.4
1459,1977,63.9,58917
1460,1977,81.3,169000
1461,1977,70,83967.75
1462,1977,59.5,46846.8
1463,1977,61.5,100861.8
1464,1977,65.5,103952.1
1465,1977,67.3,108081.6
1466,1977,62,54194.7
1467,1977,66.7,88075.05
1468,1978,79.3,202993.6
1469,1977,72,196320
1470,1978,67.4,92919.25
1471,1978,99,199176.25
1472,1977,67,135460.8
1473,1978,71.5,110713.5
1474,1977,67.2,96595.4
1475,1977,70.5,135533.05
1476,1977,63.5,74632.05
1477,1977,65.7,97231.5
1478,1977,62.5,103447.3
1479,1977,64,95305.6
1480,1977,67.7,119696.1
1481,1977,59.5,65530.6
1482,1977,67.5,117527
1483,1978,65.8,93538.55
1484,1977,65.5,90588.6
1485,1977,67.5,115349.55
1486,1977,66.2,127225.6
1487,1977,68,135007.25
1488,1978,84.5,188504.6
1489,1977,69.6,102795
1490,1978,60.3,43590.75
1491,1978,75,109368.3
1492,1978,68,85126.2
1493,1977,64.1,79665.3
1494,1977,66,78892.1
1495,1977,61.6,92649
1496,1977,82,219296.7
1497,1977,64.2,85313.55
1498,1977,61.3,86563.2
1499,1977,61.5,57976.8
1500,1977,74.7,220824.8
1501,1977,76.8,202986.5
1502,1977,66.4,111437.1
1503,1977,69,106270.8
1504,1977,73.2,197728.35
1505,1977,67.9,119300.8
1506,1977,70,116924.8
1507,1977,74.5,153147.8
1508,1977,63.4,80006
1509,1977,76.5,181835.1
1510,1977,65.2,83055
1511,1977,71,171580.95
1512,1978,77.7,161440
1513,1978,80.5,190185
1514,1977,73.5,142533
1515,1977,63,77875
1516,1977,65.7,164169
1517,1977,58.6,59927.4
1518,1977,66.5,111367.2
1519,1977,77,193897.9
1520,1977,68,114916.25
1521,1977,64.2,117733.5
1522,1977,70.4,153505.55
1523,1977,56.5,56300.4
1524,1977,66.5,123185.25
1525,1977,70.7,139737.15
1526,1977,81.5,281640
1527,1978,68.5,110565
1528,1977,62,94106.4
1529,1977,76.7,174638.5
1530,1977,66,98838.6
1531,1977,64.2,100868
1532,1977,62.8,101663.7
1533,1977,62.1,68430.4
1534,1977,64,109296
1535,1977,72.5,122624.1
1536,1977,70,118588
1537,1977,77,174768.3
1538,1977,83.2,174043.4
1539,1977,70.3,129679.2
1540,1978,92.8,280219.8
1541,1978,60.8,46172.4
1542,1978,63.6,76869.3
1543,1978,83.5,189041.2
1544,1978,70.2,104328
1545,1978,65,81803.9
1546,1978,71.4,130562.6
1547,1978,62.8,70129.8
1548,1978,77.5,188041.2
1549,1978,64.6,85994.5
1550,1978,83.5,173251.1
1551,1978,73.7,132678
1552,1978,65.5,76384.4
1553,1978,61.5,81143.9
1554,1978,76,163150
1555,1978,75.2,163761.5
1556,1978,69.5,122716.55
1557,1978,65.2,72875.25
1558,1978,62.1,70480.8
1559,1978,70.8,143550
1560,1978,65.2,98760.1
1561,1978,77,156000
1562,1978,72,128492
1563,1978,76.5,161955
1564,1978,65.3,65135
1565,1978,73.7,172512
1566,1978,63.8,53491
1567,1978,79,198787.55
1568,1978,66.8,88003.25
1569,1978,72.5,118604.5
1570,1978,73.5,157144.05
1571,1978,63.5,78942.9
1572,1978,63.2,64100
1573,1978,63,80754
1574,1978,76.1,145607.55
1575,1978,71,154688.7
1576,1978,60,60112.8
1577,1978,60.7,107007
1578,1978,92,244759.6
1579,1978,84.5,281030.75
1580,1978,65,111261.6
1581,1978,64.5,118576.55
1582,1978,76.2,164696.8
1583,1978,68.1,116650.55
1584,1979,74.5,124620.3
1585,1979,63.4,65739.15
1586,1978,72.8,111127.25
1587,1978,73.3,113783.85
1588,1978,76.6,176823
1589,1978,66,96066.4
1590,1978,70.7,113520.75
1591,1978,72.3,136936.8
1592,1978,60.7,56386.8
1593,1978,64.2,97012
1594,1978,80.2,179738.3
1595,1979,60.3,78941.8
1596,1978,65.7,102031.5
1597,1979,81.4,169665.3
1598,1979,60.2,63453.65
1599,1979,68,108270
1600,1979,80,199837.5
1601,1978,65.2,85947.25
1602,1978,66.3,92356.6
1603,1978,65.2,103704.6
1604,1978,69.5,105052.35
1605,1978,74.5,142655.7
1606,1978,70,110925.5
1607,1978,74,147613.7
1608,1978,67,75908
1609,1978,79.7,302904
1610,1978,72.5,167929
1611,1978,73,153561.6
1612,1978,64,81190
1613,1979,64.2,90649
1614,1978,76.5,152508.6
1615,1978,70.8,121821.6
1616,1978,66,89066.15
1617,1978,58.2,52472.4
1618,1978,59.5,67495.4
1619,1978,69.5,117252.8
1620,1978,66,119705.55
1621,1978,61.3,74185.5
1622,1978,72.6,227617.65
1623,1978,77,183217.5
1624,1978,61.6,70040.85
1625,1978,65.2,92304.8
1626,1978,71.7,135722.4
1627,1978,64.2,91351.65
1628,1978,77,165753.9
1629,1978,64,78513.25
1630,1978,63.2,65380.35
1631,1978,77.3,167805
1632,1978,89,377410.2
1633,1978,70.5,120324.75
1634,1978,76.2,170779.05
1635,1978,77.2,179943.1
1636,1978,77.3,150237.45
1637,1978,61,66034
1638,1978,64.3,69937
1639,1979,69.5,123180.8
1640,1979,74.6,149083.2
1641,1979,67.6,82010.2
1642,1979,70.8,147722.75
1643,1979,74,135683.9
1644,1979,70.8,129032.7
1645,1979,72,128806.5
1646,1979,67.4,95835.35
1647,1979,71.2,127838.8
1648,1979,69.3,108353.2
1649,1979,70.8,160643.7
1650,1979,75.1,143713.2
1651,1979,73.5,128623.5
1652,1979,70,76820.8
1653,1979,75.5,139965
1654,1979,66.3,90319.35
1655,1979,65.5,107604.8
1656,1979,70.1,105226.5
1657,1979,71,131580.85
1658,1979,65.3,104648.4
1659,1979,71,125108.1
1660,1979,93.3,299613.6
1661,1979,63.1,93849.75
1662,1979,70.1,112814.4
1663,1979,90.7,271035
1664,1979,75.6,149757.2
1665,1979,68,105085.5
1666,1979,63.9,99253.8
1667,1979,73.8,135850.75
1668,1979,71,154845
1669,1979,57,78834.6
1670,1979,59.3,74571.2
1671,1979,66.3,124488
1672,1979,65.3,93952
1673,1979,71,119404.65
1674,1979,80,141325.5
1675,1979,72.7,109910.7
1676,1979,74.2,142156.8
1677,1979,68.6,120945.5
1678,1979,62.5,77326.2
1679,1979,59.2,65703.55
1680,1979,69.5,158839
1681,1979,71.4,120781.9
1682,1979,80,198372
1683,1979,53,44853.2
1684,1979,70.3,146711.25
1685,1979,66.2,102194.55
1686,1979,57.8,56346.4
1687,1979,57.2,64871.7
1688,1979,68.2,127969
1689,1979,73.2,148699.8
1690,1979,67.5,118619.2
1691,1979,71.5,133289.7
1692,1979,64.6,116450.8
1693,1979,59.2,75078.9
1694,1980,66.6,70306.2
1695,1980,83,222381.6
1696,1980,77.8,215182
1697,1980,68.7,86688.65
1698,1980,68.6,124063.45
1699,1980,79,193002.65
1700,1979,71.4,166277.2
1701,1980,82.2,196880
1702,1980,83.2,198825
1703,1980,74,120680.4
1704,1980,57.5,59746.1
1705,1979,63.5,84268.8
1706,1979,89.5,218089.5
1707,1980,54.8,63173.4
1708,1979,72.5,184380
1709,1979,66.8,138160
1710,1979,56.7,50268.6
1711,1979,58.2,64582.5
1712,1979,65.5,94671
1713,1980,73.8,135492.5
1714,1979,67.7,92385.3
1715,1979,67.7,82285.95
1716,1979,66.3,103012
1717,1979,73.6,130796.8
1718,1979,89.2,183168.75
1719,1979,84.5,168736.5
1720,1979,93.3,305515.7
1721,1980,65.3,97512.6
1722,1980,77.1,144875.25
1723,1980,60.1,84930.3
1724,1980,63,76586.3
1725,1979,78.8,167925.15
1726,1979,74.5,113691.6
1727,1979,63.8,116203.8
1728,1979,67.2,138850.05
1729,1980,87.8,288157.8
1730,1980,66.5,87173.9
1731,1980,59.8,62261.7
1732,1980,79,195078
1733,1980,70.3,103138.2
1734,1980,82,240681
1735,1980,59.3,61935.3
1736,1980,59.8,59809.4
1737,1980,80.6,142387.2
1738,1981,63.3,79396.65
1739,1980,68.2,84578.9
1740,1981,74.3,121449.9
1741,1981,63.1,95418.6
1742,1981,65.2,120884.05
1743,1980,72.4,189953.1
1744,1981,77.7,127843.8
1745,1980,71.5,101159.05
1746,1981,61.2,54992.8
1747,1980,62.5,66552
1748,1981,90.2,305283
1749,1981,84.6,154347.9
1750,1980,58.3,59592.5
1751,1980,70.5,88740
1752,1980,71.5,120668.1
1753,1981,63.5,97521.55
1754,1981,87.5,260683.35
1755,1980,73.2,142440.2
1756,1981,67.8,87134.4
1757,1981,66.5,77012.05
1758,1980,67.8,102307.4
1759,1980,68.6,116314.8
1760,1980,63.6,70887.95
1761,1981,67.3,92351.2
1762,1980,71.9,149655.75
1763,1980,69.4,103581.5
1764,1981,60.3,74427.2
1765,1980,68.9,90472
1766,1980,64.7,82658.8
1767,1981,68.5,93725.1
1768,1980,67.3,90071.1
1769,1981,65.2,84327.95
1770,1981,78.6,142586.2
1771,1980,98.4,257172
1772,1981,78.2,235532.6
1773,1981,69.8,110929.5
1774,1980,65.9,64627.2
1775,1980,59.4,93202.2
1776,1981,57.8,60578.7
1777,1981,69.5,129722.4
1778,1981,62,88158.2
1779,1980,73.6,115308.75
1780,1981,59.2,72718.1
1781,1981,76,186932.3
1782,1981,72,133668.25
1783,1981,76.2,164431.6
1784,1981,63.8,67610.7
1785,1981,70,165495.1
1786,1981,86.3,185120.7
1787,1981,71.6,159390
1788,1981,68.8,62940
1789,1981,63.5,78878.8
1790,1981,62,140021.7
1791,1981,65,78696.4
1792,1981,56.2,57091
1793,1981,62,84649.8
1794,1981,66.4,95428.4
1795,1981,74,128619.4
1796,1981,66.5,103164.4
1797,1981,62.5,72070.1
1798,1981,71.2,73911.6
1799,1981,65.6,73015
1800,1981,95,237643
1801,1982,68.3,116835.8
1802,1982,63,79728.6
1803,1981,67.3,117869
1804,1981,72.2,156054
1805,1982,65,143514.9
1806,1982,75.6,133920
1807,1982,70.5,142131
1808,1982,69.6,114289.8
1809,1982,60.1,81378
1810,1982,69.7,114427.8
1811,1982,55.5,59850
1812,1982,81.3,138924
1813,1982,69.4,110955.6
1814,1982,64.5,114285
1815,1982,68.2,144333
1816,1982,68.6,108020
1817,1982,74,89460
1818,1982,64,152130
1819,1982,62.3,84378
1820,1982,70.1,139941
1821,1982,61.3,73112
1822,1982,60.5,81685
1823,1982,54.2,54000
1824,1982,62.4,95592
1825,1982,67,129600
1826,1982,86.5,254985
1827,1982,68.3,118524
1828,1982,86,261360
1829,1982,67.9,127589.2
1830,1982,89.8,276210
1831,1982,65.3,97200
1832,1982,64.7,114380
1833,1982,65.2,97831
1834,1982,63.2,96579
1835,1982,59.4,92708
1836,1982,69.4,116620
1837,1982,68,146093.5
1838,1982,69.4,81337.6
1839,1982,61.8,101675
1840,1982,71.2,145611.55
1841,1982,74,125356
1842,1982,69,141046
1843,1982,62.6,101065
1844,1983,67.8,93381.75
1845,1983,54.5,44559.2
1846,1983,61.2,94023
1847,1983,65,131521.9
1848,1983,70.1,143570.4
1849,1983,57.5,67840.5
1850,1983,58.2,74630.7
1851,1983,66.5,109967.4
1852,1983,55.4,68742.5
1853,1983,66.4,96412.05
1854,1983,67.7,122351.1
1855,1983,62.6,106014.2
1856,1983,78.5,147542.45
1857,1983,61.2,109414.1
1858,1983,75.6,146707.2
1859,1983,60.8,65427.25
1860,1983,67,85601.25
1861,1983,69.5,123128.2
1862,1983,62,107361.4
1863,1983,70.5,109225.6
1864,1983,79.8,171895.5
1865,1983,60.4,90829.2
1866,1983,85.2,256335.75
1867,1983,64.7,85399.2
1868,1983,61.5,100286.8
1869,1983,72.1,135804.8
1870,1983,76.1,147238
1871,1983,76.9,199162.8
1872,1983,89.2,328799
1873,1983,73.5,194868.5
1874,1983,63.6,95750.6
1875,1983,67.2,109147.6
1876,1983,76.1,162391.6
1877,1983,73.1,125976
1878,1983,61.5,72475.8
1879,1983,72.5,115599.75
1880,1983,71.2,118300
1881,1983,59.3,82763.75
1882,1983,71.2,126215.1
1883,1983,66.5,98942.95
1884,1983,78.4,144089.4
1885,1983,78.4,115314.55
1886,1983,58.8,62051.8
1887,1983,70.2,97545.45
1888,1983,65.5,106918.65
1889,1983,72,159616
1890,1983,59.5,77689.6
1891,1983,70.3,126455
1892,1983,64.6,88007.5
1893,1983,87.8,272308.7
1894,1983,70.2,99375.1
1895,1983,52.9,59458.5
1896,1983,77.5,141407.1
1897,1984,72.5,280450.5
1898,1984,71.8,153791
1899,1984,58.2,82633.65
1900,1984,62.9,84938.9
1901,1984,63,73437.4
1902,1984,62.5,79128.35
1903,1984,77.2,143359.2
1904,1984,66.2,85961.4
1905,1984,72.2,117975
1906,1984,70.5,109998
1907,1984,66.1,102319
1908,1984,63.8,112768.9
1909,1984,59.2,71427.2
1910,1984,62,89788.05
1911,1984,82.5,145130.7
1912,1984,62.4,69970.2
1913,1984,64.3,103444.65
1914,1984,80.6,232828.05
1915,1984,62.4,86223.45
1916,1984,66.2,89200.4
1917,1984,58.3,60861.2
1918,1984,66.2,124209
1919,1984,67.5,105098.85
1920,1984,65.8,96275.5
1921,1984,67.5,139193
1922,1984,58.6,68945.8
1923,1984,67.4,108784.8
1924,1984,69.1,125917.2
1925,1984,64.5,79254.7
1926,1984,67.4,90495.65
1927,1984,64.5,94410
1928,1984,74.4,155495
1929,1984,81.5,169439.2
1930,1984,65.5,104143.35
1931,1984,76.3,180825.75
1932,1984,67.3,84333.6
1933,1984,66.3,118488.15
1934,1984,77.5,135369
1935,1984,77.8,159669.75
1936,1984,65.8,86738.8
1937,1984,68.5,121404.15
1938,1984,63.8,116936
1939,1984,66.3,120025.5
1940,1984,70.4,104866.8
1941,1984,70.8,121582.35
1942,1984,72.5,164131.05
1943,1984,62.6,83023.95
1944,1984,77.2,152702
1945,1984,64.5,105201.6
1946,1984,77.5,145134.6
1947,1984,72.8,144754.35
1948,1984,72.7,255853.15
1949,1984,63.1,88365.9
1950,1984,61.7,87241.8
1951,1984,60.5,71061.2
1952,1984,70.4,116765.1
1953,1984,67.8,110744
1954,1984,58.5,80839.85
1955,1984,75.3,216824.4
1956,1984,76.2,185828.5
1957,1984,61.5,70647.95
1958,1984,63.7,88497.25
1959,1984,63.5,81844.8
1960,1984,89.4,323219
1961,1984,61.5,63074
1962,1984,73.2,146818.7
1963,1984,70.2,106118
1964,1984,63,92152.5
1965,1984,69.7,114262.6
1966,1984,67.2,106048.8
1967,1984,66.2,102181.05
1968,1984,59.6,82857.6
1969,1984,69.9,105315.6
1970,1984,69.1,124510.75
1971,1985,71.4,123321.6
1972,1985,62.5,71275.1
1973,1985,65.5,82364.05
1974,1985,62.3,88805.15
1975,1985,62.5,69809.6
1976,1985,60.5,57662.15
1977,1985,70.8,110481
1978,1985,64.5,83066.4
1979,1985,63.2,78993.85
1980,1985,62.1,80423.2
1981,1985,71.2,137669.55
1982,1985,80.6,252090.3
1983,1985,62.5,86591.1
1984,1985,67.2,92310
1985,1985,66.2,90906.9
1986,1985,78.4,134649.9
1987,1985,78,199342.2
1988,1985,72.2,146584.75
1989,1985,68.3,111785.4
1990,1985,63.5,67978.95
1991,1985,61.3,91656.45
1992,1985,56.5,43892.75
1993,1985,72.3,142452.9
1994,1985,59.7,58504.25
1995,1985,62.6,84931.25
1996,1985,102,437436
1997,1985,59.7,66716.3
1998,1985,61.2,76196.7
1999,1985,86,268755
2000,1985,57.6,41238.8
2001,1985,63,69200.95
2002,1985,65.7,88063.2
2003,1985,68.6,80620.8
2004,1985,75.1,169536
2005,1985,62.7,82806.75
2006,1985,86.5,319360
2007,1985,60,71307
2008,1985,65.5,93123.3
2009,1985,68.3,91130.7
2010,1985,61.5,81605.6
2011,1985,74,133036.8
2012,1985,60,62317.85
2013,1985,76,162641.2
2014,1985,81.3,209300
2015,1985,64,82388.8
2016,1985,85.2,234824.8
2017,1985,74.6,124713.4
2018,1985,61.3,76068.45
2019,1985,70.2,99686.7
2020,1985,64.3,103792.8
2021,1985,61.1,58249.8
2022,1985,61.3,69854.15
2023,1985,59.8,72368.25
2024,1985,67.6,100841.3
2025,1985,60.4,69802.2
2026,1985,74.5,145200
2027,1985,64.8,84576.5
2028,1985,65.6,102111.15
2029,1985,62.3,70721.4
2030,1985,84.6,268047
2031,1985,57.9,53542.4
2032,1985,60.5,55094.55
2033,1985,66,80295.3
2034,1985,78.2,169944.6
2035,1985,66.8,88316.95
2036,1985,64.2,66682.85
2037,1985,62.3,91050
2038,1985,75.3,189761.7
2039,1985,61.4,48384
2040,1985,58.5,63952
2041,1985,70.6,109982.5
2042,1985,70,99766.1
2043,1985,71.8,125103.6
2044,1985,73.5,157118.6
2045,1985,59.4,51963.75
2046,1985,60.1,66309.3
2047,1985,65.3,55570.45
2048,1985,76,170771.25
2049,1985,67.3,80653.1
2050,1985,78,172946.8
2051,1985,64.8,67230.45
2052,1985,63,69907.4
2053,1985,77.5,128956.8
2054,1985,61.5,54883.4
2055,1985,62.3,58683.5
2056,1985,79.8,165673.4
2057,1985,60.5,65830.05
2058,1985,62.2,72493.55
2059,1985,86.3,234000
2060,1985,72.2,132760.6
2061,1985,63,71845.8
2062,1985,66.2,116101.7
2063,1985,67.3,80824.8
2064,1985,77.2,218819.05
2065,1985,59.4,59229.05
2066,1985,59.2,53515
2067,1985,68,73827.15
2068,1985,63.7,63132.3
2069,1985,62.9,85427.85
2070,1985,67.5,126385
2071,1985,70.6,82369.2
2072,1985,66.5,88829.5
2073,1985,60.1,56944.8
2074,1985,72.3,132006
2075,1985,70.2,115023.35
2076,1985,70,119694.25
2077,1985,56.7,34735.5
2078,1985,79.9,137916
2079,1985,61.5,61895.7
2080,1985,66.4,100122
2081,1985,71.2,120220.65
2082,1985,75.7,143513.7
2083,1985,62.6,56434
2084,1985,66.2,88147.5
2085,1985,69.5,90704.4
2086,1985,69.3,119799.5
2087,1985,68.2,122571.15
2088,1985,60.8,55845
2089,1985,64.5,75859.7
2090,1985,71.7,137592.3
2091,1985,75.1,107125.2
2092,1985,62.5,61719.35
2093,1985,57.5,49449.9
2094,1985,65.5,64516.65
2095,1985,78.4,174155.85
2096,1985,63.1,70471.8
2097,1985,67.9,69722.4
2098,1985,66,195544.8
2099,1985,74.5,111354.75
2100,1985,64.7,72254.5
2101,1985,62.2,72973.8
2102,1985,65.2,77618.8
2103,1985,63,62068.8
2104,1985,62.5,66780.8
2105,1985,68,73900.75
2106,1985,66.5,85397.4
2107,1985,72.3,128438
2108,1985,68,127261.75
2109,1985,63.4,80728.75
2110,1985,73.8,167005.3
2111,1985,62.4,83766.6
2112,1985,66.5,116822.25
2113,1985,70.3,108339.2
2114,1985,56.6,62272.8
2115,1985,53.5,30446.85
2116,1985,63.2,75762.5
2117,1985,66.5,90238.2
2118,1985,64,74523.75
2119,1985,66.6,113023.35
2120,1986,60.5,64188.6
2121,1986,80.5,116443.2
2122,1986,80.3,202012.2
2123,1986,63.8,80093.55
2124,1986,75.6,125166.6
2125,1986,77,167280
2126,1986,82.5,207692.8
2127,1986,69.6,114886.85
2128,1986,83.1,265689
2129,1986,82.2,280060
2130,1986,77.5,141190.15
2131,1986,68.8,91698.95
2132,1986,84,241764.25
2133,1986,69,115449
2134,1986,78.5,178381.5
2135,1986,85,213608.6
2136,1986,76.4,117126
2137,1986,72.4,126342.6
2138,1986,72,165523.2
2139,1986,70,123110.75
2140,1986,69.4,121632.25
2141,1986,63,106662.4
2142,1986,80.3,130696
2143,1986,66.5,103547.5
2144,1986,71.8,138880
2145,1986,66.2,133282.8
2146,1986,60.5,68701.5
2147,1986,71,148922.25
2148,1986,59.3,47562.9
2149,1986,70,159962.35
2150,1986,83.5,213181.1
2151,1986,78,276049.4
2152,1986,69.2,102092.9
2153,1986,75.2,132077.55
2154,1986,67,106128
2155,1986,67.7,116701
2156,1986,74,167252.5
2157,1986,68,114458
2158,1986,72,171820.8
2159,1986,68,100824
2160,1986,63,99828
2161,1986,65.8,89512.8
2162,1986,71.7,116335
2163,1986,75.9,140464.8
2164,1986,75,130980
2165,1986,59.4,46609.4
2166,1986,70.1,131373.4
2167,1986,69.2,101325.6
2168,1986,64.5,81375
2169,1986,60.5,56855.8
2170,1986,88,273200
2171,1986,84.5,303215
2172,1986,74.5,171856
2173,1986,69.4,86562
2174,1986,68.1,113435
2175,1986,72,114707
2176,1986,69,104964.25
2177,1986,59.5,56865.9
2178,1986,77.6,133245
2179,1986,65.3,120900.2
2180,1986,60.4,53664.8
2181,1986,75,140700.7
2182,1986,74.6,141749.4
2183,1986,75.2,165625.65
2184,1986,78.5,129259.45
2185,1986,72.1,161705.7
2186,1986,85.2,269449.15
2187,1986,80.5,231060.6
2188,1986,73.3,126656.25
2189,1986,67.5,116786.5
2190,1986,65.7,103679.6
2191,1986,76.7,183249.3
2192,1986,62.6,75952.8
2193,1986,78.8,186405
2194,1986,74,163275.6
2195,1986,70.7,147093.45
2196,1986,78.2,146924.05
2197,1986,73.7,179597
2198,1986,65.5,71001.45
2199,1986,76,144355.8
2200,1986,78.3,188928
2201,1986,72.8,138496.6
2202,1986,62.5,62851.65
2203,1986,79.8,218163
2204,1986,64,78022.4
2205,1986,70.5,97899.25
2206,1986,70.1,111628.8
2207,1986,77.5,155793.6
2208,1986,77.7,190911.7
2209,1986,78.2,209418.95
2210,1986,71,103008
2211,1986,63,73561.2
2212,1986,65.8,79397.05
2213,1986,62,82192.05
2214,1986,66,95281.65
2215,1986,79.4,133693.95
2216,1986,78.8,146419.2
2217,1986,74,154043.75
2218,1986,63,101009.5
2219,1986,59.3,79800
2220,1986,62.7,76459.5
2221,1986,79.5,169850.4
2222,1986,82,113048.9
2223,1986,64,67063.3
2224,1986,65.5,97819.65
2225,1986,59.2,55095.25
2226,1986,83.3,165682.8
2227,1986,63.5,73404.9
2228,1986,79.5,179369.1
2229,1986,72,122988.45
2230,1986,82.8,184454.3
2231,1986,75.2,151668.6
2232,1986,75.7,108185.05
2233,1986,67,97539.75
2234,1986,70.2,124918.8
2235,1986,74,153014.55
2236,1987,73.5,132192
2237,1987,56.2,39549.3
2238,1987,74.3,194636
2239,1987,71.8,124251
2240,1987,67,101660
2241,1987,60.5,64757.6
2242,1987,65.7,62865.05
2243,1986,69,100669.9
2244,1986,70.5,121362.15
2245,1986,60.7,59904.6
2246,1986,59,71747.65
2247,1986,96.5,358483.75
2248,1986,67,120756.9
2249,1986,60.8,105957.4
2250,1986,70.5,106928
2251,1986,68.3,121462.25
2252,1986,86.2,220180
2253,1986,84.5,276780
2254,1986,68.2,121160
2255,1986,81.7,206756
2256,1986,76.7,140910
2257,1986,62.8,55896
2258,1986,64,71075.4
2259,1986,68.4,114379.2
2260,1986,63.5,66171.3
2261,1986,71.3,136088.75
2262,1986,77.7,165540
2263,1986,62.6,81177.4
2264,1986,76.6,145095.2
2265,1986,71.8,131024.7
2266,1986,68.2,115550.4
2267,1986,81.6,155946.9
2268,1986,75.3,155945.15
2269,1986,80.6,209005.5
2270,1986,74.5,134435
2271,1986,72,140983.2
2272,1986,69.6,160272
2273,1986,75,149380.3
2274,1986,74.3,140012.5
2275,1986,61,56499.6
2276,1986,76.8,164613.9
2277,1986,67.5,123239.6
2278,1986,63.7,69386.3
2279,1986,71.2,145285.4
2280,1986,65.7,105755.5
2281,1986,61,72921.6
2282,1986,61.2,100647.05
2283,1986,73,106660.2
2284,1986,80,267360
2285,1986,68.7,100328.6
2286,1986,63,78095.2
2287,1986,81.5,214347.15
2288,1986,67.5,86070.9
2289,1986,58,54388.5
2290,1986,58.9,66111.5
2291,1986,71.5,87894.4
2292,1986,83,201234.05
2293,1986,82,128363.2
2294,1986,71.2,107352
2295,1986,79.2,220296.05
2296,1986,73,158992.5
2297,1986,79.2,148443.75
2298,1986,67.5,104664.3
2299,1986,67.3,101474.1
2300,1987,63,82946.25
2301,1986,64.2,88740.9
2302,1986,69.8,177951
2303,1987,69,95403
2304,1987,83.6,259632
2305,1987,88.5,149926.6
2306,1987,89.2,202192.1
2307,1987,75,115889
2308,1987,68.3,93468.5
2309,1987,77,127004.5
2310,1987,78.1,155255.8
2311,1987,75,102475.45
2312,1987,81.8,234028
2313,1987,73.5,118841.4
2314,1987,72,87106.05
2315,1987,80.3,147764.5
2316,1987,79.9,163223.25
2317,1987,70.6,121873.7
2318,1987,76,194572.8
2319,1987,92.7,199057.4
2320,1987,84.6,148650.7
2321,1987,74.1,132749.6
2322,1987,73,118646.25
2323,1987,76.7,127635.75
2324,1987,83.6,359857
2325,1987,91.5,177928.6
2326,1987,68.9,77488.65
2327,1987,83.3,148410
2328,1987,78.8,124117.5
2329,1987,67.3,84834.45
2330,1987,65.2,81267.3
2331,1987,71,73002.8
2332,1987,55,101112.3
2333,1987,75.3,110227.3
2334,1987,70.8,89489.9
2335,1987,70.3,96767.55
2336,1987,79.6,140190.3
2337,1987,74.5,143753.5
2338,1987,81.5,161439.3
2339,1987,69,96292.2
2340,1987,85.2,172806.9
2341,1987,87.3,200240.1
2342,1987,68,92312.5
2343,1987,66.5,89999.6
2344,1987,70.2,81838
2345,1987,69,86077.25
2346,1987,69.5,116518
2347,1987,69.5,82607.25
2348,1987,77.6,184484.85
2349,1987,85,270613.2
2350,1987,84.5,249470
2351,1987,82.5,150819.1
2352,1987,65.5,80448.35
2353,1987,68,87053.6
2354,1987,70,87935.9
2355,1987,71.5,131513.55
2356,1987,75,126365.2
2357,1987,78.6,90984.1
2358,1987,83.2,242630
2359,1987,71.2,98096.25
2360,1987,74.2,127343.6
2361,1987,73.2,134988.95
2362,1987,88.5,339405.45
2363,1987,71.5,117888.6
2364,1987,67.5,81255.85
2365,1987,74.5,100579.95
2366,1987,69.7,97594.2
2367,1987,77.6,152129
2368,1987,83.5,183118.4
2369,1987,88.6,284544
2370,1987,78.6,208610.2
2371,1987,75.3,169470.3
2372,1987,81.8,211083.8
2373,1987,76.6,121420.8
2374,1987,74.2,138100.65
2375,1987,83.2,163003.8
2376,1987,94.5,309201.8
2377,1987,71.8,96128.9
2378,1987,87.5,269840.7
2379,1987,85,261014.25
2380,1987,79.8,211228.95
2381,1987,79,193994.1
2382,1987,66.3,100116
2383,1987,65,87257.1
2384,1987,85.6,177752.4
2385,1987,71.3,132764.9
2386,1987,69.3,89196.75
2387,1987,76.4,113640.8
2388,1987,83,102231.3
2389,1987,78,146007.75
2390,1987,75,106874.3
2391,1987,75.5,90927.8
2392,1987,85.5,276705.45
2393,1987,88,207430.95
2394,1987,79,162309.4
2395,1987,79.8,177572.65
2396,1987,70.1,111746.25
2397,1987,81.5,218512.6
2398,1987,80,144623.5
2399,1987,72.6,112747.2
2400,1987,77.1,133091.4
2401,1987,77.4,159837.6
2402,1987,72,122931.9
2403,1987,71.5,119438
2404,1987,79.9,139582
2405,1987,81.7,161898.15
2406,1987,88.5,181788.3
2407,1987,79.5,122430
2408,1987,67,81033.15
2409,1987,81.3,129513.6
2410,1987,75.5,117334.95
2411,1987,79.1,139528.55
2412,1987,87,158578.65
2413,1987,68.3,93360.5
2414,1987,82.2,191532.25
2415,1987,87.4,124195.2
2416,1987,84.5,187883.6
2417,1987,85,241579.85
2418,1987,94.5,184498.65
2419,1987,77.7,122680.8
2420,1987,68.5,110640.25
2421,1987,72,113627.4
2422,1987,68.6,110289.6
2423,1987,75.3,138437.2
2424,1988,78.6,144372
2425,1988,70.3,113752
2426,1988,83.5,151571
2427,1988,82.7,164672
2428,1988,90.7,291006
2429,1988,87.5,165612
2430,1988,86.7,194069.5
2431,1988,80,112422
2432,1988,80.5,140436
2433,1988,68.8,99220
2434,1988,81.5,210627
2435,1988,85.4,169500
2436,1988,73.6,123900
2437,1988,63.5,81588
2438,1988,89,130419
2439,1988,85,282282
2440,1988,88.7,267320
2441,1988,89.5,239940
2442,1988,83,245979
2443,1988,83.5,170362.5
2444,1988,82.3,142450
2445,1988,71.3,123078
2446,1988,80.3,182962
2447,1988,91.3,278375
2448,1988,79,184032
2449,1988,69.2,125646
2450,1988,98.1,216216
2451,1988,83.3,222444.5
2452,1988,73,134186
2453,1988,83.6,249900
2454,1988,77.5,149436
2455,1988,91.3,321030
2456,1988,84.5,168872
2457,1988,76,148410
2458,1988,79,174782
2459,1988,78.3,96195
2460,1988,82.4,155232
2461,1988,89.3,180554
2462,1988,92,181867.5
2463,1988,80.5,178448
2464,1988,69.5,110916
2465,1988,71.4,108844.5
2466,1988,88.3,275948
2467,1988,76.6,135175.5
2468,1988,69,108900
2469,1988,77.3,170187
2470,1988,67.6,127200
2471,1988,79.3,187600
2472,1988,73,127003.5
2473,1988,82.2,124362
2474,1988,75,144738
2475,1988,76,153028
2476,1988,74.8,168720
2477,1988,94.2,211068
2478,1988,79.2,137268
2479,1988,71,136207.5
2480,1988,82.2,189150
2481,1988,82.9,152832.5
2482,1988,87.7,263388
2483,1988,76,137826
2484,1988,87,196824
2485,1988,86.4,137108.5
2486,1988,80,171008
2487,1988,87,227115
2488,1988,86.4,139797
2489,1988,67.8,96925.5
2490,1988,71.6,109563.5
2491,1988,60,42573
2492,1988,72,97403
2493,1988,76.4,94116
2494,1988,83.2,176579
2495,1988,79.8,148004
2496,1988,77.7,153260
2497,1988,78.8,153846
2498,1989,88.7,318600
2499,1989,77.3,158410
2500,1989,66.2,84819
2501,1989,72,137655
2502,1989,70,109068
2503,1989,81,288144
2504,1989,89.5,262440
2505,1989,66.8,90306
2506,1989,64.3,86526
2507,1989,71.9,146043
2508,1989,63.5,77526
2509,1989,84,182678
2510,1989,62.9,76976
2511,1989,75.7,188103.5
2512,1989,81.7,193336
2513,1989,83.9,242284
2514,1989,71.3,106650
2515,1989,68,109375
2516,1989,83,255852
2517,1989,70,78404.5
2518,1989,64.3,132678
2519,1989,66,94528
2520,1989,93,226735
2521,1989,67.7,101974.5
2522,1989,69.3,131977
2523,1989,87.5,213987.5
2524,1989,73.5,149887.5
2525,1989,61,87802
2526,1989,75.8,164220
2527,1989,69,116130
2528,1989,74.2,121360
2529,1989,86.4,273951
2530,1989,73.6,144928
2531,1989,72.5,148419
2532,1989,70.6,159686.5
2533,1989,67.7,113497.5
2534,1989,67.7,107212
2535,1989,74.5,122952
2536,1989,67.6,111112
2537,1989,61.8,115048
2538,1989,84,291165
2539,1989,77.4,157657.5
2540,1989,80.3,194810
2541,1989,86.3,282564
2542,1989,71.1,112365
2543,1989,72,114345
2544,1989,69,111942
2545,1989,63.3,82665
2546,1989,64.6,84048
2547,1989,69.4,114985.5
2548,1989,80.8,200928
2549,1989,67,98091
2550,1989,70.1,150835
2551,1989,63.8,102700
2552,1989,83.2,202527
2553,1989,89.6,204585
2554,1989,75,120530
2555,1989,61.8,93150
2556,1989,97.5,339642.5
2557,1989,81,212140.5
2558,1989,65.1,101250
2559,1990,99.5,438724
2560,1990,66.3,111870
2561,1990,78.3,155722
2562,1990,62,71484
2563,1990,69.3,103392
2564,1990,89.6,265974
2565,1990,67,88914
2566,1990,63.5,77902.5
2567,1990,69,114632
2568,1990,85.5,235077
2569,1990,69.4,110760
2570,1990,67.5,115968
2571,1990,65.6,78648
2572,1990,80.6,176943
2573,1990,66,92237.5
2574,1990,76.4,152600
2575,1990,75.5,156600
2576,1990,79.5,165648
2577,1990,72.5,114056
2578,1990,67,94631
2579,1990,96,153729
2580,1990,75,151800
2581,1990,78.8,174317
2582,1990,62.5,90652.5
2583,1990,85,213448.5
2584,1990,70.6,98908
2585,1990,66.3,92960
2586,1990,69.7,45288
2587,1990,75.6,170515.5
2588,1990,66.6,104769.5
2589,1990,77,141510
2590,1990,78.2,140598
2591,1990,74,125162.5
2592,1990,71,95682
2593,1990,84.7,194020
2594,1990,64.6,67116
2595,1990,93,391326
2596,1990,68.5,114210
2597,1990,80,129889
2598,1990,79.6,172572
2599,1990,78.1,182605.5
2600,1990,66.2,111481
2601,1990,74.2,154669.5
2602,1990,67,104580
2603,1990,75,141778
2604,1990,66.2,97856
2605,1990,75.4,142520
2606,1990,79.2,182845
2607,1990,76,124428.5
2608,1990,73.5,138225
2609,1990,81.2,179705
2610,1990,83,145824
2611,1990,66.6,86180
2612,1990,77.3,184392
2613,1990,67,90240
2614,1990,80,151351
2615,1990,84.9,248976
2616,1990,82.3,186867
2617,1990,64.8,78588
2618,1990,65.5,91140
2619,1990,64.2,86374.5
2620,1990,70,131340
2621,1990,71.2,145882
2622,1990,67,88200
2623,1990,64.2,64053
2624,1990,93.5,238260
2625,1990,91.3,289391
2626,1990,100.5,419114
2627,1990,67.5,75344
2628,1990,62.8,70180
2629,1990,70,113421
2630,1990,76.5,155664
2631,1990,75.5,158510
2632,1990,68.1,115675
2633,1990,80,170932
2634,1990,72.3,139180.5
2635,1990,66.2,83504
2636,1990,61.4,70600
2637,1990,66.5,91874
2638,1990,64.3,85042.5
2639,1990,74.3,146960
2640,1990,68,95469
2641,1990,75.7,158775
2642,1990,69.8,93090
2643,1990,69.5,92112
2644,1990,84.5,189185
2645,1990,65,70132
2646,1990,74.4,148005
2647,1990,68.4,98611.5
2648,1991,85.8,245470.5
2649,1991,77.3,172731
2650,1991,92.5,273819
2651,1991,82,177694
2652,1991,94.3,284206
2653,1991,80,187580
2654,1991,76.7,159950
2655,1991,78.1,142910
2656,1991,83.4,173494
2657,1991,82.5,235966
2658,1991,66.3,69828
2659,1991,84.4,168519
2660,1991,99.5,210752
2661,1991,78.1,163296
2662,1991,101.5,184512
2663,1991,86,201670
2664,1991,79,145418
2665,1991,79.2,181975.5
2666,1991,64.5,82012
2667,1991,81.3,178605
2668,1991,76.4,154240
2669,1991,88,226098
2670,1991,77,190518
2671,1991,81.4,175056
2672,1991,67.6,86583
2673,1991,90.3,350674
2674,1991,64.5,88788
2675,1991,74.8,162342
2676,1991,64.6,87759
2677,1991,82.2,205834.5
2678,1991,67.8,96460
2679,1991,62.5,79692
2680,1991,95.5,425100
2681,1991,94,356490
2682,1991,71.5,141231
2683,1991,63,83970
2684,1991,64.3,84740
2685,1991,81.5,193550
2686,1991,73.6,119952
2687,1991,86.5,199168
2688,1991,85.3,216181
2689,1991,71,143349
2690,1991,67,106720
2691,1991,89,276390
2692,1991,76.5,176624
2693,1991,61.4,61560
2694,1991,66.8,130980
2695,1991,75,167889
2696,1991,73,182991
2697,1991,78.5,170502
2698,1991,79.8,170610
2699,1991,93,302736
2700,1991,80,197965
2701,1991,84.2,184092
2702,1991,86.7,211122
2703,1991,74,148980
2704,1991,88,240592.5
2705,1991,81.5,158063
2706,1991,70.5,124032
2707,1991,93,204282
2708,1991,76,170940
2709,1991,74.2,140000
2710,1991,65.7,90280
2711,1991,76.2,188077.5
2712,1991,72.6,148680
2713,1991,75.2,143383
2714,1991,59.3,71187.5
2715,1991,72,163510
2716,1991,67.7,83952
2717,1991,70.6,116667
2718,1991,80.2,196222.5
2719,1991,80.5,228160
2720,1991,77.1,164220
2721,1991,92.5,354105
2722,1991,64.2,89936
2723,1991,75.2,203342
2724,1991,75.9,171100
2725,1991,74.2,139105
2726,1992,92.5,308616
2727,1992,84.6,250614
2728,1992,62.9,71383
2729,1992,96.2,138618
2730,1992,80.4,241267
2731,1992,83.4,169377
2732,1992,99,411768
2733,1992,65.5,70878.5
2734,1992,71.5,129360
2735,1992,72.8,187440
2736,1992,72.5,129840
2737,1992,87.2,297352
2738,1992,66.5,75775
2739,1992,82.5,219744
2740,1992,89.5,284795
2741,1992,75.8,192560
2742,1992,77.5,265872
2743,1992,83.4,196810.5
2744,1992,73,144243
2745,1992,87.5,295785
2746,1992,63.3,79695
2747,1992,77,192072
2748,1992,70,112480
2749,1992,60.5,53214
2750,1992,65.3,94357
2751,1992,79.3,171696
2752,1992,90.5,252247.5
2753,1992,82.6,194862.5
2754,1992,76,181272
2755,1992,83.5,201659
2756,1992,72,127488
2757,1992,87.8,291132.5
2758,1992,80.4,158750
2759,1992,68,129960
2760,1992,78,160560
2761,1992,87,194600
2762,1992,69.5,137085
2763,1992,72.8,141466.5
2764,1992,77,120109
2765,1992,67.5,129620.5
2766,1992,73.2,127032
2767,1992,93.5,284355
2768,1992,72,131539
2769,1992,72.6,136535
2770,1992,68,97585
2771,1992,70.3,146112
2772,1992,80,231736
2773,1992,68.8,140760
2774,1992,76,166500
2775,1992,90.4,313470
2776,1992,87.5,266446
2777,1992,73.5,172207
2778,1992,80.2,180596
2779,1992,71,140883
2780,1992,72.5,126819
2781,1992,74.3,195584
2782,1992,82.8,272350
2783,1992,83.4,210210
2784,1992,76.4,209927.5
2785,1992,69.3,113030
2786,1992,76.5,181021.5
2787,1992,75.5,179550
2788,1992,73.5,196726
2789,1992,88.5,349457.5
2790,1992,94,294708
2791,1992,63.2,71550
2792,1993,81,178112
2793,1993,82.5,209367.5
2794,1993,64.5,80784
2795,1993,80,172578
2796,1992,76.5,171520
2797,1993,68.6,97112.5
2798,1992,71.5,135606
2799,1992,86,283347.5
2800,1993,74,181929
2801,1993,91,330907.5
2802,1993,71.2,147212
2803,1993,89.1,363027
2804,1993,94,287700
2805,1993,67.6,95040
2806,1993,100.4,391017
2807,1993,73.6,121716
2808,1993,77.1,196560
2809,1993,66.3,92157
2810,1993,100,380928
2811,1993,82.8,187340
2812,1993,93.8,178850
2813,1993,95.2,323568
2814,1993,91,271038
2815,1993,100,297430
2816,1993,89.5,243288
2817,1993,78.8,151434
2818,1993,75.5,118590
2819,1993,79.8,211975
2820,1993,75.5,139166
2821,1993,78.9,127253
2822,1993,81.3,199550
2823,1993,87,247050
2824,1993,79.5,139308
2825,1993,97.2,319878
2826,1993,81.3,216048
2827,1993,71.5,97194
2828,1993,64.5,78144
2829,1993,85,226341
2830,1993,92,306397
2831,1993,85,285498
2832,1993,78,177390
2833,1993,89,283647
2834,1993,82,228092
2835,1993,85.3,209880
2836,1993,90.5,193050
2837,1993,75.5,119941
2838,1993,69.5,80840
2839,1993,99.5,404940
2840,1993,80.5,180063
2841,1993,76.3,162525
2842,1993,67,65758
2843,1993,90.5,203033
2844,1993,85,168725
2845,1993,69.5,181196
2846,1993,70,93798
2847,1993,68,94527
2848,1993,69.2,108120
2849,1993,75.5,127920
2850,1993,79.5,181559
2851,1993,83.3,214020
2852,1993,79,161240
2853,1993,89.5,303888
2854,1993,88.5,85278
2855,1993,95,290745
2856,1993,78,160776
2857,1993,83.2,200332
2858,1993,75.3,133056
2859,1993,83.2,194866
2860,1993,78,165158
2861,1993,95.3,325885.5
2862,1993,82.4,270882
2863,1993,79,171612
2864,1993,74,125820
2865,1993,69.8,104016
2866,1993,85,258030
2867,1993,61.5,77317.5
2868,1993,78.5,170526
2869,1993,95.5,118020
2870,1994,92,249139
2871,1994,79.5,125846
2872,1994,95,260736
2873,1994,79.9,142984
2874,1994,73.6,113090
2875,1994,92.5,280449
2876,1994,67,77744
2877,1994,91.5,291708
2878,1994,82.8,195762
2879,1994,90.2,265668
2880,1994,88.3,221392
2881,1994,93.5,201501
2882,1994,83.5,174343.5
2883,1994,84.5,264000
2884,1994,68.4,109620
2885,1994,75.7,104208
2886,1994,76.5,156484
2887,1994,97,262086
2888,1994,79.4,154812
2889,1994,86,270971.5
2890,1994,89.5,152056
2891,1994,74.5,103114
2892,1994,92.2,305490
2893,1994,67.8,101398
2894,1994,64.8,80135
2895,1994,82.2,182970
2896,1994,85,253240
2897,1994,80.2,196295
2898,1994,89.7,242060
2899,1994,81.5,179336
2900,1994,81.1,185545
2901,1994,61.5,51205
2902,1994,65.3,89262
2903,1994,100,307690
2904,1994,89,269928
2905,1994,63.7,85176
2906,1994,77.2,146832
2907,1994,78.3,154802
2908,1994,79.9,158656
2909,1994,79.3,165396
2910,1994,70.1,109018
2911,1994,86.4,217248
2912,1994,83,182320
2913,1994,73.5,89792
2914,1994,91.5,297404
2915,1994,92,265650
2916,1994,85,209622
2917,1994,76.5,156450
2918,1994,72.3,121716
2919,1994,67.7,105175
2920,1994,71,118221
2921,1994,74,133797.5
2922,1994,95,146422
2923,1994,67.5,85698
2924,1994,84.5,221270
2925,1994,89,258315
2926,1994,83.5,190464
2927,1994,73,131962.5
2928,1994,79,201267
2929,1994,69.1,108364.5
2930,1994,67,118585
2931,1994,70.3,131330
2932,1994,62.5,48735
2933,1994,65.2,70470
2934,1994,75,162966
2935,1994,87,242473
2936,1994,66,95745
2937,1994,76.5,104880
2938,1994,84,256704
2939,1994,70.4,108072
2940,1994,80.2,175099
2941,1994,73.8,94430
2942,1994,78.3,199434
2943,1994,84,220110
2944,1994,69,107961
2945,1994,98,188034
2946,1994,88,226924.5
2947,1994,79.5,235200
2948,1995,73,125130
2949,1995,61.5,76032
2950,1995,69.8,106264
2951,1995,75.5,125938.5
2952,1995,97.4,410310
2953,1995,79.2,168345
2954,1995,68.5,93322.5
2955,1995,70,105840
2956,1995,92,317538
2957,1995,82.2,195214.5
2958,1995,84.4,236368
2959,1995,73,119805
2960,1995,87.9,262105
2961,1995,70.5,120912.5
2962,1995,85,205350
2963,1995,75.2,188924
2964,1995,71,103170
2965,1995,70,103520
2966,1995,73.2,128310
2967,1995,91.5,552013
2968,1995,83.5,220064
2969,1995,77.9,169780
2970,1995,87,167334
2971,1995,65,75555
2972,1995,78.7,159296
2973,1995,71,175825.5
2974,1995,72.3,131670
2975,1995,61,82320
2976,1995,80.5,161483
2977,1995,66.5,88270
2978,1995,95.5,311828
2979,1995,65.6,85884
2980,1995,94,236307.5
2981,1995,79.7,169703
2982,1995,72,116808
2983,1995,87.7,227430
2984,1995,62,37656
2985,1995,94.5,355796
2986,1995,102,426760
2987,1995,68.2,89244
2988,1995,78.2,128592
2989,1995,75,120625
2990,1995,82.7,145860
2991,1995,86.5,241740
2992,1995,82.3,142568
2993,1995,92,242307
2994,1995,72,102960
2995,1995,84,217168
2996,1995,84,203273
2997,1995,68.7,82896
2998,1995,71,116955
2999,1995,73.2,142296
3000,1995,99.5,315595
3001,1995,75,123224
3002,1995,81.3,154242
3003,1995,85.3,217710
3004,1995,76.5,154717
3005,1995,78.5,161865
3006,1995,69.1,93073
3007,1995,86.5,241656.5
3008,1995,79.5,187862.5
3009,1995,82,173250
3010,1995,82.2,206205
3011,1995,75.6,171976
3012,1995,85,213828
3013,1995,73.8,121380
3014,1995,85.6,185364
3015,1995,75.5,130950
3016,1995,92,357225
3017,1995,82,178412
3018,1995,91.1,243885
3019,1995,66.5,72062
3020,1995,90,296010
3021,1995,75,139590
3022,1995,76.3,149766
3023,1995,75,121158
3024,1995,74.5,124597
3025,1995,90,204480
3026,1996,79,191664
3027,1996,100,325580
3028,1996,75.8,119700
3029,1996,75,117024
3030,1996,72,111888
3031,1996,78,137445
3032,1996,65,68080
3033,1996,80,241604
3034,1996,81.3,257214
3035,1996,80,194300
3036,1996,78.4,194642.5
3037,1996,77,186548
3038,1996,62.8,70851
3039,1996,80.3,137488
3040,1996,79.3,185977.5
3041,1996,87.6,283536
3042,1996,83.3,213004
3043,1996,96.2,252888
3044,1996,73.2,159302
3045,1996,79.8,210973.5
3046,1996,77.7,155650
3047,1996,88,261466
3048,1996,100,295855
3049,1996,102.1,393808
3050,1996,94.5,315315
3051,1996,91,301352
3052,1996,82.5,212313
3053,1996,72,119976.5
3054,1996,74.4,143663
3055,1996,68.6,95540
3056,1996,94.5,313600
3057,1996,78,159315
3058,1996,76.5,164497
3059,1996,89.9,268944
3060,1996,79,154185
3061,1996,85.7,281268
3062,1996,61,62320
3063,1996,75.5,133950
3064,1996,89.7,297228
3065,1996,82.2,192480
3066,1996,91,334956
3067,1996,92.2,347990
3068,1996,74,128535
3069,1996,72.5,109592
3070,1996,80,220401
3071,1996,87.5,282338
3072,1996,84,220864
3073,1996,60.5,58968
3074,1996,62.9,52525
3075,1996,74.9,148988
3076,1996,86,226512
3077,1996,74.2,37754
3078,1996,69.5,137088
3079,1996,80.7,198639.5
3080,1996,88,176764
3081,1996,82.5,243675
3082,1996,74,128150
3083,1996,72.7,114636
3084,1996,67.5,103462
3085,1996,87.8,254982
3086,1996,82,236368
3087,1996,84,233408
3088,1996,68,105840
3089,1996,84.7,277263
3090,1996,76.8,170352
3091,1996,69.7,99813
3092,1996,91.6,188064
3093,1996,77.5,177120
3094,1996,94,301864
3095,1996,82.3,195216
3096,1996,78,182970
3097,1996,75.7,142538
3098,1996,79.5,232740
3099,1996,77.5,136657.5
3100,1996,78.5,163968
3101,1996,91.5,243380
3102,1996,82,151110
3103,1996,79,157535.5
3104,1996,75.5,144440
3105,1996,77.1,140070
3106,1996,73.4,120505
3107,1996,69.5,88045.5
3108,1996,69.5,133136
3109,1996,80,198120
3110,1996,85,207282
3111,1997,71,117340.5
3112,1997,81.3,173772.5
3113,1997,82.8,204160
3114,1997,78,170765
3115,1997,77,159960
3116,1997,77.4,156816
3117,1997,75.3,114003
3118,1997,71,122867.5
3119,1997,71,109460
3120,1997,82.7,186224
3121,1997,64,71017.5
3122,1997,68.6,107008
3123,1997,83,203176
3124,1997,97,328510
3125,1997,87.4,164963.5
3126,1997,89.1,271794
3127,1997,68.7,100096
3128,1997,86,216161
3129,1997,82,211960
3130,1997,82.7,183600
3131,1997,69.5,83655
3132,1997,98.3,230472
3133,1997,95,370735
3134,1997,86.8,256060
3135,1997,95,240518
3136,1997,73,136250
3137,1997,84.6,209367
3138,1997,81.9,205640
3139,1997,81.5,188696
3140,1997,84.3,194542
3141,1997,89,277760
3142,1997,81.4,211159
3143,1997,91.3,398558
3144,1997,80,149398.5
3145,1997,75.8,133306.5
3146,1997,72.3,105300
3147,1997,78.5,154797.5
3148,1997,81,210663
3149,1997,69.7,81634
3150,1997,78.1,70400
3151,1997,65.7,62952
3152,1997,86,171216
3153,1997,86.5,213026
3154,1997,62.2,73630.5
3155,1997,83.7,199353
3156,1997,79,157820.5
3157,1997,82.4,198360
3158,1997,85.9,212064
3159,1997,84,225951
3160,1997,81.5,214280
3161,1997,70.3,112800
3162,1997,70,122850
3163,1997,94,284921
3164,1997,65.6,64870
3165,1997,63,62983.5
3166,1997,63.9,71070
3167,1997,65.2,75740
3168,1997,65.5,58985
3169,1997,66.2,71504
3170,1997,87.5,245385
3171,1997,64,65286
3172,1997,67.3,75167.5
3173,1997,65.6,76230
3174,1997,83,199230
3175,1997,66.5,83664
3176,1997,76.2,167657
3177,1997,62.7,66720
3178,1997,65.5,74646
3179,1997,70.4,99287.5
3180,1997,62.4,64350
3181,1997,86.7,201346.5
3182,1997,86.7,217227
3183,1997,69,81641
3184,1997,64.2,70470
3185,1997,91.1,283945.5
3186,1997,102,51922.5
3187,1997,82,147420
3188,1998,75.9,169231
3189,1998,60.1,56565
3190,1998,83,212251
3191,1998,84,274455
3192,1998,59.3,48271.5
3193,1998,90.4,212625
3194,1998,57.5,48180
3195,1998,75.7,179676
3196,1998,77.4,173604
3197,1998,89.7,270957
3198,1998,92.4,251680
3199,1998,83.9,230104
3200,1998,73.6,121961.5
3201,1998,76,172730
3202,1998,71.7,144956
3203,1998,70,114885
3204,1998,75.5,137250
3205,1998,74.7,155787.5
3206,1998,88.2,280500
3207,1998,70,118425.5
3208,1998,73.7,156446
3209,1998,77,176680
3210,1998,67.6,101250
3211,1998,77,168780.5
3212,1998,79.1,201042
3213,1998,79,137223
3214,1998,72.4,134212
3215,1998,75,152750
3216,1998,81.9,227800
3217,1998,66.1,103246
3218,1998,77.1,155142
3219,1998,59.4,58110
3220,1998,97.5,279165
3221,1998,98.2,237180
3222,1998,82,273686
3223,1998,81,230794
3224,1998,84,203190
3225,1998,63.3,61480
3226,1998,89.4,314880
3227,1998,83.2,168192
3228,1998,72.3,142825
3229,1998,74.8,169275
3230,1998,68.5,101506.5
3231,1998,65,69616
3232,1998,85.5,316572
3233,1998,76.8,154135.5
3234,1998,74.3,184212
3235,1998,77.4,212430
3236,1998,75.8,156972
3237,1998,76.3,169650
3238,1998,72.2,118420
3239,1998,97.3,405480
3240,1998,71.6,127974
3241,1998,70.5,97820
3242,1998,68.8,111343.5
3243,1998,99,384583
3244,1998,78.8,161564
3245,1998,73.2,145979
3246,1998,88.5,233047.5
3247,1998,91.2,233920
3248,1998,83,225582
3249,1998,73.8,149160
3250,1998,95.6,306748
3251,1998,93.2,373288
3252,1998,92,302612.5
3253,1998,80,158727
3254,1998,84,266643
3255,1998,86.6,270640
3256,1998,76,143763
3257,1998,86.7,283004
3258,1998,102.6,416796
3259,1998,97.3,211770
3260,1998,86.3,251142.5
3261,1998,76.7,155556
3262,1998,98.7,358974.5
3263,1998,94.6,319968
3264,1998,76.5,166665
3265,1998,75,166071
3266,1998,73,108032.5
3267,1998,75,32595
3268,1998,61.5,65391
3269,1998,61.7,67392
3270,1998,78.7,188696
3271,1998,78,41106
3272,1998,75,151740
3273,1998,61.5,79820
3274,1998,78,159456
3275,1998,58.2,49403
3276,1998,63.8,72345
3277,1998,63.7,67095
3278,1999,74.6,134037
3279,1999,77.2,151329
3280,1999,73.1,129744
3281,1999,59.1,36540
3282,1999,90.2,308327.5
3283,1999,82.3,182567.5
3284,1999,71.7,127840
3285,1999,60.5,68112
3286,1999,91.4,239145
3287,1999,67.3,92696.5
3288,1999,68.5,102191.5
3289,1999,66.1,104160
3290,1999,52.2,28324.5
3291,1999,64.5,80518
3292,1999,73.3,148108.5
3293,1999,69,113094
3294,1999,95.3,314298
3295,1999,93,295314
3296,1999,64.5,84000
3297,1999,66.2,116850
3298,1999,70.5,98269.5
3299,1999,65.4,92184
3300,1999,77.4,161499
3301,1999,66.6,87220
3302,1999,85.9,229896
3303,1999,94.1,298267
3304,1999,81.7,133276
3305,1999,93.7,279243.5
3306,1999,88.9,254933
3307,1999,79.9,157780
3308,1999,83.1,231845
3309,1999,62.1,70278
3310,1999,69.5,119328
3311,1999,87.2,239835
3312,1999,85.5,217989
3313,1999,91.9,225160
3314,1999,80.4,206896
3315,1999,91,267187.5
3316,1999,87.1,237120
3317,1999,90.1,288558
3318,1999,80.6,219390
3319,1999,70.5,130752
3320,1999,62.4,67710
3321,1999,79.2,190960
3322,1999,71.8,119910
3323,1999,80.6,173280
3324,1999,73.4,142305
3325,1999,70.1,103600
3326,1999,70.5,108640
3327,1999,79.9,223250
3328,1999,77.3,155876
3329,1999,72.1,118017
3330,1999,70,83978
3331,1999,68.2,95583
3332,1999,73.8,135680
3333,1999,80.1,210888
3334,1999,80.8,187040
3335,1999,68.6,104016
3336,1999,67.6,91575
3337,1999,58.2,44352
3338,1999,67.7,103834
3339,1999,66.3,76791
3340,1999,81.7,200618
3341,1999,71.8,97846.5
3342,1999,70,102725
3343,1999,79.1,180848
3344,1999,69.3,120172.5
3345,1999,90.1,301455
3346,1999,81.6,219372
3347,1999,81.4,224100
3348,1999,74.1,134469
3349,1999,53.1,37632
3350,1999,93.3,335208.5
3351,1999,85.1,137060
3352,1999,83.5,208314
3353,1999,81.1,191425
3354,1999,84.2,230100
3355,1999,68.1,131219
3356,1999,62.3,56511
3357,1999,56.1,35076
3358,1999,71.3,112632
3359,1999,80.4,159570
3360,1999,62.5,62926
3361,1999,68.9,107996
3362,2000,77.6,173839.5
3363,2000,70.6,98906.5
3364,2000,87.4,196300
3365,2000,97.9,227836
3366,2000,101.2,298760
3367,2000,78.4,161925
3368,2000,72.6,130196
3369,2000,75.2,126474
3370,2000,92.7,340022
3371,2000,87.4,228219
3372,2000,75.3,149568
3373,2000,74.8,152190
3374,2000,72.9,147705
3375,2000,71.1,128871
3376,2000,71.4,129569.5
3377,2000,67.5,107600.5
3378,2000,91,234450
3379,2000,81.1,190380
3380,2000,74.4,150367.5
3381,2000,75.9,118080
3382,2000,77.7,58212
3383,2000,71.9,126148.5
3384,2000,77.6,160740
3385,2000,65.5,106106.5
3386,2000,72.5,108360
3387,2000,83.8,213440
3388,2000,76.1,138481
3389,2000,71.9,123250
3390,2000,80.6,150696
3391,2000,75.2,144361.5
3392,2000,73.9,124388
3393,2000,80.3,171045
3394,2000,79.9,166662
3395,2000,70.1,135975
3396,2000,77.6,132840
3397,2000,75.4,123134
3398,2000,69.8,124000
3399,2000,68.3,110466
3400,2000,74.9,139055
3401,2000,85.5,307764
3402,2000,69.2,114444
3403,2000,70,73014
3404,2000,70.6,135675
3405,2000,85.4,186829.5
3406,2000,93,236334
3407,2000,73.4,123040
3408,2000,75.2,142485
3409,2000,75.4,153666.5
3410,2000,95.2,252015
3411,2000,83.9,196328
3412,2000,75.4,174020
3413,2000,78.2,189720
3414,2000,92.7,107074
3415,2000,83.6,197379
3416,2000,81.8,172857
3417,2000,70,79968
3418,2000,75.3,169480
3419,2000,71.6,103149
3420,2000,76.1,135500
3421,2000,75.2,278302
3422,2000,76,136320
3423,2000,71.2,125552
3424,2000,53.4,32109
3425,2000,84.9,93956
3426,2000,84.7,237175
3427,2000,81.5,183498
3428,2000,88.2,192675
3429,2000,71.8,129696
3430,2000,71.6,144045
3431,2000,66,87636
3432,2000,80.6,187425
3433,2000,69.2,106029
3434,2000,71.5,118078.5
3435,2000,80.1,209854
3436,2000,69,100314.5
3437,2000,67,115477.5
3438,2000,84.7,202235.5
3439,2000,86.3,211935
3440,2000,80.2,168618
3441,2000,70.3,154017.5
3442,2000,76.4,137126
3443,2000,65.8,106396
3444,2000,92.1,286416
3445,2000,81.6,185057.5
3446,2000,70.9,117802.5
3447,2000,71.5,114552
3448,2000,94.4,222750
3449,2000,75.9,125736
3450,2000,69.3,112132
3451,2000,64.9,81528
3452,2000,66.5,79020
3453,2000,72.1,111340
3454,2000,67.4,102060
3455,2000,86.3,227107.5
3456,2000,71.9,120595
3457,2000,67.7,97188
3458,2000,71.8,122527.5
3459,2000,76.3,142284
3460,2000,70.6,108150
3461,2000,76.2,136612
3462,2000,70.5,101095.5
3463,2000,69,97788
3464,2000,69.6,106586
3465,2000,82.9,178200
3466,2000,70.4,100098
3467,2000,59.5,55107.5
3468,2000,81.2,211860
3469,2000,68.5,102438
3470,2000,61,74077.5
3471,2000,80.4,210824
3472,2000,69.1,90420
3473,2000,75.2,186480
3474,2000,64.9,84234
3475,2000,97.2,252025
3476,2000,73.6,106512
3477,2000,68.9,113582
3478,2000,83.3,177165
3479,2000,73.2,133762.5
3480,2000,81.1,189372
3481,2000,77.9,165620
3482,2000,66.8,85357.5
3483,2000,64.6,98600
3484,2000,78.5,172972
3485,2000,82,210984
3486,2000,71.5,138148.5
3487,2000,88.1,247627.5
3488,2000,78,172692
3489,2000,73.2,151058.5
3490,2000,61.1,67087
3491,2000,67.4,91712.5
3492,2000,77.2,142136
3493,2000,69.9,118728
3494,2001,78.4,143154
3495,2001,75.5,130650
3496,2001,80.9,227304
3497,2001,76.8,205416
3498,2001,73.8,127529.5
3499,2001,71.4,135051
3500,2001,91.6,228470
3501,2001,89.2,216492.5
3502,2001,76.6,147339.5
3503,2001,74.7,149592
3504,2001,87.9,262422
3505,2001,92.4,307487
3506,2001,82.9,72900
3507,2001,74.8,111435
3508,2001,79.5,155074.5
3509,2001,69.8,84372
3510,2001,77,145036
3511,2001,80.4,227255
3512,2001,81.4,197838
3513,2001,87.3,234844.5
3514,2001,85.2,234175
3515,2001,78.9,202161
3516,2001,73,158340
3517,2001,77.7,149800
3518,2001,72.5,125416
3519,2001,78,150570
3520,2001,73.8,131860
3521,2001,72,123284
3522,2001,68.7,77520
3523,2001,72,119586.5
3524,2001,66.1,79248
3525,2001,68,107245.5
3526,2001,72.4,105170
3527,2001,72.4,101505
3528,2001,73.9,117162
3529,2001,73.5,107850
3530,2001,66.4,60642
3531,2001,92.3,340232
3532,2001,99.6,229351.5
3533,2001,74.3,150336
3534,2001,82.5,258540
3535,2001,78.8,186225
3536,2001,96.1,324875
3537,2001,96,324162
3538,2001,77.5,177316
3539,2001,84.6,258888
3540,2001,85.3,243718
3541,2001,71.9,183300
3542,2001,87.5,217616
3543,2001,79.2,161942
3544,2001,73,129668
3545,2001,76.1,172393.5
3546,2001,83.1,179892
3547,2001,88,248502
3548,2001,84,180180
3549,2001,72.2,153912
3550,2001,78.2,151475
3551,2001,71,99414
3552,2001,92,236880
3553,2001,92,252057
3554,2001,82.4,214966.5
3555,2001,64.4,68773.5
3556,2001,79.4,195840
3557,2001,90.6,237416
3558,2002,76.4,126984
3559,2002,86.9,267714
3560,2002,80.6,147220
3561,2002,94.5,319158
3562,2002,94.4,248270.5
3563,2002,79,254964.5
3564,2002,90.2,262728
3565,2002,90.8,190954.5
3566,2002,77.5,166320
3567,2002,72.3,155978
3568,2002,75.9,200960
3569,2002,82.1,170766
3570,2002,76,109609.5
3571,2002,85,259852
3572,2002,79.5,200344
3573,2002,80.5,187492.5
3574,2002,79.6,206185
3575,2002,92.7,142299
3576,2002,74.9,149275
3577,2002,79.5,132594
3578,2002,75.5,89464
3579,2002,68.9,42712
3580,2002,89.7,260370
3581,2002,87.5,242760
3582,2002,85,208416
3583,2002,79.6,204016
3584,2002,78.5,154980
3585,2002,71.1,88423.5
3586,2002,95.6,268000
3587,2002,87.4,218387
3588,2002,85.1,169506
3589,2002,84.2,203660
3590,2002,91.8,249791
3591,2002,82.5,269390
3592,2002,82.5,219800
3593,2002,79.7,200182.5
3594,2002,88.5,171325
3595,2002,60.9,70028
3596,2002,75.1,152190.5
3597,2002,59.7,62700
3598,2002,80.3,196444
3599,2002,79.2,152832
3600,2002,77,168394
3601,2002,90.9,199318
3602,2002,81.3,164900
3603,2002,79.1,169004
3604,2002,85.8,175032
3605,2002,85.8,214368
3606,2002,84.4,232655
3607,2002,78.8,175441
3608,2002,76.2,151827
3609,2002,79.1,159600
3610,2002,85.8,260148
3611,2002,96.2,255024
3612,2002,90.2,256566
3613,2002,76.7,127451
3614,2002,69.1,73710
3615,2002,77.7,180504
3616,2002,79.9,206927
3617,2002,91,188034
3618,2002,93.9,300490
3619,2002,85.1,219224
3620,2002,86.5,208088
3621,2002,87.2,224774
3622,2002,78.5,142868
3623,2002,75.3,126716
3624,2002,81.2,205919
3625,2002,90.4,207144
3626,2002,83.7,144300
3627,2002,81.9,141293.5
3628,2002,78.7,154249.5
3629,2002,90.8,254135
3630,2002,82,228228
3631,2002,91.1,259389
3632,2002,79,147126
3633,2002,82.7,166762
3634,2002,75,196512
