RowID,Year,Length,Survival
1,1953,58.2,1
2,1953,39.5,0
3,1953,47.9,0
4,1953,54.5,1
5,1953,45.3,1
6,1953,36.8,0
7,1953,56.4,0
8,1953,49.5,0
9,1953,39.4,1
10,1953,57.9,1
11,1953,52.7,0
12,1953,57.5,1
13,1953,46,1
14,1953,34.8,0
15,1953,60,1
16,1953,45.8,0
17,1953,35.5,0
18,1953,51.5,1
19,1953,34.7,1
20,1953,48.5,0
21,1953,53.5,0
22,1953,70,0
23,1953,47,0
24,1953,51.5,0
25,1953,44.1,1
26,1953,30.5,0
27,1953,33.5,0
28,1953,63,1
29,1953,65.4,0
30,1953,63,0
31,1953,59.3,1
32,1953,64.8,1
33,1953,65,1
34,1953,68.6,0
35,1953,59,1
36,1953,63.2,1
37,1953,71,1
38,1953,61.5,1
39,1953,61.4,1
40,1953,61.5,0
41,1953,59,0
42,1953,74.6,1
43,1953,58.8,0
44,1953,73.6,0
45,1953,58.6,1
46,1953,64.4,0
47,1953,70.3,0
48,1953,42.5,0
49,1953,46.5,1
50,1953,36.5,1
51,1953,28.3,0
52,1953,46.2,1
53,1953,67.3,1
54,1953,66.3,0
55,1953,64.7,1
56,1953,69.9,1
57,1953,56,1
58,1953,70,1
59,1953,67.4,0
60,1953,69.3,0
61,1953,67,0
62,1953,60.2,1
63,1953,53.8,0
64,1953,45.1,0
65,1953,47.5,0
66,1953,35.8,0
67,1953,47,1
68,1953,54.3,0
69,1953,49.3,0
70,1953,52.5,0
71,1953,60,1
72,1953,47.8,0
73,1953,39.2,0
74,1953,53,1
75,1953,55,1
76,1953,44.3,1
77,1953,73.5,0
78,1953,64,1
79,1953,67,1
80,1953,80.5,0
81,1953,73,1
82,1953,70,0
83,1953,68,1
84,1953,68.3,0
85,1953,63.5,0
86,1953,59.6,0
87,1953,43.8,0
88,1953,39.2,0
89,1953,47.8,0
90,1953,48.7,0
91,1953,50.7,0
92,1953,54.7,0
93,1953,42,1
94,1953,44.2,0
95,1953,54.2,1
96,1953,46.5,0
97,1953,41.2,0
98,1953,47.1,0
99,1953,36.7,1
100,1953,41.8,0
101,1953,56,1
102,1953,52.5,0
103,1953,47,0
104,1953,42,0
105,1953,45.5,0
106,1953,38.5,0
107,1953,40.8,0
108,1953,45,0
109,1953,37.3,1
110,1953,40.2,0
111,1953,42,0
112,1953,46.7,1
113,1953,38.5,1
114,1953,33,0
115,1953,33,1
116,1953,48.7,0
117,1953,47.2,0
118,1953,53.5,1
119,1953,25,0
120,1953,50.3,0
121,1953,29.4,0
122,1953,37.7,0
123,1953,43.7,0
124,1953,41.9,0
125,1953,44.8,0
126,1953,48.3,1
127,1953,45.8,0
128,1953,55.6,0
129,1953,53,1
130,1953,23.5,0
131,1953,49.9,0
132,1953,34.5,0
133,1953,19.5,0
134,1953,33.5,0
135,1953,48,0
136,1953,52.5,0
137,1953,51,0
138,1953,54.3,0
139,1953,41.2,0
140,1953,41.2,1
141,1953,25.2,1
142,1953,40.5,0
143,1953,43.4,0
144,1953,54.4,0
145,1953,45.8,1
146,1953,40.8,0
147,1954,46.4,0
148,1954,53,1
149,1954,57.5,0
150,1954,50.1,0
151,1954,50.5,1
152,1954,49.5,1
153,1954,48,1
154,1954,43,1
155,1954,40.2,0
156,1954,63.3,1
157,1954,59.7,1
158,1954,47,0
159,1954,42.8,1
160,1954,47,1
161,1954,50.7,0
162,1954,48.5,1
163,1954,38.8,1
164,1954,84,1
165,1954,55.2,0
166,1954,38.4,1
167,1954,44.6,1
168,1954,39.9,0
169,1954,49.2,0
170,1954,36,0
171,1954,41,0
172,1954,59.8,1
173,1954,48.1,1
174,1954,51.7,1
175,1954,89.5,1
176,1954,48.2,0
177,1954,41.1,0
178,1954,72,0
179,1954,38.6,1
180,1954,45.5,1
181,1954,46.1,1
182,1954,53.5,0
183,1954,40.9,0
184,1954,51,1
185,1954,51.4,0
186,1954,68,1
187,1954,41.1,0
188,1954,62.4,0
189,1954,45,0
190,1954,62.1,1
191,1954,62.2,1
192,1954,60.4,1
193,1954,65.8,1
194,1954,63.5,1
195,1954,63.5,1
196,1954,54.6,0
197,1954,40,0
198,1954,69.2,1
199,1954,69.5,0
200,1954,65.5,1
201,1954,62,0
202,1954,66.4,0
203,1954,89,0
204,1954,59.3,1
205,1954,65,1
206,1954,61.5,0
207,1954,50.2,0
208,1954,63.5,1
209,1954,59,1
210,1954,58,1
211,1954,62,1
212,1954,68,1
213,1954,59.5,1
214,1954,60.3,1
215,1954,85.5,0
216,1954,62,1
217,1954,66.6,1
218,1954,63.2,0
219,1954,61.7,1
220,1954,81,1
221,1954,65,1
222,1954,65,1
223,1954,67,0
224,1954,66.5,1
225,1954,64.8,1
226,1954,61,1
227,1954,86.6,0
228,1954,68.3,0
229,1954,57,1
230,1954,44.3,1
231,1954,45.2,1
232,1954,36.5,1
233,1954,43.1,1
234,1954,40.3,1
235,1954,50,0
236,1954,50.1,1
237,1954,55,1
238,1954,43.7,0
239,1954,32.6,0
240,1954,51,1
241,1954,52,1
242,1954,37.3,0
243,1954,49.5,1
244,1954,45.3,1
245,1954,54,1
246,1954,45.5,1
247,1954,49.5,1
248,1954,47,0
249,1954,47.8,1
250,1954,55.3,1
251,1954,49,1
252,1954,50.5,1
253,1954,44.6,0
254,1954,43.6,1
255,1954,44,0
256,1954,65.6,1
257,1954,49.2,1
258,1954,44.2,1
259,1954,45.3,1
260,1954,48.3,0
261,1954,43.6,0
262,1954,51.3,1
263,1954,48.8,0
264,1954,55.5,1
265,1954,39.2,1
266,1954,38.2,1
267,1954,49.1,1
268,1954,54.8,0
269,1954,44.4,1
270,1954,54.4,0
271,1954,40.5,0
272,1954,44.2,0
273,1954,47,1
274,1954,43,0
275,1954,48,1
276,1954,69.5,1
277,1954,45.2,0
278,1954,44,1
279,1954,47.7,1
280,1954,50.5,0
281,1954,61.4,1
282,1954,64,1
283,1954,44,1
284,1954,49.3,1
285,1954,65,1
286,1954,44.8,1
287,1954,49.2,1
288,1954,41,1
289,1954,47.5,1
290,1954,77.8,1
291,1954,58.6,1
292,1954,42.2,1
293,1954,66,1
294,1954,46.1,1
295,1954,51.8,1
296,1954,41.2,0
297,1954,46,0
298,1954,50.6,1
299,1954,47.5,0
300,1954,48.5,1
301,1954,39.5,0
302,1954,42,1
303,1954,47.7,0
304,1954,51.2,1
305,1954,38.8,0
306,1954,41.3,1
307,1954,46.7,0
308,1954,41.8,1
309,1954,84.5,1
310,1954,41.2,1
311,1954,70,0
312,1954,48,0
313,1955,67.5,1
314,1955,52.9,1
315,1955,62.3,1
316,1955,50.6,0
317,1955,54.6,0
318,1955,52.4,1
319,1955,60,1
320,1955,42.2,1
321,1955,55.3,1
322,1955,65.5,0
323,1955,54,1
324,1955,41,0
325,1955,58.3,1
326,1955,39,0
327,1955,51.1,0
328,1955,29.8,1
329,1955,29,0
330,1955,57.3,1
331,1955,23.2,0
332,1955,63.2,1
333,1955,62,1
334,1955,61.2,1
335,1955,63,0
336,1955,99,1
337,1955,85,1
338,1955,91,0
339,1955,61.1,1
340,1955,62.2,0
341,1955,63.6,1
342,1955,63.9,1
343,1955,65,1
344,1955,64,1
345,1955,68.5,0
346,1955,56.2,1
347,1955,71.5,1
348,1955,62.5,0
349,1955,65.7,1
350,1955,71,1
351,1955,75.5,1
352,1955,65.4,1
353,1955,64.8,1
354,1955,54.5,1
355,1955,62,1
356,1955,40.4,1
357,1955,60,1
358,1955,64.5,0
359,1955,47.6,1
360,1955,48,0
361,1955,72.8,1
362,1955,98,1
363,1955,63.4,1
364,1955,62,1
365,1955,40.6,1
366,1955,61.5,1
367,1955,96,0
368,1955,61.5,1
369,1955,80.5,0
370,1955,64.7,1
371,1955,56.3,1
372,1955,63,0
373,1955,40,1
374,1955,40,0
375,1955,53,1
376,1955,50.5,0
377,1955,42,1
378,1955,55.5,1
379,1955,45.2,1
380,1955,50.5,0
381,1955,60.5,1
382,1955,41.8,0
383,1955,66,1
384,1955,53.6,1
385,1955,37.3,0
386,1955,64,1
387,1955,65.5,1
388,1955,48.5,1
389,1955,43.1,0
390,1955,55.1,0
391,1955,51,0
392,1955,54.5,1
393,1955,75.8,1
394,1955,64.5,0
395,1955,63.5,1
396,1955,55.2,0
397,1955,68.7,1
398,1955,61.2,0
399,1955,49.5,1
400,1955,50.3,1
401,1955,69,0
402,1955,63,0
403,1955,50,1
404,1955,50,1
405,1955,52.5,0
406,1955,52.3,1
407,1955,54.4,1
408,1955,21,0
409,1955,51.5,1
410,1955,50.1,0
411,1955,53,1
412,1955,48.5,1
413,1955,54.5,1
414,1955,55.4,1
415,1955,42.5,1
416,1956,41,0
417,1956,34.6,0
418,1956,37.8,1
419,1956,33.2,0
420,1956,34.5,0
421,1956,44.4,1
422,1956,45.5,1
423,1956,40.2,0
424,1956,40.3,0
425,1956,35,0
426,1956,40,0
427,1956,48.5,0
428,1956,41.3,0
429,1956,30,1
430,1956,56,1
431,1956,33.7,0
432,1956,27.3,0
433,1956,32.2,0
434,1956,42,0
435,1956,62.5,0
436,1956,50.2,1
437,1956,38.2,0
438,1956,64.6,1
439,1956,68.3,1
440,1956,61,0
441,1956,49,0
442,1956,59.8,1
443,1956,65.5,1
444,1956,59.8,1
445,1956,61.6,1
446,1956,73.5,1
447,1956,59,1
448,1956,62.5,1
449,1956,51.8,1
450,1956,53.5,1
451,1956,52.6,1
452,1956,49.4,0
453,1956,47.7,1
454,1956,48.7,1
455,1956,43.3,0
456,1956,28,1
457,1956,54,1
458,1956,57.5,1
459,1956,49.7,0
460,1956,27.5,0
461,1956,57.5,0
462,1956,57.5,1
463,1956,33,0
464,1956,45.8,1
465,1956,49.9,0
466,1956,33.2,1
467,1956,61.8,1
468,1956,43.8,1
469,1956,44.1,1
470,1956,39.2,0
471,1956,63.5,1
472,1956,28.3,1
473,1956,51.3,1
474,1956,51.5,1
475,1956,43.5,0
476,1956,52.4,0
477,1956,53.5,1
478,1956,49,1
479,1956,63.4,0
480,1956,39,0
481,1956,50.2,1
482,1956,52.5,1
483,1956,52.6,1
484,1956,71.5,0
485,1956,46,1
486,1956,47,1
487,1956,94,1
488,1956,62.5,1
489,1956,48.5,1
490,1956,57.2,0
491,1956,54.5,1
492,1956,45.5,1
493,1956,66.6,1
494,1956,71,0
495,1956,61.5,0
496,1956,29.5,0
497,1956,40,0
498,1956,28.4,0
499,1957,47,1
500,1957,49.3,0
501,1957,40.9,0
502,1957,48.3,1
503,1957,51.5,0
504,1957,43.7,1
505,1957,46.5,0
506,1957,44.9,0
507,1957,93,1
508,1957,64.8,1
509,1957,61.5,1
510,1957,66.5,0
511,1957,63,1
512,1957,62.3,1
513,1957,60,1
514,1957,70.3,0
515,1957,75,0
516,1957,61.5,1
517,1957,60.6,1
518,1957,92.5,0
519,1957,64.3,1
520,1957,54.8,0
521,1957,59.7,1
522,1957,77.5,0
523,1957,64,1
524,1957,55.8,1
525,1957,56.3,0
526,1957,64,0
527,1957,61.5,0
528,1957,35,0
529,1957,49.5,1
530,1957,44.9,1
531,1957,44,1
532,1957,48.8,1
533,1957,51.5,1
534,1957,57.5,0
535,1957,65.1,0
536,1957,47.8,1
537,1957,41,0
538,1957,44.3,1
539,1957,45.7,1
540,1957,49.7,1
541,1957,48.3,1
542,1957,45.5,0
543,1957,45,1
544,1957,71.2,1
545,1957,61.6,0
546,1957,91.8,0
547,1957,48.7,1
548,1957,49.2,1
549,1957,66,0
550,1957,59.4,1
551,1957,93.5,1
552,1957,93.6,0
553,1957,85,0
554,1957,46.1,1
555,1957,42.7,0
556,1957,44.5,1
557,1957,39.2,0
558,1957,48.3,1
559,1957,48.5,0
560,1957,43.7,1
561,1957,37,0
562,1957,43.2,1
563,1957,48.8,1
564,1957,45.8,1
565,1957,49.3,1
566,1957,33.5,0
567,1957,43,0
568,1957,33,0
569,1957,45,0
570,1957,35.3,0
571,1957,53,1
572,1957,49,0
573,1957,46.7,0
574,1957,42.4,1
575,1958,35.4,0
576,1958,45.8,1
577,1958,51.2,1
578,1958,37.7,0
579,1958,51.8,1
580,1958,37.5,0
581,1958,36,0
582,1958,34.5,0
583,1958,42.1,1
584,1958,44.5,1
585,1958,50.3,0
586,1958,36.6,0
587,1958,58,1
588,1958,45.8,1
589,1958,54.3,1
590,1958,48,0
591,1958,38,0
592,1958,39,1
593,1958,41.8,1
594,1958,54.5,1
595,1958,42.5,1
596,1958,60.6,1
597,1958,41.8,1
598,1958,37.6,0
599,1958,57.3,1
600,1958,83.7,1
601,1958,58.8,1
602,1958,85.7,1
603,1958,59.3,1
604,1958,61.8,1
605,1958,62.2,0
606,1958,64.5,1
607,1958,60.3,1
608,1958,59.4,1
609,1958,55.8,1
610,1958,59.8,1
611,1958,62,0
612,1958,65.8,1
613,1958,60,1
614,1958,65.5,0
615,1958,62.8,1
616,1958,57.8,0
617,1958,57.5,1
618,1958,56.4,1
619,1958,58.8,0
620,1958,59,0
621,1958,62,0
622,1958,60.3,1
623,1958,57.3,1
624,1958,66.5,1
625,1958,63,1
626,1958,59.5,0
627,1958,59.3,1
628,1958,62,1
629,1958,59.3,1
630,1958,62.5,1
631,1958,58.8,1
632,1958,59.4,0
633,1958,47.7,1
634,1958,45.7,0
635,1958,38.2,0
636,1958,59.4,1
637,1958,34.7,1
638,1958,56.1,1
639,1958,48.3,0
640,1958,50.8,1
641,1958,61.7,1
642,1958,59.8,0
643,1958,63.3,1
644,1958,58.6,1
645,1958,61.2,0
646,1958,58.4,1
647,1958,59.6,0
648,1958,62.3,1
649,1958,61.2,1
650,1958,59,1
651,1958,40.2,1
652,1958,43.7,0
653,1958,33.1,1
654,1958,47.8,1
655,1958,50.7,1
656,1958,40,1
657,1958,56.7,0
658,1958,38.5,1
659,1958,52.4,0
660,1958,41.7,0
661,1958,45.5,1
662,1958,41.1,0
663,1958,52.5,1
664,1958,43.9,1
665,1958,42.4,1
666,1958,58,1
667,1958,51.7,1
668,1958,39.5,0
669,1958,45,1
670,1958,58.6,1
671,1958,40.8,0
672,1958,49.7,0
673,1958,44.6,0
674,1958,45.8,1
675,1958,52,1
676,1958,46.2,1
677,1958,54,1
678,1958,44.4,1
679,1958,50.8,0
680,1958,43.3,0
681,1958,40.7,1
682,1958,42.7,1
683,1958,52.8,0
684,1958,51.8,0
685,1958,40.5,1
686,1958,43.2,0
687,1958,54.7,1
688,1958,43.8,1
689,1958,25.7,0
690,1958,51.8,1
691,1958,54.8,1
692,1958,43.8,0
693,1958,43.8,1
694,1958,51,1
695,1958,40.3,0
696,1958,46.8,0
697,1958,37.8,0
698,1958,38.9,1
699,1958,42.5,0
700,1958,45,1
701,1958,37.5,1
702,1958,25.7,0
703,1958,21,1
704,1958,46.8,0
705,1958,43.5,1
706,1958,20.5,0
707,1958,49.3,1
708,1958,36.2,1
709,1958,43.9,0
710,1958,42,1
711,1958,19.3,0
712,1958,50.4,1
713,1958,45.8,1
714,1958,18.8,0
715,1959,47,1
716,1959,54.8,1
717,1959,39.1,1
718,1959,44.9,0
719,1959,41.3,1
720,1959,42.9,1
721,1959,55,1
722,1959,54,1
723,1959,39.2,0
724,1959,46.9,1
725,1959,33.2,1
726,1959,39.3,0
727,1959,38.1,1
728,1959,46,1
729,1959,54.6,1
730,1959,49.5,0
731,1959,35.5,0
732,1959,49.7,1
733,1959,38.3,0
734,1959,65.6,1
735,1959,56.9,0
736,1959,59.5,0
737,1959,62.9,1
738,1959,62.9,0
739,1959,71,1
740,1959,70,1
741,1959,72,1
742,1959,60.2,1
743,1959,64.8,0
744,1959,63.1,1
745,1959,63.1,1
746,1959,67,1
747,1959,70.7,1
748,1959,57.6,1
749,1959,59.3,1
750,1959,68,1
751,1959,58.2,0
752,1959,61.4,1
753,1959,63.6,1
754,1959,60.3,0
755,1959,64.7,1
756,1959,60.2,1
757,1959,60.3,1
758,1959,56.7,0
759,1959,63.5,0
760,1959,66.2,0
761,1959,58.6,0
762,1959,59.6,1
763,1959,63.1,1
764,1959,68.5,0
765,1959,68.7,1
766,1959,63.9,0
767,1959,67.2,1
768,1959,71.8,0
769,1959,59.7,0
770,1959,61.8,1
771,1959,72.5,0
772,1959,63.5,1
773,1959,61.8,1
774,1959,63.7,1
775,1959,71,0
776,1959,57,0
777,1959,59.2,1
778,1959,68.2,1
779,1959,67.5,1
780,1959,60.4,1
781,1959,60.2,1
782,1959,95,0
783,1959,60.8,0
784,1959,57.8,1
785,1959,57,1
786,1959,63.1,1
787,1959,62.4,1
788,1959,60.5,1
789,1959,65,1
790,1959,72.5,1
791,1959,60.1,1
792,1959,102,0
793,1959,57.3,0
794,1959,64,1
795,1959,66.8,1
796,1959,64.2,0
797,1959,58.5,1
798,1959,63.6,1
799,1959,66.5,0
800,1959,60.6,1
801,1959,73.8,0
802,1959,69,1
803,1959,62,1
804,1959,58.9,1
805,1959,61,1
806,1959,60.6,1
807,1959,52.2,0
808,1959,52.5,1
809,1959,53,1
810,1959,43.2,1
811,1959,46,1
812,1959,45.1,1
813,1959,41.4,1
814,1959,41.7,0
815,1959,53.6,1
816,1959,36.5,1
817,1959,39.8,0
818,1959,48.5,1
819,1959,47.5,1
820,1959,46,1
821,1959,43.2,1
822,1959,50.7,1
823,1959,44.1,1
824,1959,41.6,0
825,1959,45.6,1
826,1959,46,1
827,1959,48.3,1
828,1959,47.5,0
829,1959,46.2,0
830,1959,48.5,0
831,1959,31.5,1
832,1959,41,0
833,1959,47,1
834,1959,42,1
835,1959,46.4,1
836,1959,48,1
837,1959,52.1,1
838,1959,46.1,1
839,1959,35.8,1
840,1959,40,1
841,1959,49.5,1
842,1959,41.2,0
843,1959,49.5,0
844,1959,48,1
845,1959,49.8,1
846,1959,48.3,1
847,1959,57.2,1
848,1959,30.4,0
849,1959,50.8,0
850,1959,46.2,0
851,1959,48.6,1
852,1959,38.6,0
853,1959,40.4,0
854,1959,39,1
855,1959,46,1
856,1959,45,1
857,1959,46.2,1
858,1959,43.2,0
859,1959,31.9,0
860,1959,54.9,1
861,1959,47.2,1
862,1959,48.7,1
863,1959,52.5,0
864,1959,50.1,0
865,1959,44.1,0
866,1959,61.2,0
867,1959,55,1
868,1959,50.5,1
869,1959,43.5,1
870,1959,42.4,1
871,1959,56.5,1
872,1959,51.4,1
873,1959,45.5,0
874,1959,35.8,0
875,1959,38.7,1
876,1959,48.5,1
877,1959,37.5,0
878,1959,60.7,1
879,1959,37.7,1
880,1959,45.9,0
881,1959,108,1
882,1959,67.5,1
883,1959,43.7,1
884,1959,53.7,0
885,1959,33.1,0
886,1960,40,1
887,1960,46.8,1
888,1960,45,1
889,1960,31.2,1
890,1960,43,1
891,1960,52.5,1
892,1960,43.5,1
893,1960,44.1,0
894,1960,49.5,0
895,1960,27.5,0
896,1960,55.5,1
897,1960,31.6,0
898,1960,30.5,1
899,1960,57.8,0
900,1960,54.1,1
901,1960,29.7,1
902,1960,37.4,0
903,1960,32.2,1
904,1960,43.2,1
905,1960,46.3,1
906,1960,29.8,0
907,1960,35.3,0
908,1960,35.2,1
909,1960,45.8,1
910,1960,40.5,0
911,1960,44.4,0
912,1960,27.2,0
913,1960,47.3,0
914,1960,37.3,1
915,1960,47.5,1
916,1960,41,0
917,1960,39.6,0
918,1960,54.4,0
919,1960,50.5,1
920,1960,46.5,1
921,1960,31,0
922,1960,59.2,1
923,1960,65.1,1
924,1960,64.5,1
925,1960,77.7,1
926,1960,75,1
927,1960,57.5,0
928,1960,63.2,1
929,1960,55,0
930,1960,62,1
931,1960,67.1,1
932,1960,61.7,1
933,1960,57.5,1
934,1960,73.8,0
935,1960,56,1
936,1960,59.3,1
937,1960,63.2,1
938,1960,62.5,1
939,1960,69.6,1
940,1960,62.8,1
941,1960,61,1
942,1960,61.6,1
943,1960,61,1
944,1960,61.3,1
945,1960,55.8,0
946,1960,57.6,1
947,1960,63.8,1
948,1960,56,0
949,1960,62.1,1
950,1960,66.2,0
951,1960,63,0
952,1960,62.8,1
953,1960,57.2,1
954,1960,65,1
955,1960,58.3,0
956,1960,53.6,1
957,1960,66,0
958,1960,61.6,1
959,1960,63.9,1
960,1960,70.5,0
961,1960,60.5,1
962,1960,64.1,1
963,1960,68.5,1
964,1960,59,0
965,1960,64.5,1
966,1960,59.4,1
967,1960,59.2,1
968,1960,57,1
969,1960,59.4,1
970,1960,65,0
971,1960,66.5,1
972,1960,61.8,1
973,1960,58.5,1
974,1960,60,0
975,1960,58.8,0
976,1960,67.5,1
977,1960,61.8,1
978,1960,69,1
979,1960,62,1
980,1960,60.7,0
981,1960,58.5,1
982,1960,65.9,1
983,1960,64.8,1
984,1960,58.7,1
985,1960,59,1
986,1960,56,1
987,1960,80.4,1
988,1960,62.4,1
989,1960,54.6,1
990,1960,63.8,1
991,1960,62,0
992,1960,66,1
993,1960,97.5,0
994,1960,68.5,0
995,1960,65.5,1
996,1960,58,0
997,1960,71,0
998,1960,65.1,0
999,1960,60.4,0
1000,1960,64.6,0
1001,1960,66.5,1
1002,1960,63.2,1
1003,1960,64.8,0
1004,1960,63.8,1
1005,1960,66.1,1
1006,1960,74,1
1007,1960,58.7,1
1008,1960,61,0
1009,1960,64,1
1010,1960,67.7,1
1011,1960,61.5,1
1012,1960,62.5,0
1013,1960,63,1
1014,1960,64.8,1
1015,1960,28.5,0
1016,1960,36.2,0
1017,1960,43,0
1018,1960,56,1
1019,1960,55.7,1
1020,1960,50,1
1021,1960,54.2,1
1022,1960,55.4,1
1023,1960,55,1
1024,1960,42.2,1
1025,1960,34.6,1
1026,1960,54.5,1
1027,1960,58.6,0
1028,1960,44.4,0
1029,1960,55.2,1
1030,1960,51.2,1
1031,1960,51.4,0
1032,1960,49.7,1
1033,1960,54.8,1
1034,1960,56.3,0
1035,1960,52.3,1
1036,1960,53.7,1
1037,1960,44.9,1
1038,1960,48,1
1039,1960,41.6,0
1040,1960,48,1
1041,1960,41,0
1042,1960,46,1
1043,1960,46,1
1044,1960,52.1,1
1045,1960,36.5,0
1046,1960,42.7,1
1047,1960,40,1
1048,1960,44.2,1
1049,1960,55.5,1
1050,1960,61.3,1
1051,1960,64.6,1
1052,1960,63.1,1
1053,1960,45.4,0
1054,1960,31,0
1055,1960,50,0
1056,1960,33,0
1057,1960,20.7,0
1058,1960,64.7,1
1059,1960,60.5,0
1060,1960,66.1,1
1061,1960,55.8,1
1062,1960,64,1
1063,1960,54.5,1
1064,1960,37.5,0
1065,1960,41.2,1
1066,1960,63.4,1
1067,1960,49,1
1068,1960,37.2,1
1069,1960,44.1,0
1070,1960,52,1
1071,1960,38,0
1072,1960,49,1
1073,1960,43,1
1074,1960,51,0
1075,1960,46.5,0
1076,1960,50.5,0
1077,1960,52.2,0
1078,1960,53,1
1079,1960,35.5,0
1080,1960,48,1
1081,1960,30.2,0
1082,1960,31.4,1
1083,1960,51,1
1084,1960,34.1,0
1085,1960,43.4,0
1086,1960,40,0
1087,1960,38,1
1088,1960,50.8,0
1089,1960,53.7,1
1090,1960,47.5,1
1091,1960,30.2,0
1092,1960,56.3,1
1093,1960,56.6,1
1094,1960,44.5,1
1095,1960,37.3,1
1096,1960,39.5,1
1097,1960,48,0
1098,1960,29.8,0
1099,1960,25.5,0
1100,1960,51.2,0
1101,1961,48.4,0
1102,1961,46.8,1
1103,1961,44,0
1104,1961,39.4,0
1105,1961,49.5,1
1106,1961,46.7,1
1107,1961,43.2,1
1108,1961,47,0
1109,1961,42.1,1
1110,1961,42.5,1
1111,1961,38.4,1
1112,1961,40.9,1
1113,1961,50.3,1
1114,1961,45.5,0
1115,1961,54.9,1
1116,1961,17.8,0
1117,1961,53.2,1
1118,1961,40.7,1
1119,1961,59,1
1120,1961,42.5,1
1121,1961,42.3,0
1122,1961,22.5,0
1123,1961,55.2,0
1124,1961,37,0
1125,1961,41,0
1126,1961,41,0
1127,1961,37,0
1128,1961,50,1
1129,1961,41.2,1
1130,1961,46,1
1131,1961,41.6,0
1132,1961,47.5,1
1133,1961,45,1
1134,1961,31.7,1
1135,1961,42.2,1
1136,1961,42.3,1
1137,1961,44.1,0
1138,1961,49.2,1
1139,1961,47,0
1140,1961,42,0
1141,1961,42.5,1
1142,1961,40.4,0
1143,1961,44,1
1144,1961,41.5,0
1145,1961,42.5,1
1146,1961,39.7,0
1147,1961,24.4,0
1148,1961,62.3,1
1149,1961,54.5,1
1150,1961,25.8,0
1151,1961,27.1,0
1152,1961,42,0
1153,1961,56.2,1
1154,1961,47.8,1
1155,1961,34.5,0
1156,1961,42,0
1157,1961,45.3,1
1158,1961,41.6,0
1159,1961,43.7,0
1160,1961,35.8,0
1161,1961,29.5,0
1162,1961,30.8,0
1163,1961,24.9,0
1164,1961,27.8,0
1165,1961,50.5,1
1166,1961,42,1
1167,1961,52.5,1
1168,1961,24.6,0
1169,1961,41.5,0
1170,1961,65.5,1
1171,1961,31.3,0
1172,1961,41.5,0
1173,1961,69,1
1174,1961,75.3,1
1175,1961,71.3,1
1176,1961,63,1
1177,1961,64,1
1178,1961,43.5,0
1179,1961,45,1
1180,1961,65,1
1181,1961,64,1
1182,1961,60,0
1183,1961,64,0
1184,1961,64.4,1
1185,1961,67.8,0
1186,1961,48.5,0
1187,1961,53.9,0
1188,1961,62.3,0
1189,1961,60.8,1
1190,1961,71.9,1
1191,1961,58.3,1
1192,1961,60,1
1193,1961,42.1,1
1194,1961,57.5,1
1195,1961,63.7,1
1196,1961,56.8,1
1197,1961,66,0
1198,1961,53,0
1199,1961,48.1,1
1200,1961,62.5,1
1201,1961,67,1
1202,1961,63.5,1
1203,1961,68,1
1204,1961,57.8,1
1205,1961,64.8,0
1206,1961,77.5,1
1207,1961,61.5,1
1208,1961,85.5,0
1209,1961,60.5,1
1210,1961,64,1
1211,1961,59.3,0
1212,1961,60,0
1213,1961,42.9,0
1214,1961,46.5,1
1215,1961,45.3,1
1216,1961,49.5,1
1217,1961,45.8,0
1218,1961,40,0
1219,1961,51.5,1
1220,1961,41,1
1221,1961,42.9,0
1222,1961,43.7,1
1223,1961,34,0
1224,1961,25.6,0
1225,1961,39.2,0
1226,1961,67,1
1227,1961,64.4,0
1228,1961,39.2,0
1229,1961,51.2,0
1230,1961,45.3,1
1231,1961,67,1
1232,1961,62.8,1
1233,1961,62,0
1234,1961,34.8,0
1235,1961,43.3,0
1236,1961,42.9,0
1237,1961,58.5,0
1238,1961,41.8,0
1239,1961,73.6,1
1240,1961,42.4,0
1241,1961,41.8,1
1242,1961,37.8,0
1243,1961,39.1,0
1244,1961,44.3,0
1245,1961,44.7,0
1246,1961,41.2,1
1247,1961,42.5,0
1248,1961,49.8,1
1249,1961,38.7,1
1250,1961,49.3,1
1251,1961,39,1
1252,1961,38.7,1
1253,1961,34.2,1
1254,1961,46.5,0
1255,1961,42.6,0
1256,1961,28,0
1257,1961,36.8,0
1258,1961,43.6,1
1259,1961,40.2,0
1260,1961,45.8,0
1261,1961,44.5,1
1262,1961,41.8,1
1263,1961,29.3,0
1264,1961,46.4,1
1265,1961,42.6,1
1266,1961,45,1
1267,1961,42.3,1
1268,1961,45.7,1
1269,1961,56.2,0
1270,1961,44,1
1271,1961,48.5,0
1272,1961,45.4,1
1273,1961,48.3,0
1274,1961,47.5,0
1275,1961,44.4,0
1276,1961,59,0
1277,1961,47.5,0
1278,1961,27.5,0
1279,1961,47.2,1
1280,1961,38.1,1
1281,1961,40.7,1
1282,1961,38.8,0
1283,1961,34.7,0
1284,1961,36,0
1285,1961,43.5,0
1286,1961,39.8,1
1287,1961,52.6,0
1288,1961,44.8,0
1289,1961,41,1
1290,1961,49.7,1
1291,1962,33.6,0
1292,1962,48.3,0
1293,1962,48.5,0
1294,1962,40.4,0
1295,1962,38.8,0
1296,1962,39.5,0
1297,1962,43.2,0
1298,1962,59.8,1
1299,1962,43,1
1300,1962,38.6,1
1301,1962,43.3,1
1302,1962,34.6,0
1303,1962,61.8,1
1304,1962,60.8,1
1305,1962,72.5,1
1306,1962,62.5,1
1307,1962,59.9,1
1308,1962,59,1
1309,1962,61.9,0
1310,1962,53,1
1311,1962,64,1
1312,1962,60.4,1
1313,1962,59.5,1
1314,1962,59.8,1
1315,1962,58,1
1316,1962,57,1
1317,1962,66.5,1
1318,1962,61,1
1319,1962,58.2,0
1320,1962,61.5,1
1321,1962,60.3,1
1322,1962,72.6,0
1323,1962,62.1,0
1324,1962,57.5,1
1325,1962,61.7,0
1326,1962,56.3,1
1327,1962,62.8,1
1328,1962,67.5,1
1329,1962,69,1
1330,1962,64,1
1331,1962,65,1
1332,1962,68.5,0
1333,1962,61.8,1
1334,1962,58.6,0
1335,1962,67.5,1
1336,1962,64,1
1337,1962,70.5,1
1338,1962,68,1
1339,1962,66.8,1
1340,1962,65.4,1
1341,1962,58.2,1
1342,1962,61.2,1
1343,1962,60.7,0
1344,1962,69.9,1
1345,1962,64,1
1346,1962,64.6,1
1347,1962,61.3,1
1348,1962,64,0
1349,1962,56.8,0
1350,1962,70,1
1351,1962,64.3,1
1352,1962,82.8,0
1353,1962,80,1
1354,1962,61.5,1
1355,1962,63.5,1
1356,1962,63.5,1
1357,1962,61.5,1
1358,1962,57.7,0
1359,1962,74.4,1
1360,1962,67.2,0
1361,1962,60.2,1
1362,1962,62.7,1
1363,1962,64.5,1
1364,1962,62,0
1365,1962,63.7,1
1366,1962,63.7,1
1367,1962,61,1
1368,1962,64.5,0
1369,1962,72.8,1
1370,1962,64.5,1
1371,1962,58,1
1372,1962,61.3,1
1373,1962,58.5,1
1374,1962,74.8,1
1375,1962,76.5,1
1376,1962,71.5,1
1377,1962,69,1
1378,1962,59.5,1
1379,1962,64.5,1
1380,1962,73,0
1381,1962,61.8,1
1382,1962,61.6,1
1383,1962,59.8,1
1384,1962,68,1
1385,1962,70.5,1
1386,1962,72.7,1
1387,1962,65.5,1
1388,1962,62.6,1
1389,1962,65,1
1390,1962,60,1
1391,1962,66.7,1
1392,1962,63.5,1
1393,1962,67.4,1
1394,1962,68,1
1395,1962,59.4,1
1396,1962,61.8,1
1397,1962,60.5,0
1398,1962,67,1
1399,1962,63,1
1400,1962,62,1
1401,1962,72.5,1
1402,1962,65.5,1
1403,1962,67,1
1404,1962,58.1,1
1405,1962,56.5,1
1406,1962,62,1
1407,1962,57.7,0
1408,1962,76.7,0
1409,1962,67.3,1
1410,1962,64.5,1
1411,1962,58.3,0
1412,1962,61.8,1
1413,1962,90,1
1414,1962,61.5,1
1415,1962,60,0
1416,1962,74,1
1417,1962,64,1
1418,1962,75.8,1
1419,1962,53.5,0
1420,1962,85.5,1
1421,1962,39.5,0
1422,1962,44,1
1423,1962,50,1
1424,1962,50.3,0
1425,1962,49,0
1426,1962,42.5,0
1427,1962,42.6,0
1428,1962,45.2,0
1429,1962,36.5,0
1430,1962,46,0
1431,1962,42,0
1432,1962,54.2,1
1433,1962,55,0
1434,1962,53.5,1
1435,1962,42.5,1
1436,1962,55.3,1
1437,1962,46.5,0
1438,1962,47.5,1
1439,1962,54,1
1440,1962,56.8,0
1441,1962,51.2,1
1442,1962,56,1
1443,1962,44.5,1
1444,1962,47.2,0
1445,1962,41,0
1446,1962,45,1
1447,1962,34.5,0
1448,1962,49.8,1
1449,1962,46.5,1
1450,1962,54.3,1
1451,1962,40.5,1
1452,1962,45.8,1
1453,1962,47,0
1454,1962,51.7,1
1455,1962,40.8,1
1456,1962,51,1
1457,1962,55.8,1
1458,1962,51,0
1459,1962,45,0
1460,1962,42.3,0
1461,1962,38,0
1462,1962,42,1
1463,1962,48.5,0
1464,1962,48,1
1465,1962,46.6,1
1466,1962,46.8,0
1467,1962,43.5,0
1468,1962,41.5,0
1469,1962,42.3,0
1470,1962,47.5,1
1471,1962,47.3,1
1472,1962,46.3,1
1473,1962,54.7,1
1474,1962,40,0
1475,1962,56.5,0
1476,1962,39.5,1
1477,1962,46.6,1
1478,1962,49.5,0
1479,1962,54.2,1
1480,1962,50.3,1
1481,1962,65,1
1482,1962,76.8,1
1483,1962,39.2,0
1484,1962,42.2,1
1485,1962,42,1
1486,1962,46,1
1487,1962,53,1
1488,1962,50.2,0
1489,1962,50.8,1
1490,1962,37.8,1
1491,1962,53.3,1
1492,1962,41.5,1
1493,1962,60,1
1494,1962,36,0
1495,1962,54.5,0
1496,1962,54.3,0
1497,1962,77,1
1498,1962,54,1
1499,1962,60.2,0
1500,1962,59.7,1
1501,1962,84,1
1502,1963,57.3,1
1503,1963,53.4,0
1504,1963,68.7,0
1505,1963,49.4,1
1506,1963,45.3,1
1507,1963,46.4,1
1508,1963,57.5,1
1509,1963,52,1
1510,1963,52.6,1
1511,1963,62.2,0
1512,1963,64.5,1
1513,1963,55.2,1
1514,1963,60,0
1515,1963,61.2,1
1516,1963,60.7,1
1517,1963,63.2,1
1518,1963,64.8,1
1519,1963,61.2,1
1520,1963,56.4,1
1521,1963,66,1
1522,1963,60.5,0
1523,1963,57.7,0
1524,1963,66,0
1525,1963,61.4,1
1526,1963,59.5,1
1527,1963,63.5,1
1528,1963,55.4,1
1529,1963,66.5,1
1530,1963,64.2,1
1531,1963,65,1
1532,1963,59.5,0
1533,1963,62.1,1
1534,1963,66.6,1
1535,1963,61.5,0
1536,1963,64.7,1
1537,1963,61.9,1
1538,1963,66,1
1539,1963,65.1,1
1540,1963,72.5,1
1541,1963,66.6,1
1542,1963,84,0
1543,1963,60.3,1
1544,1963,61.4,1
1545,1963,63.3,1
1546,1963,62.9,1
1547,1963,64.6,1
1548,1963,59,1
1549,1963,59.8,1
1550,1963,63,1
1551,1963,70.2,1
1552,1963,54.9,0
1553,1963,62.5,1
1554,1963,58.1,1
1555,1963,62,1
1556,1963,60.7,1
1557,1963,60.2,1
1558,1963,58.8,1
1559,1963,61,1
1560,1963,57.4,1
1561,1963,59.4,1
1562,1963,61.4,1
1563,1963,64.6,1
1564,1963,63.4,1
1565,1963,64.4,1
1566,1963,59.5,1
1567,1963,62.2,0
1568,1963,60.5,1
1569,1963,61.5,1
1570,1963,61.4,1
1571,1963,60.5,1
1572,1963,61.5,1
1573,1963,59.8,1
1574,1963,60.5,1
1575,1963,61.5,1
1576,1963,67.7,1
1577,1963,66,1
1578,1963,58,1
1579,1963,64.7,1
1580,1963,58.1,1
1581,1963,77.5,1
1582,1963,56.7,0
1583,1963,61.2,1
1584,1963,62,1
1585,1963,81.8,1
1586,1963,57.6,1
1587,1963,70.5,1
1588,1963,67.7,1
1589,1963,61,1
1590,1963,72,1
1591,1963,61.4,1
1592,1963,60,1
1593,1963,59.2,1
1594,1963,65,1
1595,1963,66.9,0
1596,1963,57.7,1
1597,1963,56.5,1
1598,1963,59.5,1
1599,1963,58,1
1600,1963,65.7,1
1601,1963,64.5,1
1602,1963,72.5,1
1603,1963,70.8,0
1604,1963,57.4,1
1605,1963,51.1,0
1606,1963,45,1
1607,1963,51.7,1
1608,1963,53.1,1
1609,1963,43.8,0
1610,1963,50.8,1
1611,1963,52.5,1
1612,1963,47.3,1
1613,1963,54,0
1614,1963,50,1
1615,1963,39.8,1
1616,1963,49.3,0
1617,1963,46,1
1618,1963,54.5,1
1619,1963,46.1,1
1620,1963,55,0
1621,1963,48.6,1
1622,1963,56,1
1623,1963,58.2,1
1624,1963,53.5,1
1625,1963,44,1
1626,1963,53,1
1627,1963,53,1
1628,1963,42.8,1
1629,1963,46.2,1
1630,1963,53.6,1
1631,1963,50.2,1
1632,1963,63.9,1
1633,1963,61,1
1634,1963,60,1
1635,1963,41,0
1636,1963,65.5,1
1637,1963,63.4,1
1638,1963,59.5,1
1639,1964,51,1
1640,1964,33.5,0
1641,1964,33.5,1
1642,1964,26.3,0
1643,1964,20.2,0
1644,1964,41.3,0
1645,1964,15,0
1646,1964,15.2,0
1647,1964,60.4,1
1648,1964,76,1
1649,1964,58.5,1
1650,1964,61,1
1651,1964,67.3,1
1652,1964,64.2,0
1653,1964,58.7,1
1654,1964,62.3,1
1655,1964,62.8,1
1656,1964,63.1,0
1657,1964,61.5,1
1658,1964,61.4,1
1659,1964,61.4,0
1660,1964,61.2,1
1661,1964,60.7,1
1662,1964,64.4,1
1663,1964,62.8,1
1664,1964,62,1
1665,1964,57,1
1666,1964,50.4,1
1667,1964,59.2,1
1668,1964,59.2,1
1669,1964,59.2,1
1670,1964,70.3,1
1671,1964,83,0
1672,1964,64,1
1673,1964,61.5,0
1674,1964,63.5,1
1675,1964,63.2,1
1676,1964,61.8,1
1677,1964,100,1
1678,1964,33.8,1
1679,1964,38.3,0
1680,1964,52,0
1681,1964,37,0
1682,1964,39,1
1683,1964,38.8,0
1684,1964,35.8,0
1685,1964,54.8,1
1686,1964,64.5,1
1687,1964,52.4,1
1688,1964,59.5,1
1689,1964,63,1
1690,1964,36,0
1691,1964,52.3,0
1692,1964,53,1
1693,1964,47.5,1
1694,1964,36,0
1695,1964,48.1,1
1696,1964,51.4,1
1697,1964,48.2,0
1698,1964,43.3,1
1699,1964,44.2,0
1700,1964,46.9,1
1701,1964,60.3,1
1702,1964,45.6,1
1703,1964,51.7,1
1704,1964,44.4,1
1705,1964,47.7,0
1706,1964,46,0
1707,1964,42.7,0
1708,1964,61,1
1709,1964,63.5,1
1710,1964,60,1
1711,1964,56.5,0
1712,1964,64,1
1713,1964,58.8,0
1714,1964,62,1
1715,1964,60.8,1
1716,1964,61.5,1
1717,1965,60.5,1
1718,1965,56.6,1
1719,1965,50.4,1
1720,1965,46.8,1
1721,1965,47.5,1
1722,1965,55.6,1
1723,1965,45.8,1
1724,1965,39.4,0
1725,1965,51.1,1
1726,1965,35.3,0
1727,1965,54.9,1
1728,1965,36.3,0
1729,1965,41,0
1730,1965,33.8,0
1731,1965,39.6,0
1732,1965,39.1,0
1733,1965,50.8,1
1734,1965,45.1,0
1735,1965,50,1
1736,1965,38.2,0
1737,1965,63.5,1
1738,1965,47.7,1
1739,1965,58.4,0
1740,1965,77.5,0
1741,1965,80,1
1742,1965,58.3,1
1743,1965,61.5,1
1744,1965,45.5,1
1745,1965,59.5,1
1746,1965,35.8,0
1747,1965,60.3,1
1748,1965,48,1
1749,1965,63.2,1
1750,1965,67.5,1
1751,1965,43.5,0
1752,1965,34,0
1753,1965,50,1
1754,1965,57.3,0
1755,1965,59.3,1
1756,1965,56.5,1
1757,1965,63.5,1
1758,1965,62.3,1
1759,1965,58.1,1
1760,1965,63.5,1
1761,1965,58.4,1
1762,1965,67.3,1
1763,1965,56.8,1
1764,1965,64.3,1
1765,1965,63.5,1
1766,1966,37.6,1
1767,1966,51.5,1
1768,1966,42.1,0
1769,1966,49.5,1
1770,1966,38.7,0
1771,1966,36.3,1
1772,1966,39,1
1773,1966,37.5,1
1774,1966,52.3,1
1775,1966,65.5,1
1776,1966,61,1
1777,1966,55.8,1
1778,1966,60.2,1
1779,1966,62.9,0
1780,1966,58.6,1
1781,1966,63.5,1
1782,1966,65.2,1
1783,1966,57.3,1
1784,1966,74.5,1
1785,1966,46.6,1
1786,1966,55,1
1787,1966,64.1,1
1788,1966,74,1
1789,1966,69.6,1
1790,1966,60.6,1
1791,1966,49.3,0
1792,1966,65,0
1793,1966,58,1
1794,1966,54.3,1
1795,1966,62.2,1
1796,1966,60.2,0
1797,1966,65.5,1
1798,1966,63.4,0
1799,1966,45,0
1800,1966,74.5,1
1801,1966,56.1,1
1802,1966,64,0
1803,1966,55.9,0
1804,1966,62.2,1
1805,1966,57,1
1806,1966,90.7,0
1807,1966,63.7,1
1808,1966,58.3,1
1809,1966,71,0
1810,1966,61,1
1811,1966,62.1,1
1812,1966,70,0
1813,1966,65.5,1
1814,1966,72.5,1
1815,1966,56.8,1
1816,1966,58.7,1
1817,1966,38.9,0
1818,1966,53,1
1819,1966,54.1,1
1820,1966,53.8,1
1821,1966,48.8,1
1822,1966,44.3,0
1823,1966,39.4,0
1824,1966,33.5,1
1825,1966,37.5,0
1826,1966,35.2,0
1827,1966,34.1,0
1828,1966,62.8,0
1829,1966,88.7,1
1830,1966,44.7,1
1831,1966,35.2,0
1832,1966,39.7,0
1833,1966,48.9,1
1834,1966,52.4,1
1835,1966,31.5,0
1836,1966,33.8,0
1837,1966,34.5,0
1838,1966,41.2,0
1839,1966,58.4,1
1840,1966,56.2,0
1841,1966,38.3,0
1842,1966,41.5,0
1843,1966,70.8,1
1844,1966,58.6,1
1845,1966,27.6,0
1846,1966,24.2,0
1847,1966,30.4,0
1848,1966,58.9,1
1849,1966,29.6,0
1850,1966,25.8,0
1851,1966,23.4,0
1852,1966,22.6,1
1853,1966,40.1,0
1854,1966,44,1
1855,1966,44.7,1
1856,1966,46.8,1
1857,1966,44.5,0
1858,1966,52.5,0
1859,1966,48,0
1860,1966,62.2,1
1861,1966,55.7,1
1862,1966,51.8,1
1863,1967,52,1
1864,1967,45.6,1
1865,1967,42.1,0
1866,1967,43.3,0
1867,1967,34.9,0
1868,1967,36.3,0
1869,1967,52.3,1
1870,1967,38.5,0
1871,1967,43.1,1
1872,1967,35.2,0
1873,1967,45.3,0
1874,1967,51,1
1875,1967,34.5,0
1876,1967,31.1,0
1877,1967,43.5,1
1878,1967,40.8,0
1879,1967,52.2,1
1880,1967,50.8,1
1881,1967,36.3,0
1882,1967,34.1,0
1883,1967,35.7,0
1884,1967,55.5,0
1885,1967,33.3,0
1886,1967,58.1,1
1887,1967,57.1,1
1888,1967,51.1,1
1889,1967,38.8,0
1890,1967,52.7,1
1891,1967,46.9,0
1892,1967,32.3,0
1893,1967,38.3,1
1894,1967,53,0
1895,1967,58.9,1
1896,1967,47.4,0
1897,1967,38.2,0
1898,1967,33.5,0
1899,1967,33.4,0
1900,1967,52.9,1
1901,1967,51.5,0
1902,1967,32.7,0
1903,1967,37.3,0
1904,1967,64,1
1905,1967,62.8,0
1906,1967,62.1,1
1907,1967,59.2,1
1908,1967,46.1,0
1909,1967,66.4,1
1910,1967,59.1,1
1911,1967,61.4,1
1912,1967,64.7,1
1913,1967,45.8,0
1914,1967,74,1
1915,1967,56,1
1916,1967,63,1
1917,1967,62,1
1918,1967,58.7,1
1919,1967,45.3,1
1920,1967,43.3,0
1921,1967,69,0
1922,1967,63.5,0
1923,1967,58.1,1
1924,1967,64.7,0
1925,1967,47.1,0
1926,1967,65,1
1927,1967,59.9,1
1928,1967,90.2,0
1929,1967,55.5,1
1930,1967,67.4,0
1931,1967,63.4,1
1932,1967,58.5,1
1933,1967,62.2,0
1934,1967,58.9,1
1935,1967,66.5,1
1936,1967,34,1
1937,1967,39.5,0
1938,1967,40,1
1939,1967,61.3,0
1940,1967,60,1
1941,1967,74.2,0
1942,1967,63.5,1
1943,1967,38.6,0
1944,1967,55.8,1
1945,1967,99,0
1946,1967,58.6,1
1947,1967,42,0
1948,1967,40.3,0
1949,1967,62,1
1950,1967,60.1,1
1951,1967,61.4,1
1952,1967,38.8,0
1953,1967,48.7,1
1954,1967,71,1
1955,1967,81.3,1
1956,1967,67.2,1
1957,1967,73.3,1
1958,1967,62,0
1959,1967,45.2,0
1960,1967,42.8,0
1961,1967,36.2,0
1962,1967,59.7,1
1963,1967,32.8,0
1964,1967,61.4,1
1965,1967,69,1
1966,1967,75,0
1967,1967,38.2,1
1968,1967,47.3,0
1969,1967,60.9,1
1970,1967,56.3,1
1971,1967,78.3,1
1972,1967,71.5,1
1973,1967,40.5,1
1974,1967,48,0
1975,1967,46.4,1
1976,1967,35.3,0
1977,1967,42.5,0
1978,1967,49.2,0
1979,1967,53.8,0
1980,1967,49,1
1981,1967,46.7,0
1982,1967,42.3,1
1983,1967,46.7,1
1984,1967,40.7,1
1985,1967,41,1
1986,1967,45.3,1
1987,1967,48,1
1988,1967,48.2,1
1989,1967,46.5,0
1990,1967,41.6,0
1991,1967,33.6,0
1992,1967,39.3,0
1993,1967,38.1,0
1994,1967,63.7,0
1995,1967,49.7,1
1996,1967,42.3,0
1997,1967,49.3,1
1998,1967,51.8,1
1999,1967,55.1,1
2000,1967,49.6,0
2001,1967,56,1
2002,1967,46.7,1
2003,1967,51.5,0
2004,1967,51.5,1
2005,1967,37.8,0
2006,1967,57.7,1
2007,1967,65,1
2008,1967,48.6,1
2009,1967,55.6,0
2010,1967,45.4,0
2011,1967,51.8,1
2012,1967,41.1,1
2013,1967,33.5,0
2014,1967,48,0
2015,1967,45,0
2016,1967,35.8,0
2017,1967,41.6,0
2018,1967,41.5,0
2019,1967,35.5,0
2020,1967,38.7,1
2021,1967,34.1,0
2022,1967,31.7,0
2023,1967,50.5,1
2024,1967,38.1,0
2025,1967,37,1
2026,1967,38.3,0
2027,1967,47,1
2028,1967,34,0
2029,1967,35.2,1
2030,1967,51,0
2031,1967,42.5,1
2032,1967,53.7,1
2033,1967,61.3,1
2034,1967,62.9,1
2035,1967,55.1,1
2036,1967,43.6,0
2037,1967,60.1,1
2038,1967,40.8,0
2039,1967,38,0
2040,1967,39,0
2041,1967,46.2,1
2042,1967,32.8,0
2043,1967,42,1
2044,1967,51.9,1
2045,1967,49.8,0
2046,1967,48.6,1
2047,1967,52.3,1
2048,1967,65.2,1
2049,1967,39.7,1
2050,1967,52.6,1
2051,1967,46.2,1
2052,1967,32.7,0
2053,1967,44.7,0
2054,1967,58.8,0
2055,1967,32.3,0
2056,1967,40.6,1
2057,1967,53,1
2058,1967,44.2,1
2059,1967,33,0
2060,1967,36,0
2061,1967,44.8,0
2062,1967,66.3,1
2063,1967,34.3,0
2064,1967,33.2,0
2065,1967,40.2,0
2066,1967,25.8,0
2067,1967,43.8,0
2068,1967,52.2,0
2069,1967,45.6,1
2070,1967,36.3,0
2071,1967,35.5,0
2072,1967,57.9,1
2073,1967,30.7,0
2074,1967,28.7,0
2075,1967,27,0
2076,1967,44.7,0
2077,1967,74.8,1
2078,1967,57.6,1
2079,1967,67,1
2080,1967,61.2,0
2081,1967,61.2,1
2082,1967,78,1
2083,1967,57.5,1
2084,1967,64.1,1
2085,1967,65.5,1
2086,1967,62.6,1
2087,1968,39,0
2088,1968,56.1,0
2089,1968,39.1,0
2090,1968,51,0
2091,1968,40.9,0
2092,1968,47.2,1
2093,1968,43,0
2094,1968,48.2,1
2095,1968,50.8,1
2096,1968,55.8,0
2097,1968,52.2,1
2098,1968,43.6,1
2099,1968,48.8,1
2100,1968,41.2,0
2101,1968,48.4,1
2102,1968,43.5,1
2103,1968,41.1,0
2104,1968,51.8,0
2105,1968,55.7,1
2106,1968,48.5,1
2107,1968,58.7,0
2108,1968,48,1
2109,1968,40.5,1
2110,1968,64.2,1
2111,1968,52.2,1
2112,1968,53.4,1
2113,1968,55.8,1
2114,1968,41.9,0
2115,1968,51.9,0
2116,1968,48.5,1
2117,1968,54.5,1
2118,1968,54.6,1
2119,1968,53.5,1
2120,1968,43.9,1
2121,1968,41.8,0
2122,1968,40.5,0
2123,1968,60,1
2124,1968,41,0
2125,1968,56.6,1
2126,1968,56.5,1
2127,1968,40.1,0
2128,1968,63.8,0
2129,1968,54.5,1
2130,1968,40.3,1
2131,1968,51.6,1
2132,1968,47.8,1
2133,1968,48.5,1
2134,1968,50,1
2135,1968,38,0
2136,1968,44.3,1
2137,1968,46.3,1
2138,1968,41.8,0
2139,1968,43,0
2140,1968,39.6,0
2141,1968,50.2,1
2142,1968,30.3,0
2143,1968,65,1
2144,1968,41.1,0
2145,1968,48.7,0
2146,1968,42.4,0
2147,1968,46.4,1
2148,1968,39.8,0
2149,1968,38.3,0
2150,1968,29.5,0
2151,1968,26.9,0
2152,1968,22,0
2153,1968,42,0
2154,1968,39.5,0
2155,1968,62.5,1
2156,1968,43.5,1
2157,1968,46,0
2158,1968,39.2,0
2159,1968,37.3,0
2160,1968,40.2,0
2161,1968,42.8,1
2162,1968,42.2,1
2163,1968,53,0
2164,1968,50.5,1
2165,1968,40.3,1
2166,1968,21,0
2167,1968,48.3,0
2168,1968,53.7,0
2169,1968,42.6,0
2170,1968,36,0
2171,1968,56.3,1
2172,1968,50.6,0
2173,1968,45,1
2174,1968,46,0
2175,1968,57.3,1
2176,1968,58.5,0
2177,1968,46.8,1
2178,1968,44.5,1
2179,1968,45.6,1
2180,1968,43.1,1
2181,1968,43.5,0
2182,1968,40.1,0
2183,1968,53.4,1
2184,1968,37.4,1
2185,1968,44,0
2186,1968,60,1
2187,1968,60.6,1
2188,1968,41.5,1
2189,1968,48.3,1
2190,1968,42,0
2191,1968,55.5,1
2192,1968,53.5,1
2193,1968,37.8,0
2194,1968,44.2,0
2195,1968,42.3,0
2196,1968,44.7,1
2197,1968,55.8,1
2198,1968,46.8,0
2199,1968,48.8,1
2200,1968,42,1
2201,1968,38.2,0
2202,1968,42,0
2203,1968,47.6,0
2204,1968,60.2,1
2205,1968,46.2,1
2206,1968,48,0
2207,1968,50,0
2208,1968,42.6,1
2209,1968,58,1
2210,1968,51.3,1
2211,1968,50.3,1
2212,1968,59.8,1
2213,1968,46.4,1
2214,1968,48.5,1
2215,1968,47.9,1
2216,1968,39.3,0
2217,1968,54,0
2218,1968,45.5,0
2219,1968,45,0
2220,1968,47.2,0
2221,1968,45.7,0
2222,1968,37.3,0
2223,1968,43.2,0
2224,1968,61.2,1
2225,1968,50.2,1
2226,1968,49.5,1
2227,1968,59.8,0
2228,1968,52.3,1
2229,1968,50.2,1
2230,1968,47.2,1
2231,1968,37.8,0
2232,1968,47.8,1
2233,1968,57.3,1
2234,1968,62,1
2235,1968,58,1
2236,1968,52.1,1
2237,1968,53.4,0
2238,1968,53.7,0
2239,1968,40.1,0
2240,1968,41.7,0
2241,1968,48.4,1
2242,1968,55.3,0
2243,1968,46.5,0
2244,1968,40.4,0
2245,1968,63.9,1
2246,1968,62.3,0
2247,1968,45.5,0
2248,1968,42,0
2249,1968,53.5,1
2250,1968,46.7,1
2251,1968,48.5,1
2252,1968,44,0
2253,1968,60,1
2254,1968,51.1,0
2255,1968,50.2,1
2256,1968,46.1,0
2257,1968,42.3,1
2258,1968,56.9,1
2259,1968,38.5,0
2260,1968,48.2,0
2261,1968,52.9,1
2262,1968,44.8,1
2263,1968,40.8,0
2264,1968,53,1
2265,1968,51.5,1
2266,1968,49.8,0
2267,1968,41.7,1
2268,1968,45.4,1
2269,1968,45.1,0
2270,1968,43.9,0
2271,1968,42,0
2272,1968,89.9,1
2273,1968,41.2,0
2274,1968,46.5,0
2275,1968,50.7,0
2276,1968,60.1,1
2277,1968,56,1
2278,1968,45,0
2279,1968,52.5,1
2280,1968,41.9,0
2281,1968,44.6,0
2282,1968,40.7,0
2283,1968,46,0
2284,1968,47.2,0
2285,1968,42.6,0
2286,1968,38.4,0
2287,1968,50.5,0
2288,1968,45.6,1
2289,1968,48.5,0
2290,1968,54.8,0
2291,1968,50.2,1
2292,1968,50.8,1
2293,1968,50.3,1
2294,1968,48,1
2295,1968,47.5,0
2296,1968,42.9,0
2297,1968,54,1
2298,1968,42.8,1
2299,1968,42.3,0
2300,1968,41.2,0
2301,1968,50,1
2302,1968,81.4,1
2303,1968,54,1
2304,1968,37.5,0
2305,1968,45.4,1
2306,1968,45.5,0
2307,1968,39,0
2308,1968,51.5,1
2309,1968,44.8,0
2310,1968,54,0
2311,1968,44.7,0
2312,1968,49.5,0
2313,1968,59,1
2314,1968,40.2,0
2315,1968,56.2,0
2316,1968,48.3,0
2317,1968,53.8,1
2318,1968,42.5,0
2319,1968,39.4,0
2320,1968,58.3,1
2321,1968,42.7,1
2322,1968,40.4,0
2323,1968,43.8,1
2324,1968,57.2,1
2325,1968,44.8,0
2326,1968,42,0
2327,1968,50.7,1
2328,1968,57.7,1
2329,1968,59.6,1
2330,1968,45,1
2331,1968,52.1,1
2332,1968,59.1,1
2333,1968,60.7,1
2334,1968,59.6,1
2335,1968,63.5,0
2336,1968,55.7,1
2337,1968,41.5,1
2338,1968,39.7,1
2339,1968,41.3,0
2340,1968,55.1,1
2341,1968,43,1
2342,1968,65.7,1
2343,1968,65.7,1
2344,1968,48.5,0
2345,1968,56.2,0
2346,1968,41.4,0
2347,1968,39,0
2348,1968,41.8,1
2349,1968,46.6,1
2350,1968,42.9,0
2351,1968,46.7,0
2352,1968,44.2,1
2353,1968,44.2,1
2354,1968,33,0
2355,1968,44.5,0
2356,1968,36.3,0
2357,1968,30.3,0
2358,1968,58.2,1
2359,1968,51,1
2360,1968,38,0
2361,1968,43.2,0
2362,1968,42,1
2363,1968,46,0
2364,1968,41,0
2365,1968,39.5,1
2366,1968,40.8,0
2367,1968,41.9,1
2368,1968,27.3,0
2369,1968,46.3,1
2370,1969,44.7,1
2371,1969,51.4,1
2372,1969,72.2,0
2373,1969,46.2,1
2374,1969,54.7,1
2375,1969,47.1,1
2376,1969,39.6,0
2377,1969,40.3,0
2378,1969,50.5,0
2379,1969,41,1
2380,1969,53.3,0
2381,1969,40.8,0
2382,1969,39.6,0
2383,1969,57,1
2384,1969,54.2,1
2385,1969,40.4,1
2386,1969,45.1,1
2387,1969,100,1
2388,1969,51.6,1
2389,1969,51.5,0
2390,1969,53.5,1
2391,1969,39.9,0
2392,1969,53.3,0
2393,1969,40.7,0
2394,1969,39.7,0
2395,1969,53,1
2396,1969,39.1,1
2397,1969,59.5,1
2398,1969,44,1
2399,1969,48.2,1
2400,1969,52,1
2401,1969,57.2,1
2402,1969,44.8,0
2403,1969,38.8,0
2404,1969,44,0
2405,1969,49,1
2406,1969,46.9,0
2407,1969,60.8,1
2408,1969,75.3,0
2409,1969,65.6,1
2410,1969,62,1
2411,1969,50.5,1
2412,1969,46,1
2413,1969,46.6,0
2414,1969,50,1
2415,1969,56.7,1
2416,1969,52,0
2417,1969,52,1
2418,1969,49,0
2419,1969,40.7,1
2420,1969,43.5,0
2421,1969,58.6,1
2422,1969,57.8,0
2423,1969,52.2,1
2424,1969,43.6,1
2425,1969,54.8,0
2426,1969,43.2,0
2427,1969,52.2,0
2428,1969,42.7,1
2429,1969,40.5,1
2430,1969,54.3,1
2431,1969,58,1
2432,1969,38,0
2433,1969,56,0
2434,1969,43.6,1
2435,1969,42.6,1
2436,1969,52.5,1
2437,1969,47,1
2438,1969,43.8,0
2439,1969,44.9,0
2440,1969,62.2,0
2441,1969,45.5,1
2442,1969,43.8,0
2443,1969,50,0
2444,1969,41.5,1
2445,1969,49.1,1
2446,1969,44.8,0
2447,1969,46.5,1
2448,1969,57.5,0
2449,1969,42,0
2450,1969,43.7,1
2451,1969,43.8,0
2452,1969,38.8,0
2453,1969,41.8,0
2454,1969,47.6,1
2455,1969,45,1
2456,1969,41,1
2457,1969,55,0
2458,1969,61.5,1
2459,1969,60,1
2460,1969,44.6,1
2461,1969,43.8,1
2462,1969,62.9,1
2463,1969,50.6,1
2464,1969,53,0
2465,1969,49.1,1
2466,1969,58.7,1
2467,1969,47.8,1
2468,1969,42.1,1
2469,1969,53,1
2470,1969,55.2,1
2471,1969,64,1
2472,1969,42.7,0
2473,1969,43.3,0
2474,1969,37,1
2475,1969,60.2,1
2476,1969,52.2,1
2477,1969,49.2,0
2478,1969,48.5,0
2479,1969,56.8,1
2480,1969,42.6,1
2481,1969,38,0
2482,1969,43,1
2483,1969,52.7,1
2484,1969,54.3,0
2485,1969,43.4,0
2486,1969,50.2,1
2487,1969,45.4,1
2488,1969,50.8,1
2489,1969,53.8,1
2490,1969,50.7,1
2491,1969,46.3,1
2492,1969,54.2,0
2493,1969,46.9,0
2494,1969,49.9,1
2495,1969,43.5,0
2496,1969,42.2,1
2497,1969,50.9,1
2498,1969,54.3,1
2499,1969,43.5,0
2500,1969,63.2,0
2501,1969,39.6,1
2502,1969,51.2,1
2503,1969,47.5,1
2504,1969,53.7,1
2505,1969,48,1
2506,1969,47.2,1
2507,1969,44.2,0
2508,1969,54.3,1
2509,1969,39.6,1
2510,1969,42,1
2511,1969,51.1,1
2512,1969,40.6,1
2513,1969,41.1,1
2514,1969,53.5,0
2515,1969,51.2,1
2516,1969,46,0
2517,1969,49.2,1
2518,1969,64.6,1
2519,1969,57.8,0
2520,1969,49.7,1
2521,1969,49,0
2522,1969,60.6,1
2523,1969,42.4,0
2524,1969,41.9,0
2525,1969,48,1
2526,1969,58.5,1
2527,1969,53.1,1
2528,1969,41,1
2529,1969,51.8,1
2530,1969,52.3,1
2531,1969,51,1
2532,1969,55,0
2533,1969,45,1
2534,1969,51.7,1
2535,1969,48.8,1
2536,1969,47.7,1
2537,1969,44.3,0
2538,1969,42.8,0
2539,1969,44.7,1
2540,1969,41.7,0
2541,1969,52.9,1
2542,1969,47.7,0
2543,1969,99,1
2544,1969,55.7,1
2545,1969,46,1
2546,1969,52,0
2547,1969,48.8,1
2548,1969,51.9,1
2549,1969,46.8,1
2550,1969,40.7,1
2551,1969,45.9,1
2552,1969,56.2,1
2553,1969,52.2,0
2554,1969,58.1,1
2555,1969,39.4,1
2556,1969,43,1
2557,1969,51.5,1
2558,1969,54.8,1
2559,1969,44,0
2560,1969,51,0
2561,1969,43,1
2562,1969,42.5,1
2563,1969,39.3,1
2564,1969,45,0
2565,1969,45.1,0
2566,1969,50.7,0
2567,1969,38.1,0
2568,1969,44.4,0
2569,1969,46.8,1
2570,1969,55.8,1
2571,1969,44.3,1
2572,1969,53.2,1
2573,1969,40.6,1
2574,1969,45.8,1
2575,1969,58.5,1
2576,1969,44,1
2577,1969,39.9,0
2578,1969,54.3,1
2579,1969,38.3,0
2580,1969,41,0
2581,1969,43,0
2582,1969,39,1
2583,1970,57,0
2584,1970,56.2,1
2585,1970,42,1
2586,1970,52.6,1
2587,1970,44,0
2588,1970,46.1,1
2589,1970,43.2,0
2590,1970,45,0
2591,1970,48,1
2592,1970,44,0
2593,1970,96.5,0
2594,1970,42.7,0
2595,1970,45.8,1
2596,1970,43.4,1
2597,1970,45.2,1
2598,1970,38.4,0
2599,1970,54.8,1
2600,1970,44,0
2601,1970,43.6,1
2602,1970,43.6,1
2603,1970,42.1,0
2604,1970,40.2,0
2605,1970,40.3,1
2606,1970,45,1
2607,1970,48.8,0
2608,1970,56.3,1
2609,1970,54,1
2610,1970,49.9,0
2611,1970,51.7,1
2612,1970,57.4,1
2613,1970,41,1
2614,1970,44.5,1
2615,1970,35.5,1
2616,1970,50.3,0
2617,1970,40.6,1
2618,1970,34.1,0
2619,1970,39.5,1
2620,1970,44.2,1
2621,1970,53.1,0
2622,1970,51.3,0
2623,1970,51.9,0
2624,1970,42.8,1
2625,1970,50,1
2626,1970,72,1
2627,1970,59.6,0
2628,1970,62.7,1
2629,1970,48.6,1
2630,1970,61.5,1
2631,1970,54.6,1
2632,1970,58.9,0
2633,1970,57,0
2634,1970,55,1
2635,1970,56.2,1
2636,1970,48.2,1
2637,1970,52.5,1
2638,1970,56.5,1
2639,1970,50.7,0
2640,1970,55.7,1
2641,1970,58,1
2642,1970,47.1,1
2643,1970,40.3,0
2644,1970,41.6,0
2645,1970,49.8,0
2646,1970,55.4,1
2647,1970,49,0
2648,1970,47.5,1
2649,1970,44.8,0
2650,1970,45.4,1
2651,1970,44.6,0
2652,1970,59.3,1
2653,1970,59.5,0
2654,1970,61,1
2655,1970,63,1
2656,1970,61.2,1
2657,1970,55.7,0
2658,1970,55.1,1
2659,1970,41.5,1
2660,1970,50.4,1
2661,1970,60.1,1
2662,1970,53.3,1
2663,1970,55.3,0
2664,1970,50,0
2665,1970,59,0
2666,1970,52.2,0
2667,1970,52,0
2668,1970,40,0
2669,1970,41.7,1
2670,1970,61.5,1
2671,1970,45.5,1
2672,1970,55.3,1
2673,1970,61.2,1
2674,1970,52,1
2675,1970,54.1,1
2676,1970,56.5,1
2677,1970,43.8,1
2678,1970,47.3,1
2679,1970,63.2,1
2680,1970,44,0
2681,1970,57.7,0
2682,1970,57.4,0
2683,1970,48.5,1
2684,1970,43.2,0
2685,1970,46.7,1
2686,1970,67,1
2687,1970,49.5,1
2688,1970,61.1,1
2689,1970,47.9,1
2690,1970,53.7,1
2691,1970,44.1,1
2692,1970,56.1,1
2693,1970,54.3,0
2694,1970,44,0
2695,1970,47.5,1
2696,1970,42.5,0
2697,1970,42,0
2698,1970,44.8,1
2699,1970,45.7,0
2700,1970,54.3,1
2701,1970,62.2,0
2702,1970,48,1
2703,1970,43.7,0
2704,1970,47.5,0
2705,1970,43.8,1
2706,1970,57.3,1
2707,1970,47,1
2708,1970,71,0
2709,1970,46.7,0
2710,1970,48,1
2711,1970,58,0
2712,1970,59.2,1
2713,1970,45.8,1
2714,1970,45.7,1
2715,1970,40.8,0
2716,1970,48,1
2717,1970,53,1
2718,1970,51.5,1
2719,1970,48.5,1
2720,1970,41.5,1
2721,1970,53.6,1
2722,1970,43.6,0
2723,1970,52.5,1
2724,1970,44.6,0
2725,1970,48.7,1
2726,1970,52.8,1
2727,1970,44,0
2728,1970,40.3,0
2729,1970,47.8,1
2730,1970,51.2,1
2731,1970,47.7,0
2732,1970,46,1
2733,1970,46.5,1
2734,1970,46.7,1
2735,1970,45.4,1
2736,1970,45.7,0
2737,1970,43.8,1
2738,1970,45.9,1
2739,1970,42,1
2740,1970,41.5,1
2741,1970,40.2,0
2742,1970,39.9,0
2743,1970,53.7,1
2744,1970,46,1
2745,1970,45,0
2746,1970,60.2,1
2747,1970,54.3,1
2748,1970,43.7,0
2749,1970,44,0
2750,1970,43.5,0
2751,1970,44.4,1
2752,1970,48,0
2753,1970,44.2,0
2754,1970,44,1
2755,1970,44.6,1
2756,1970,43,0
2757,1970,49,1
2758,1970,44.7,1
2759,1970,45.5,1
2760,1970,64.2,1
2761,1970,40.5,1
2762,1970,45.5,0
2763,1970,60.5,1
2764,1970,59,1
2765,1970,42.8,1
2766,1970,46.9,1
2767,1970,56,1
2768,1970,41.4,0
2769,1970,56.1,1
2770,1970,49.2,1
2771,1970,48.2,1
2772,1970,47.2,1
2773,1970,42,1
2774,1970,49.2,0
2775,1970,47.8,1
2776,1970,53,1
2777,1970,40.8,1
2778,1970,56.7,0
2779,1970,52,0
2780,1970,60.5,1
2781,1970,64.7,0
2782,1970,74.3,1
2783,1970,41.7,0
2784,1970,45.4,1
2785,1970,40.8,1
2786,1970,41.7,1
2787,1970,39.7,0
2788,1970,56.4,1
2789,1970,43.2,1
2790,1970,45.9,0
2791,1970,44.6,0
2792,1970,48.2,1
2793,1970,44.1,1
2794,1970,44,0
2795,1970,44,0
2796,1970,41,0
2797,1970,40.2,1
2798,1970,41.5,1
2799,1970,39.7,1
2800,1970,60.5,0
2801,1970,61.5,1
2802,1970,46,0
2803,1970,46.2,1
2804,1970,52.2,1
2805,1970,43.1,0
2806,1970,44.4,1
2807,1970,47.7,0
2808,1970,46.2,1
2809,1970,67.4,1
2810,1970,42.9,1
2811,1970,44.2,0
2812,1970,42,0
2813,1970,57.1,0
2814,1970,60.2,1
2815,1970,55.5,1
2816,1970,36.7,1
2817,1970,41.8,1
2818,1970,41,1
2819,1970,46,1
2820,1970,42.8,1
2821,1970,52.4,1
2822,1970,59.2,1
2823,1970,47.1,0
2824,1970,45.3,1
2825,1970,64.8,1
2826,1971,57.2,0
2827,1971,54,0
2828,1971,66.5,1
2829,1971,62.2,1
2830,1971,43.1,0
2831,1971,57,1
2832,1971,53.9,1
2833,1971,64.5,1
2834,1971,46.6,1
2835,1971,62,1
2836,1971,105,1
2837,1971,62,1
2838,1971,49.8,0
2839,1971,54,1
2840,1971,52.6,0
2841,1971,54.1,1
2842,1971,52.8,1
2843,1971,44.5,0
2844,1971,58.5,0
2845,1971,58.3,1
2846,1971,57.5,1
2847,1971,44,1
2848,1971,70.7,1
2849,1971,55.4,1
2850,1971,55.1,1
2851,1971,43.2,0
2852,1971,42.3,0
2853,1971,41.2,0
2854,1971,63,1
2855,1971,40,0
2856,1971,49.5,0
2857,1971,39.6,0
2858,1971,57,1
2859,1971,60.3,1
2860,1971,41.2,1
2861,1971,55.5,1
2862,1971,57.9,1
2863,1971,45.2,1
2864,1971,42.2,0
2865,1971,61,1
2866,1971,61,1
2867,1971,50.8,0
2868,1971,58.7,1
2869,1971,42.1,1
2870,1971,48,1
2871,1971,43.3,0
2872,1971,44.2,1
2873,1971,51.4,0
2874,1971,44,0
2875,1971,59,1
2876,1971,59,1
2877,1971,52.3,1
2878,1971,51.5,1
2879,1971,48.2,1
2880,1971,43,1
2881,1971,54.6,1
2882,1971,79,1
2883,1971,45.8,1
2884,1971,46,1
2885,1971,43.9,0
2886,1971,66,1
2887,1971,44.5,0
2888,1971,55.8,1
2889,1971,61,1
2890,1971,59.8,1
2891,1971,56.1,1
2892,1971,58.5,1
2893,1971,51.6,0
2894,1971,70.5,0
2895,1971,53.2,1
2896,1971,58.8,1
2897,1971,52.2,1
2898,1971,53.1,1
2899,1971,55.2,1
2900,1971,54.8,1
2901,1971,62.7,0
2902,1971,55.6,0
2903,1971,59.6,1
2904,1971,79,1
2905,1971,82.5,1
2906,1971,56,1
2907,1971,67.3,1
2908,1971,49.3,1
2909,1971,67.2,1
2910,1971,67.5,0
2911,1971,60.5,1
2912,1971,59,0
2913,1971,70.3,1
2914,1971,63.8,0
2915,1971,62.3,1
2916,1971,42.5,1
2917,1971,62.7,1
2918,1971,57.5,0
2919,1971,42.1,0
2920,1971,58.5,1
2921,1971,40,0
2922,1971,57.7,1
2923,1971,49.2,0
2924,1971,46.2,0
2925,1971,66.8,1
2926,1971,46.6,0
2927,1971,51,1
2928,1971,45.4,0
2929,1971,56,1
2930,1971,47,0
2931,1971,43,0
2932,1971,54.3,1
2933,1971,54,1
2934,1971,59.5,1
2935,1971,44.4,0
2936,1971,57.5,1
2937,1971,42,0
2938,1971,56.6,1
2939,1971,60.5,1
2940,1971,50.9,1
2941,1971,48.7,1
2942,1971,53.6,1
2943,1971,54,1
2944,1971,66.1,1
2945,1971,60,0
2946,1971,60,1
2947,1971,51.5,1
2948,1971,42,0
2949,1971,59.2,1
2950,1971,59.1,1
2951,1971,62,1
2952,1971,64,1
2953,1971,59.6,1
2954,1971,54.2,1
2955,1971,70.1,1
2956,1971,57,1
2957,1971,47.8,0
2958,1971,60.4,1
2959,1971,41.9,0
2960,1971,42,1
2961,1971,46.9,1
2962,1971,72.3,1
2963,1971,58,1
2964,1971,57.6,1
2965,1971,71,0
2966,1971,68.5,1
2967,1971,53.3,1
2968,1971,56.2,0
2969,1971,60.6,1
2970,1971,55,1
2971,1971,54.5,1
2972,1971,64.2,0
2973,1971,54.3,1
2974,1971,55.5,0
2975,1971,55.5,0
2976,1971,53.6,0
2977,1971,60,1
2978,1971,65.3,1
2979,1971,64.7,0
2980,1971,50.1,1
2981,1971,44.1,1
2982,1971,48.8,1
2983,1971,52,1
2984,1971,55.7,0
2985,1971,48.1,1
2986,1971,40.5,0
2987,1971,50.1,0
2988,1971,56.7,1
2989,1971,54.4,1
2990,1971,59.6,1
2991,1971,53.2,0
2992,1971,47.5,1
2993,1971,56,1
2994,1971,53.5,1
2995,1971,50,1
2996,1971,46.8,0
2997,1971,61,1
2998,1971,56.7,0
2999,1971,58,0
3000,1971,37.9,1
3001,1971,47.5,1
3002,1971,69.9,1
3003,1971,53.6,1
3004,1971,68,0
3005,1971,52,1
3006,1971,46.5,0
3007,1971,71.7,1
3008,1971,43.5,0
3009,1971,47.1,0
3010,1971,70.3,1
3011,1971,62.6,0
3012,1971,53.3,1
3013,1971,58,0
3014,1971,44,1
3015,1971,69.8,1
3016,1971,39.5,0
3017,1971,54.3,0
3018,1971,60.4,1
3019,1971,66.6,1
3020,1971,47.5,0
3021,1971,50.9,1
3022,1971,45.2,0
3023,1971,50.7,1
3024,1971,46.1,1
3025,1971,49.5,1
3026,1971,43.8,0
3027,1971,66.5,1
3028,1971,69.8,1
3029,1971,63.3,1
3030,1971,48.5,1
3031,1971,51.7,0
3032,1971,44.5,0
3033,1971,60.4,1
3034,1971,42.2,1
3035,1971,64.1,1
3036,1971,49.1,1
3037,1971,49,0
3038,1971,48,1
3039,1971,49.2,1
3040,1971,65,1
3041,1971,54.8,1
3042,1971,47.7,1
3043,1971,46.9,0
3044,1971,45.8,1
3045,1971,44,0
3046,1971,48.3,1
3047,1971,46.7,1
3048,1971,46.5,0
3049,1971,28.1,0
3050,1971,52.2,1
3051,1971,60.7,1
3052,1971,67,1
3053,1971,49.5,1
3054,1971,47,0
3055,1971,43.4,1
3056,1971,58.8,1
3057,1971,47,1
3058,1971,41.5,1
3059,1971,58.1,1
3060,1971,46.7,0
3061,1971,53.1,0
3062,1971,46.8,1
3063,1971,64.5,1
3064,1971,45.7,0
3065,1971,50,1
3066,1971,44.7,0
3067,1971,46.6,0
3068,1971,55.5,0
3069,1971,53.1,1
3070,1971,46.8,0
3071,1971,45,1
3072,1971,46.3,0
3073,1971,51,1
3074,1971,47.5,0
3075,1971,37.9,0
3076,1971,43.1,0
3077,1971,47.3,0
3078,1971,44.5,1
3079,1971,57.5,1
3080,1971,45.9,1
3081,1971,44,1
3082,1971,54.5,1
3083,1971,46,0
3084,1971,59.8,1
3085,1971,47,0
3086,1971,44.8,1
3087,1971,45.2,1
3088,1971,45,1
3089,1971,59.3,1
3090,1971,47.6,1
3091,1971,54.5,0
3092,1971,48.3,1
3093,1971,44.5,1
3094,1971,56.3,1
3095,1971,57,1
3096,1971,40.9,0
3097,1971,55,1
3098,1971,43.7,1
3099,1971,61,1
3100,1971,48,1
3101,1971,47.1,1
3102,1971,51.1,0
3103,1971,46.1,1
3104,1971,62.6,1
3105,1971,44.3,0
3106,1971,43,0
3107,1971,46.4,1
3108,1971,47.5,1
3109,1971,47.1,1
3110,1971,55.3,0
3111,1971,45.1,0
3112,1971,52.2,1
3113,1971,57.4,0
3114,1972,70.5,1
3115,1972,59.5,1
3116,1972,47.2,1
3117,1972,48.3,1
3118,1972,57.3,1
3119,1972,44.5,0
3120,1972,51,0
3121,1972,55.6,0
3122,1972,68.5,1
3123,1972,45.1,0
3124,1972,55.4,1
3125,1972,67.1,1
3126,1972,44.3,1
3127,1972,48.4,1
3128,1972,50.9,0
3129,1972,43.4,0
3130,1972,48.6,0
3131,1972,42,0
3132,1972,49.4,0
3133,1972,58,1
3134,1972,47,0
3135,1972,41.8,0
3136,1972,46,0
3137,1972,41.5,0
3138,1972,55.4,1
3139,1972,59.9,1
3140,1972,64.5,1
3141,1972,59.5,1
3142,1972,56.8,1
3143,1972,56.8,1
3144,1972,72,0
3145,1972,53.2,1
3146,1972,56,1
3147,1972,57.6,1
3148,1972,42.1,0
3149,1972,49,0
3150,1972,60,1
3151,1972,50.5,1
3152,1972,57.1,1
3153,1972,57.3,1
3154,1972,51.6,1
3155,1972,54.8,0
3156,1972,56.7,0
3157,1972,49.9,0
3158,1972,54.5,0
3159,1972,47,0
3160,1972,45,0
3161,1972,54.1,1
3162,1972,53.1,0
3163,1972,53.5,1
3164,1972,60.8,1
3165,1972,56,1
3166,1972,65.4,1
3167,1972,55.7,1
3168,1972,43.5,1
3169,1972,54.2,0
3170,1972,44.2,1
3171,1972,42.2,1
3172,1972,53.3,1
3173,1972,55.5,0
3174,1972,62.3,1
3175,1972,63.5,1
3176,1972,60.2,1
3177,1972,56,1
3178,1972,71,1
3179,1972,51.7,0
3180,1972,50.8,0
3181,1972,55.9,1
3182,1972,46.1,1
3183,1972,42.6,0
3184,1972,54.2,1
3185,1972,53.9,0
3186,1972,57.7,1
3187,1972,46.3,0
3188,1972,58.5,0
3189,1972,52.4,1
3190,1972,55,1
3191,1972,61.1,0
3192,1972,54,0
3193,1972,42.7,1
3194,1972,46.5,0
3195,1972,44.5,0
3196,1972,59.5,0
3197,1972,59.1,1
3198,1972,48.5,1
3199,1972,43.8,1
3200,1972,52.1,0
3201,1972,83,1
3202,1972,54,1
3203,1972,45.1,1
3204,1972,43.7,0
3205,1972,43.9,1
3206,1972,56.7,1
3207,1972,41.8,0
3208,1972,46.8,1
3209,1972,52.5,1
3210,1972,51.7,1
3211,1972,42.9,0
3212,1972,60.2,0
3213,1972,47.8,0
3214,1972,61.8,0
3215,1972,45.3,1
3216,1972,52.3,1
3217,1972,59.6,1
3218,1972,65.6,1
3219,1972,45.4,1
3220,1972,54,1
3221,1972,52.3,0
3222,1972,46,1
3223,1972,89,0
3224,1972,50,1
3225,1972,60.5,1
3226,1972,55.8,0
3227,1972,59.1,1
3228,1972,43.4,1
3229,1972,42.7,0
3230,1972,44.9,0
3231,1972,43.9,1
3232,1972,43.9,0
3233,1972,42.8,1
3234,1972,43,1
3235,1972,52.3,1
3236,1972,41.3,1
3237,1972,59.8,1
3238,1972,59.6,1
3239,1972,54,1
3240,1972,53.5,1
3241,1973,63,1
3242,1973,61.8,0
3243,1973,59.7,1
3244,1973,53.9,1
3245,1973,54,1
3246,1973,56,1
3247,1973,53,1
3248,1973,39.9,1
3249,1973,47.9,0
3250,1973,44.7,1
3251,1973,44.4,0
3252,1973,66.4,1
3253,1973,64.5,1
3254,1973,55,0
3255,1973,44.3,1
3256,1973,51.5,1
3257,1973,50.4,1
3258,1973,49.3,0
3259,1973,65,1
3260,1973,43.4,0
3261,1973,67,1
3262,1973,49,1
3263,1973,49.6,1
3264,1973,51.5,1
3265,1973,46.3,0
3266,1973,48.7,0
3267,1973,45.6,0
3268,1973,45,0
3269,1973,48,0
3270,1973,48.1,0
3271,1973,50.4,1
3272,1973,42.4,0
3273,1973,46.5,1
3274,1973,53.7,1
3275,1973,46.5,1
3276,1973,46.2,1
3277,1973,49.9,0
3278,1973,53.3,1
3279,1973,43.2,0
3280,1973,45.3,1
3281,1973,43.2,0
3282,1973,78.5,1
3283,1973,64.5,1
3284,1973,51.8,1
3285,1973,51.1,1
3286,1973,59.5,1
3287,1973,44.1,1
3288,1973,50,1
3289,1973,53.5,1
3290,1973,44,0
3291,1973,50.6,0
3292,1973,49,0
3293,1973,41,0
3294,1973,42.8,0
3295,1973,57.2,0
3296,1973,42.8,0
3297,1973,57.4,1
3298,1973,53,0
3299,1973,47.5,1
3300,1973,43.6,0
3301,1973,49.6,1
3302,1973,62.3,1
3303,1973,53.2,1
3304,1973,45.9,0
3305,1973,55.7,0
3306,1973,44.2,1
3307,1973,46,1
3308,1973,54.1,1
3309,1973,48.3,1
3310,1973,48.7,1
3311,1973,42,0
3312,1973,42.8,0
3313,1973,39,0
3314,1973,46.8,1
3315,1973,44.2,0
3316,1973,59.7,1
3317,1973,46.9,1
3318,1973,56,1
3319,1973,42.2,0
3320,1973,45.8,1
3321,1973,45,1
3322,1973,43.6,1
3323,1973,40.8,1
3324,1973,48.8,1
3325,1973,47.7,1
3326,1973,45.9,1
3327,1973,46.8,1
3328,1973,50.5,1
3329,1973,37.4,1
3330,1973,39,1
3331,1973,41.3,0
3332,1973,46,0
3333,1973,46.1,1
3334,1973,47.5,1
3335,1973,39.9,1
3336,1973,46.3,1
3337,1973,50.7,1
3338,1974,53.8,1
3339,1974,51.5,0
3340,1974,41.9,0
3341,1974,56.1,1
3342,1974,58,0
3343,1974,55.9,1
3344,1974,55.5,1
3345,1974,52.5,1
3346,1974,58.7,0
3347,1974,41.1,1
3348,1974,40.5,0
3349,1974,56.3,1
3350,1974,57.7,0
3351,1974,55.1,1
3352,1974,54,1
3353,1974,90.8,0
3354,1974,46.5,1
3355,1974,56.7,0
3356,1974,48.1,1
3357,1974,42.8,0
3358,1974,50.3,1
3359,1974,48,0
3360,1974,60.2,0
3361,1974,59.3,1
3362,1974,54.1,1
3363,1974,54.5,1
3364,1974,42.5,0
3365,1974,44.3,0
3366,1974,52.4,0
3367,1974,39.5,0
3368,1974,48.8,0
3369,1974,53.3,1
3370,1974,50.5,1
3371,1974,54.4,0
3372,1974,54,1
3373,1974,53.4,1
3374,1974,41.5,0
3375,1974,48.8,0
3376,1974,58.5,1
3377,1974,49.1,0
3378,1974,43.6,0
3379,1974,46,1
3380,1974,42,1
3381,1974,54.9,1
3382,1974,53.4,0
3383,1974,51,0
3384,1974,50.5,1
3385,1974,51.7,0
3386,1974,50.7,1
3387,1974,57,1
3388,1974,46.1,1
3389,1974,53.2,1
3390,1974,47.5,0
3391,1974,46.1,1
3392,1974,44.5,1
3393,1974,60.3,1
3394,1974,44.8,0
3395,1974,50.9,1
3396,1974,57.5,0
3397,1974,38.3,0
3398,1974,40,0
3399,1974,42.4,0
3400,1974,61.6,1
3401,1974,46.3,1
3402,1974,47.1,0
3403,1974,53,1
3404,1974,46,1
3405,1974,46,0
3406,1974,61,0
3407,1974,47.2,1
3408,1974,47.5,0
3409,1974,59.1,0
3410,1974,48,1
3411,1974,56.5,1
3412,1974,63.9,1
3413,1974,57.4,1
3414,1974,52.8,1
3415,1974,51.1,0
3416,1974,59.5,1
3417,1974,52.3,0
3418,1974,48.5,0
3419,1974,56.7,0
3420,1974,46.5,1
3421,1974,40.8,0
3422,1974,60.3,1
3423,1974,55,1
3424,1974,52.2,1
3425,1974,43.2,0
3426,1974,55.1,0
3427,1974,60.2,1
3428,1975,53.7,1
3429,1975,51.3,1
3430,1975,54.1,1
3431,1975,49.7,1
3432,1975,48.5,1
3433,1975,43.6,0
3434,1975,43.6,0
3435,1975,40.7,1
3436,1975,51.1,1
3437,1975,44.1,0
3438,1975,40,0
3439,1975,48,1
3440,1975,46.1,1
3441,1975,41.5,0
3442,1975,45,1
3443,1975,41.1,0
3444,1975,44,1
3445,1975,41.2,0
3446,1975,48,0
3447,1975,55,0
3448,1975,53.1,0
3449,1975,60.1,1
3450,1975,61.8,1
3451,1975,46.3,1
3452,1975,52.2,0
3453,1975,45.9,0
3454,1975,43.1,1
3455,1975,57.6,1
3456,1975,55.6,0
3457,1975,44.8,1
3458,1975,66.5,1
3459,1975,47.5,1
3460,1975,50.1,1
3461,1975,53.5,1
3462,1975,51.3,0
3463,1975,53.2,1
3464,1975,47.6,1
3465,1975,48,1
3466,1975,51,0
3467,1975,58.3,1
3468,1975,44.2,0
3469,1975,55.2,0
3470,1975,50.7,0
3471,1975,42.5,0
3472,1975,46.5,0
3473,1975,51,1
3474,1975,46.1,0
3475,1975,47.9,1
3476,1975,53,1
3477,1975,51.8,1
3478,1975,53.6,1
3479,1975,46.1,1
3480,1975,42.3,0
3481,1975,55.2,1
3482,1975,49.8,1
3483,1975,42.3,1
3484,1975,46.1,1
3485,1975,46.8,1
3486,1975,44,0
3487,1975,43.5,1
3488,1975,46.4,0
3489,1975,44.6,1
3490,1975,53.3,1
3491,1975,46.8,1
3492,1975,46.2,1
3493,1975,51.1,1
3494,1975,41.1,0
3495,1975,57.3,1
3496,1975,50.8,0
3497,1975,61.2,1
3498,1975,45.5,0
3499,1975,50.5,1
3500,1975,52.3,1
3501,1975,54.6,0
3502,1975,51.5,1
3503,1975,47.5,1
3504,1975,44.4,1
3505,1975,50,0
3506,1975,46.7,1
3507,1975,55.7,1
3508,1975,42,0
3509,1975,45.7,0
3510,1975,43.6,1
3511,1975,48.3,1
3512,1975,43.5,1
3513,1976,50.8,1
3514,1976,63.7,0
3515,1976,57.8,1
3516,1976,76,1
3517,1976,74.5,0
3518,1976,66.4,1
3519,1976,49.5,1
3520,1976,59.5,1
3521,1976,60.3,1
3522,1976,60.1,1
3523,1976,64.8,1
3524,1976,57.3,0
3525,1976,52,1
3526,1976,57.6,0
3527,1976,61.9,0
3528,1976,73.7,1
3529,1976,63.9,0
3530,1976,70,1
3531,1976,61,0
3532,1976,55.5,0
3533,1976,60,0
3534,1976,47.8,0
3535,1977,44.8,0
3536,1977,49.9,1
3537,1977,44.2,0
3538,1977,61,0
3539,1977,40.5,0
3540,1977,64.7,1
3541,1977,45.5,1
3542,1977,43,0
3543,1977,47,1
3544,1977,44,0
3545,1977,55,1
3546,1977,56.8,1
3547,1977,44.8,0
3548,1977,45.5,0
3549,1977,48.7,1
3550,1977,50.8,1
3551,1977,47.8,0
3552,1977,51.5,0
3553,1977,35,0
3554,1977,49.2,1
3555,1977,69.1,1
3556,1977,66.7,1
3557,1977,73,1
3558,1977,64.5,0
3559,1977,61.8,0
3560,1977,70.4,1
3561,1977,69.5,1
3562,1977,53.6,1
3563,1977,45.8,0
3564,1977,46.5,1
3565,1977,55,1
3566,1977,47.1,1
3567,1977,48.9,0
3568,1977,56,1
3569,1977,49,0
3570,1977,49.1,0
3571,1977,50,1
3572,1977,44.8,1
3573,1977,44.2,0
3574,1977,70.7,1
3575,1977,39.5,0
3576,1977,50,1
3577,1977,63.5,1
3578,1977,72.8,1
3579,1977,66.8,1
3580,1977,51.8,1
3581,1977,49.5,1
3582,1977,48.8,0
3583,1977,40.2,0
3584,1977,43.4,0
3585,1977,51.8,0
3586,1977,49.3,1
3587,1977,48.6,1
3588,1977,51.1,0
3589,1977,43,0
3590,1977,58.5,1
3591,1977,59.2,1
3592,1977,49,1
3593,1977,73.5,1
3594,1977,51.9,1
3595,1977,47.3,1
3596,1977,67.3,0
3597,1977,49,0
3598,1977,49.3,0
3599,1977,48.2,0
3600,1977,48.6,0
3601,1977,44.1,1
3602,1977,41.7,0
3603,1977,67.5,1
3604,1977,48.8,0
3605,1977,53.2,0
3606,1977,47,0
3607,1977,48.5,0
3608,1978,67.3,1
3609,1978,48.6,1
3610,1978,62.2,0
3611,1978,41.6,1
3612,1978,101,0
3613,1978,70.5,1
3614,1978,61.5,1
3615,1978,74,1
3616,1978,61.5,0
3617,1978,66.3,0
3618,1978,66.6,1
3619,1978,60.6,1
3620,1978,64.2,1
3621,1978,67,1
3622,1978,68.2,0
3623,1978,62,1
3624,1978,62.6,0
3625,1978,69.7,1
3626,1978,69,0
3627,1978,50.3,1
3628,1978,75.2,1
3629,1978,67.2,1
3630,1978,42.5,1
3631,1978,65.3,0
3632,1978,60.3,1
3633,1978,60.3,0
3634,1978,40,0
3635,1979,79.3,0
3636,1979,54,1
3637,1979,53.6,1
3638,1979,44.8,1
3639,1979,56.2,1
3640,1979,62.3,1
3641,1979,57,1
3642,1979,57.8,0
3643,1979,57.6,1
3644,1979,41.7,1
3645,1979,42.7,0
3646,1979,42.2,0
3647,1979,56.8,0
3648,1979,55.3,1
3649,1979,61,1
3650,1979,54.5,1
3651,1979,38.1,1
3652,1979,61.5,0
3653,1979,49.7,0
3654,1979,41.5,0
3655,1979,54.5,1
3656,1979,51.8,1
3657,1979,45,1
3658,1979,44,0
3659,1979,55,0
3660,1979,45.8,0
3661,1979,45.9,0
3662,1979,53.5,1
3663,1979,43.5,0
3664,1979,54,0
3665,1979,62.8,1
3666,1979,51.2,1
3667,1979,53.2,0
3668,1979,44,0
3669,1979,57,1
3670,1979,48.5,0
3671,1979,37,0
3672,1979,41.2,0
3673,1979,58.8,1
3674,1979,66.2,1
3675,1979,58,1
3676,1979,56.6,0
3677,1979,53.5,0
3678,1979,53.5,1
3679,1979,54.5,1
3680,1979,40.6,1
3681,1979,39.8,1
3682,1979,47.2,1
3683,1979,43.8,1
3684,1979,44.8,1
3685,1979,61.3,1
3686,1979,40.5,1
3687,1979,47.5,0
3688,1979,64,1
3689,1979,56.5,1
3690,1979,40.4,1
3691,1979,43.4,1
3692,1979,53.8,0
3693,1979,50.8,0
3694,1979,63.3,1
3695,1979,63.8,1
3696,1979,67,1
3697,1979,39,0
3698,1979,42.2,0
3699,1979,62.5,1
3700,1979,63.5,1
3701,1979,42.3,0
3702,1979,56.5,1
3703,1979,53,1
3704,1979,66.5,1
3705,1979,44.3,1
3706,1979,44.2,0
3707,1979,53.3,1
3708,1979,47.2,1
3709,1979,49.3,0
3710,1979,53.6,1
3711,1980,43.2,0
3712,1980,38.1,0
3713,1980,56,1
3714,1980,59.6,0
3715,1980,39.9,0
3716,1980,43.4,0
3717,1980,42.4,0
3718,1980,66.1,1
3719,1980,47,0
3720,1980,76,0
3721,1980,49,0
3722,1980,57.5,0
3723,1980,54.7,1
3724,1980,45,0
3725,1980,45,0
3726,1980,40.8,0
3727,1980,45.5,1
3728,1980,46.3,0
3729,1980,63.7,1
3730,1980,52.8,0
3731,1980,57,1
3732,1980,38.5,1
3733,1980,38.8,0
3734,1980,45.2,1
3735,1980,45.9,1
3736,1981,46.5,1
3737,1981,44,1
3738,1981,47.5,1
3739,1981,71.8,1
3740,1981,43,0
3741,1981,59,1
3742,1981,44.2,1
3743,1981,47.5,1
3744,1981,54.5,0
3745,1981,46,0
3746,1981,46,0
3747,1981,47.5,0
3748,1981,43,0
3749,1981,55.7,0
3750,1981,56.5,0
3751,1981,54,1
3752,1981,66.2,1
3753,1982,58.8,1
3754,1982,55.3,1
3755,1982,59.2,1
3756,1982,55.5,0
3757,1982,45.2,1
3758,1982,42.7,0
3759,1982,43.2,0
3760,1982,41.4,0
3761,1982,58.2,1
3762,1982,58.2,1
3763,1982,42.5,0
3764,1982,47.5,1
3765,1982,63.2,0
3766,1982,41.5,1
3767,1982,48,1
3768,1982,54,1
3769,1982,46.2,0
3770,1983,45,0
3771,1983,45.4,1
3772,1983,66,1
3773,1983,45.5,0
3774,1983,48.9,1
3775,1983,46.5,0
3776,1983,56.7,1
3777,1983,61,1
3778,1983,30.5,0
3779,1983,57,1
3780,1983,46.5,0
3781,1983,47.3,1
3782,1983,52.7,1
3783,1983,60,1
3784,1983,49.5,1
3785,1983,45.6,0
3786,1983,65,1
3787,1983,43.4,0
3788,1983,61.5,0
3789,1983,50.9,0
3790,1983,58.7,1
3791,1983,66.2,0
3792,1983,55.7,0
3793,1983,60.2,1
3794,1983,65.1,1
3795,1983,50.3,1
3796,1983,48.2,0
3797,1983,46.5,1
3798,1983,51.3,1
3799,1983,64.5,1
3800,1983,55.2,1
3801,1984,50.4,0
3802,1984,54.6,0
3803,1984,63.8,0
3804,1984,37.3,0
3805,1984,45.5,0
3806,1984,47,0
3807,1984,46.4,1
3808,1984,40,0
3809,1984,62.1,0
3810,1984,44.8,1
3811,1984,51.2,0
3812,1984,62.5,1
3813,1984,50.3,0
3814,1984,61.3,1
3815,1984,51.1,1
3816,1984,59,0
3817,1984,61.6,1
3818,1984,40.4,0
3819,1984,69.4,0
3820,1984,44.3,0
3821,1984,35.7,0
3822,1984,59.4,0
3823,1984,41.6,1
3824,1984,41.4,0
3825,1984,45.2,1
3826,1984,41.5,0
3827,1984,44.4,0
3828,1984,41.3,0
3829,1984,46.5,0
3830,1984,58.7,1
3831,1984,64.8,0
3832,1985,52.7,0
3833,1985,44.1,0
3834,1985,51.2,0
3835,1985,60,1
3836,1985,48.7,0
3837,1985,60,0
3838,1985,54.6,1
3839,1985,44.1,0
3840,1985,55.6,0
3841,1985,48.2,1
3842,1985,51,1
3843,1985,57.6,0
3844,1985,51.2,1
3845,1985,37.2,0
3846,1985,39.5,1
3847,1985,56.4,1
3848,1985,49.2,0
3849,1985,42.4,0
3850,1985,40.2,1
3851,1985,51.2,1
3852,1985,39.3,0
3853,1985,48.5,0
3854,1985,34.2,0
3855,1985,38.6,0
3856,1985,41.5,0
3857,1985,44.5,0
3858,1985,51,0
3859,1985,34.7,0
3860,1985,39.6,0
3861,1985,58,0
3862,1985,53.2,1
3863,1985,44.2,0
3864,1985,51.5,1
3865,1985,62.3,1
3866,1985,60.2,0
3867,1985,43.3,0
3868,1985,55.5,1
3869,1985,46.1,1
3870,1985,42.3,0
3871,1985,41.4,1
3872,1985,55.1,0
3873,1985,44.3,0
3874,1985,32.2,0
3875,1985,50.3,1
3876,1985,41.6,0
3877,1985,42.2,0
3878,1985,42.9,0
3879,1985,41.9,0
3880,1985,43,0
3881,1985,51.6,0
3882,1985,36.7,0
3883,1985,39.5,0
3884,1985,42.3,1
3885,1985,44.2,0
3886,1985,48.7,1
3887,1985,44.8,0
3888,1985,37.4,0
3889,1985,37.2,1
3890,1985,43.4,1
3891,1985,45.2,0
3892,1986,57.2,1
3893,1986,61,1
3894,1986,41,1
3895,1986,45.5,1
3896,1986,63.5,1
3897,1986,57.9,0
3898,1986,48.2,0
3899,1986,50.2,0
3900,1986,59.8,1
3901,1986,56.2,1
3902,1986,56.8,0
3903,1986,60.8,0
3904,1986,51.2,1
3905,1986,45.2,0
3906,1986,55.8,1
3907,1986,61.2,1
3908,1986,53.8,0
3909,1986,46.8,1
3910,1986,45.6,1
3911,1986,66.3,0
3912,1986,65.2,1
3913,1986,49.6,0
3914,1986,59.2,1
3915,1986,37.5,0
3916,1986,48,1
3917,1986,51,1
3918,1986,47,1
3919,1986,41.1,0
3920,1986,38.6,0
3921,1986,51.2,0
3922,1986,45.5,1
3923,1986,46.2,1
3924,1986,47.8,1
3925,1986,48,0
3926,1986,59.7,1
3927,1986,43.5,0
3928,1986,61,1
3929,1986,69.5,1
3930,1986,44,1
3931,1986,42.5,0
3932,1986,47.6,0
3933,1986,58.3,0
3934,1986,46.5,0
3935,1986,51,1
3936,1986,46.8,0
3937,1986,44.5,0
3938,1986,48.8,1
3939,1986,52.6,0
3940,1986,53.2,0
3941,1986,59.3,0
3942,1986,45,1
3943,1986,43.5,0
3944,1986,52.2,0
3945,1986,43.5,0
3946,1986,67.5,1
3947,1986,46.5,0
3948,1986,46.8,1
3949,1986,59.3,0
3950,1986,61.8,1
3951,1986,38.7,1
3952,1987,61.5,0
3953,1987,50.4,0
3954,1987,53.5,1
3955,1987,75,0
3956,1988,37.6,0
3957,1988,44,0
3958,1988,58.6,0
3959,1988,62.5,1
3960,1988,66.5,0
3961,1988,66.8,0
3962,1988,28.9,0
3963,1988,27.6,0
3964,1988,61,0
3965,1988,72.5,1
3966,1988,64.5,1
3967,1988,69.5,1
3968,1989,54.5,1
3969,1989,47.8,0
3970,1989,54,0
3971,1989,75.2,0
3972,1989,49.5,1
3973,1989,51,0
3974,1989,66.8,1
3975,1989,56.4,0
3976,1989,42.1,0
3977,1989,61,0
3978,1989,52.7,0
3979,1989,50.7,0
3980,1989,52.8,1
3981,1989,54.6,0
3982,1989,46,1
3983,1989,28.8,0
3984,1989,47.8,0
3985,1989,64,0
3986,1989,43.3,0
3987,1990,45.4,0
3988,1990,55.5,0
3989,1990,51.5,1
3990,1990,56.7,0
3991,1990,53.5,0
3992,1990,49.2,0
