ID,year_t,...1,Plot,TagID,Transplant,Year_t,Height_t,Width_t,Perp_t,NS_t,Goodbuds_t,TotFlowerbuds_t,ABFlowerbuds_t,Antcount_t,Year_t1,Newplant,Survival_t1,Height_t1,Width_t1,Perp_t1,FLAG,NS_t1,Goodbuds_t1,TotFlowerbuds_t1,ABFlowerbuds_t1,Antcount_t1,comments,Ant_sp_t,Ant_sp_t1,vol_t,vol_t1,plot
1.3,2013,2937,3,1,0,2013,107,111,85,137,4,NA,0,73,2014,0,1,120,140,133,,75,61,NA,0,52,NA,liom,liom,269032.3813,585349.3972,3
1.6,2012,2705,6,1,0,2012,133,116,86,32,27,NA,NA,23,2013,0,1,95,96,60,,35,18,NA,6,41,NA,crem,liom,355191.8688,151314.8102,6
2.6,2011,2060,6,2,0,2011,39,15,7,0,0,NA,NA,0,2012,0,1,42,37,21,,6,0,NA,NA,0,NA,vacant,vacant,1235.431311,9247.277976,6
3.2,2016,5342,2,3,0,2016,44,50,43,12,0,NA,0,5,2017,0,1,45,31,17,,0,0,NA,0,0,1 CV juv,liom,vacant,24907.33196,6785.840132,2
3.2,2011,1727,2,3,0,2011,89,55,55,0,0,NA,NA,0,2012,0,1,90,46,27,,23,0,NA,NA,1,NA,vacant,crem,70482.94018,31390.4011,2
3.4,2015,4752,4,3,0,2015,61,47,35,22,0,NA,0,15,2016,0,1,65,70,63,,20,2,NA,0,9,NA,liom,liom,26845.17102,75253.25228,4
4.2,2009,589,2,4,0,2009,97,51,31,0,0,NA,NA,0,2010,0,1,95,24,13,,0,0,NA,NA,NA,NA,vacant,vacant,42688.22278,8512.079845,2
4.8,2011,2195,8,4,0,2011,35,48,15,0,0,NA,NA,0,2012,0,1,8,17,6,,4,0,NA,NA,0,NA,vacant,vacant,9091.965489,276.9837523,8
5.2,2009,590,2,5,0,2009,42,25,16,0,0,NA,NA,0,2010,0,1,32,8,3,,0,0,NA,NA,NA,NA,vacant,vacant,4620.890094,253.4218074,2
6.6,2009,914,6,6,0,2009,53,53,11,2,0,NA,NA,NA,2010,0,1,45,17,13,,4,0,NA,NA,NA,NA,crem,vacant,14208.37637,2650.718801,6
6.8,2012,2842,8,6,0,2012,43,17,16,14,0,NA,NA,0,2013,0,1,37,54,26,,4,0,NA,0,0,NA,vacant,vacant,3064.819983,15498.52376,8
6.8,2017,6678,8,6,0,2017,45,23,15,1,0,NA,0,0,2018,0,1,19,10,5,,0,0,NA,0,0,barely alive,vacant,vacant,4252.931055,279.7980957,8
7.1,2010,995,1,7,0,2010,55,32,27,0,0,NA,NA,NA,2011,0,1,28,21,9,,0,0,NA,NA,0,NA,vacant,vacant,12530.70045,1649.336143,1
7.3,2016,5428,3,7,0,2016,129,130,124,65,81,NA,6,9,2017,0,1,136,155,148,,61,121,NA,3,45,NA,liom,liom,544710.54,817208.3598,3
7.4,2014,3987,4,7,0,2014,75,25,10,0,0,NA,0,0,2015,0,1,79,39,37,,2,0,NA,0,2,NA,vacant,liom,6013.204689,29865.02696,4
7.5,2012,2660,5,7,0,2012,73,49,28,15,9,NA,NA,4,2013,0,1,81,72,52,,44,0,NA,0,0,NA,crem,vacant,28327.80641,81514.90458,5
7.5,2011,2016,5,7,0,2011,76,62,54,0,0,NA,NA,0,2012,0,1,73,49,28,,15,9,NA,NA,4,NA,vacant,crem,66932.67868,28327.80641,5
7.6,2014,4173,6,7,0,2014,32,58,51,25,0,NA,0,32,2015,0,1,68,66,61,,13,0,NA,0,29,NA,liom,liom,24883.50821,71783.55954,6
7.8,2011,2198,8,7,0,2011,53,48,19,0,0,NA,NA,0,2012,0,1,85,67,47,,38,0,NA,NA,28,NA,vacant,crem,15571.63124,72299.82793,8
7.8,2012,2843,8,7,0,2012,85,67,47,38,0,NA,NA,28,2013,0,1,41,17,13,,0,0,NA,0,12,NA,crem,liom,72299.82793,2415.099352,8
8.3,2016,5429,3,8,0,2016,62,58,51,18,13,NA,0,4,2017,0,1,74,91,71,,6,0,NA,0,7,NA,liom,liom,48211.79716,127107.268,3
8.4,2011,1908,4,8,0,2011,81,55,53,0,0,NA,NA,0,2012,0,1,11,12,10,,13,0,NA,NA,1,NA,vacant,liom,61835.9682,348.4549852,4
8.8,2012,2844,8,8,0,2012,32,59,25,6,0,NA,NA,52,2013,0,1,85,66,43,1,16,11,NA,2,43,NA,crem,liom,14778.05184,66096.81869,8
8.8,2011,2199,8,8,0,2011,72,61,42,0,0,NA,NA,0,2012,0,1,32,59,25,1,6,0,NA,NA,52,NA,vacant,other,49993.73469,14778.05184,8
8.8,2015,5155,8,8,0,2015,82,65,62,21,5,NA,9,1,2016,0,1,106,94,88,1,8,15,NA,28,0,NA,other,vacant,86562.52768,229803.8374,8
9.3,2015,4634,3,9,0,2015,116,109,89,11,5,NA,0,22,2016,0,1,98,100,50,,12,17,NA,0,4,1 for,liom,liom,297643.9128,144316.9125,3
10.2,2011,1732,2,10,0,2011,33,26,22,0,0,NA,NA,3,2012,0,1,16,11,9,,7,0,NA,NA,0,NA,liom,vacant,4976.282763,418.8790205,2
10.5,2011,2019,5,10,0,2011,137,100,38,0,0,NA,NA,0,2012,0,1,93,46,55,,25,0,NA,NA,0,NA,vacant,vacant,170760.4833,62091.81165,5
12.1,2009,498,1,12,0,2009,73,31,24,0,0,NA,NA,7,2010,0,1,60,6,4,,0,0,NA,NA,NA,NA,liom,vacant,14452.96245,392.6990817,1
12.4,2011,1912,4,12,0,2011,112,59,32,0,0,NA,NA,20,2012,0,1,111,147,48,,26,9,NA,NA,26,NA,liom,other,60702.90045,276249.0778,4
12.4,2009,766,4,12,0,2009,90,82,33,8,0,NA,NA,11,2010,0,1,116,93,48,,8,0,NA,NA,NA,NA,liom,liom,77901.68033,150940.1752,4
12.4,2016,5536,4,12,0,2016,91,116,84,15,6,NA,15,15,2017,0,1,110,150,80,,18,17,NA,1,56,NA,liom,liom,238237.4429,380852.6594,4
13.1,2012,2287,1,13,0,2012,71,43,29,13,0,NA,NA,0,2013,0,1,81,73,43,,6,0,NA,0,10,NA,vacant,liom,24089.73247,71336.14439,1
14.5,2016,5690,5,14,0,2016,42,26,19,0,0,NA,0,0,2017,0,1,28,9,8,,2,0,NA,0,4,mostly dead,vacant,liom,5566.509483,529.6201615,5
15.5,2010,1375,5,15,0,2010,167,83,31,24,13,NA,NA,NA,2011,0,1,144,100,43,,0,0,NA,NA,0,NA,liom,vacant,142047.8972,192727.2845,5
15.6,2011,2072,6,15,0,2011,67,82,30,0,0,NA,NA,0,2012,0,1,68,34,16,,9,4,NA,NA,0,NA,vacant,vacant,55007.19297,11126.47398,6
15.7,2011,2146,7,15,0,2011,123,101,81,0,0,NA,NA,0,2012,0,1,131,138,114,,24,28,NA,NA,0,NA,vacant,vacant,266659.1698,544478.8476,7
15.7,2014,4261,7,15,0,2014,120,144,120,32,6,NA,0,38,2015,0,1,43,147,137,,37,35,NA,6,11,NA,liom,liom,547391.104,226993.6828,7
16.1,2013,2990,1,16,0,2013,25,28,21,2,0,NA,0,2,2014,0,1,54,71,19,,8,0,NA,0,8,NA,liom,liom,3928.627063,28627.76306,1
16.3,2015,4639,3,16,0,2015,115,113,100,24,26,NA,1,15,2016,0,1,118,146,144,,45,48,NA,0,4,NA,liom,liom,341480.3222,649511.1912,3
16.3,2011,1821,3,16,0,2011,93,151,92,0,0,NA,NA,0,2012,0,1,102,107,82,,65,10,NA,NA,9,NA,vacant,liom,359421.5652,238469.2663,3
16.3,2017,6208,3,16,0,2017,128,133,126,31,55,NA,2,43,2018,0,1,110,165,161,,19,76,NA,3,50,NA,liom,liom,561976.4715,765132.2728,3
16.4,2016,5538,4,16,0,2016,58,52,38,25,1,NA,0,7,2017,0,1,72,64,66,,18,6,NA,2,27,NA,liom,liom,30748.3381,79639.37377,4
17.1,2011,1642,1,17,0,2011,17,3,2,0,0,NA,NA,0,2012,0,1,26,15,13,,3,0,NA,NA,0,NA,vacant,vacant,27.81618495,1334.12968,1
17.1,2014,3683,1,17,0,2014,16,16,4,0,0,NA,0,0,2015,0,1,10,2,2,,4,0,NA,0,0,barely alive,vacant,vacant,418.8790205,10.47197551,1
17.3,2011,1822,3,17,0,2011,98,47,40,0,0,NA,NA,7,2012,0,1,73,26,13,,27,0,NA,NA,1,NA,liom,liom,48548.20937,7267.092856,3
17.7,2013,3364,7,17,0,2013,3,2,1,0,0,NA,0,0,2014,0,1,10,3,6,,0,0,NA,0,0,NA,vacant,vacant,1.767145868,53.01437603,7
17.7,2012,2792,7,17,0,2012,5,7,6,3,0,NA,NA,0,2013,0,1,3,2,1,,0,0,NA,0,0,NA,vacant,vacant,55.30512067,1.767145868,7
18.3,2016,5437,3,18,0,2016,82,73,38,7,1,NA,0,0,2017,0,1,91,109,65,,12,8,NA,0,23,1 ad. pent 1 juv. pent,vacant,liom,66125.42027,180321.9205,3
20.4,2011,1918,4,20,0,2011,42,37,28,0,0,NA,NA,0,2012,0,1,39,11,7,,0,0,NA,NA,0,NA,vacant,vacant,11614.07534,827.0242661,4
20.8,2011,2210,8,20,0,2011,29,37,25,0,0,NA,NA,0,2012,0,1,57,68,63,,5,0,NA,NA,14,NA,vacant,crem,7296.087139,64021.53494,8
21.3,2014,3877,3,21,0,2014,56,44,28,18,1,NA,0,34,2015,0,1,131,82,59,1,19,5,NA,0,23,NA,liom,liom,19000.35237,170458.3013,3
21.3,2009,689,3,21,0,2009,90,43,34,5,0,NA,NA,16,2010,0,1,101,57,56,1,14,3,NA,NA,NA,NA,liom,liom,34924.69283,84408.63867,3
21.3,2013,3123,3,21,0,2013,123,78,54,13,4,NA,1,25,2014,0,1,56,44,28,1,18,1,NA,0,34,NA,liom,liom,140268.9704,19000.35237,3
21.6,2011,2076,6,21,0,2011,115,57,52,12,0,NA,NA,16,2012,0,1,111,109,66,1,58,3,NA,NA,7,NA,liom,liom,89425.10764,222488.5735,6
21.6,2013,3307,6,21,0,2013,118,121,72,61,2,NA,2,33,2014,0,1,64,79,76,1,38,2,NA,1,52,"roots partially exposed, difficult to get good height measurement",liom,liom,287677.0792,100635.6847,6
21.7,2011,2152,7,21,0,2011,31,35,7,0,0,NA,NA,0,2012,0,1,20,10,5,,3,0,NA,NA,0,NA,vacant,vacant,3579.059431,294.5243113,7
22.3,2017,6214,3,22,0,2017,182,186,82,21,36,NA,0,44,2018,0,1,178,212,116,,34,18,NA,0,63,NA,liom,liom,855558.3049,1253361.427,3
22.3,2015,4645,3,22,0,2015,176,189,91,53,86,NA,2,41,2016,0,1,177,193,138,,49,40,NA,8,7,NA,liom,liom,903103.1682,1269222.871,3
24.8,2011,2214,8,24,0,2011,84,41,31,6,0,NA,NA,5,2012,0,1,103,64,56,,15,8,NA,NA,0,NA,liom,vacant,28500.52855,97075.213,8
25.1,2011,1648,1,25,0,2011,41,18,11,0,0,NA,NA,0,2012,0,1,56,43,25,,7,0,NA,NA,1,NA,vacant,liom,2256.776173,16947.84517,1
25.5,2009,885,5,25,0,2009,24,25,21,2,0,NA,NA,4,2010,0,1,12,14,7,,0,0,NA,NA,NA,NA,crem,vacant,3323.805027,346.3605901,5
25.7,2011,2156,7,25,0,2011,44,37,37,0,0,NA,NA,0,2012,0,1,65,60,53,,18,0,NA,NA,0,NA,vacant,vacant,15769.74792,54322.39122,7
26.3,2011,1831,3,26,0,2011,131,92,85,0,0,NA,NA,29,2012,0,1,142,129,128,,106,36,NA,NA,14,NA,liom,liom,268612.6514,613851.3656,3
26.3,2016,5445,3,26,0,2016,152,146,140,57,158,NA,0,24,2017,0,1,144,180,162,,35,104,NA,3,62,NA,liom,liom,813737.4235,1102359.729,3
26.4,2011,1924,4,26,0,2011,57,28,18,0,0,NA,NA,0,2012,0,1,16,4,3,,4,0,NA,NA,0,NA,vacant,vacant,7894.03694,51.31268001,4
26.8,2015,5171,8,26,0,2015,113,200,185,73,89,NA,3,9,2016,0,1,176,199,182,,49,54,NA,17,4,1 camp,liom,liom,1096247.303,1672134.681,8
28.5,2009,888,5,28,0,2009,86,44,25,0,1,NA,NA,2,2010,0,1,91,53,48,,48,18,NA,NA,NA,NA,fore,NA,26798.17803,60756.50387,5
28.8,2013,3437,8,28,0,2013,63,123,63,13,0,NA,0,0,2014,0,1,61,194,141,1,20,2,NA,0,25,"plant toppled over and hard to measure, overlapping with 8-29, likley mismeasured in 2013",vacant,liom,142651.083,448051.6535,8
28.8,2017,6699,8,28,0,2017,98,128,103,2,0,NA,3,0,2018,0,1,92,82,51,1,12,1,NA,0,40,yellow,vacant,camp,342261.9897,106512.2955,8
28.8,2012,2863,8,28,0,2012,77,182,115,22,21,NA,NA,17,2013,0,1,63,123,63,1,13,0,NA,0,0,NA,liom,vacant,444541.4473,142651.083,8
28.8,2014,4371,8,28,0,2014,61,194,141,20,2,NA,0,25,2015,0,1,72,125,61,1,19,7,NA,3,0,NA,liom,vacant,448051.6535,163029.8092,8
29.2,2009,614,2,29,0,2009,27,17,13,1,0,NA,NA,4,2010,0,1,11,8,2,,0,0,NA,NA,NA,NA,liom,vacant,1590.431281,71.99483164,2
29.3,2009,697,3,29,0,2009,9,85,6,0,0,NA,NA,0,2010,0,1,10,6,4,1,0,0,NA,NA,NA,NA,vacant,vacant,4877.911643,65.44984695,3
29.6,2014,4187,6,29,0,2014,99,115,100,43,17,NA,3,5,2015,0,1,124,164,105,,32,32,NA,7,0,NA,camp,vacant,299516.4984,587266.0305,6
29.6,2011,2082,6,29,0,2011,115,125,88,0,0,NA,NA,0,2012,0,1,144,179,101,,63,64,NA,NA,3,NA,vacant,crem,341480.3222,738902.5921,6
29.6,2013,3312,6,29,0,2013,148,135,93,14,2,NA,1,3,2014,0,1,99,115,100,,43,17,NA,3,NA,T: 2 dead honey pot,crem,NA,503547.0369,299516.4984,6
29.8,2014,4372,8,29,0,2014,71,59,29,2,0,NA,0,0,2015,0,1,58,110,56,1,9,0,NA,0,0,overlapping with 8-28,vacant,vacant,35985.89665,104605.087,8
29.8,2012,2864,8,29,0,2012,72,49,43,9,0,NA,NA,0,2013,0,1,64,112,47,1,0,0,NA,0,0,NA,vacant,vacant,39885.66033,105896.8052,8
29.8,2013,3438,8,29,0,2013,64,112,47,0,0,NA,0,0,2014,0,1,71,59,29,1,2,0,NA,0,0,"last years W1 may be wrong - overlapping with 8-28, likley mis-measured in 2013",vacant,vacant,105896.8052,35985.89665,8
30.1,2016,5258,1,30,0,2016,40,22,6,1,0,NA,0,0,2017,0,1,14,6,5.5,,0,0,NA,0,0,NA,vacant,vacant,2052.5072,121.1803916,1
30.3,2017,6221,3,30,0,2017,139,113,100,48,42,NA,0,52,2018,0,1,149,124,124,,14,23,NA,2,27,NA,liom,liom,412745.7808,599788.6806,3
30.4,2011,1926,4,30,0,2011,47,19,18,0,0,NA,NA,0,2012,0,1,17,11,8,,7,0,NA,NA,0,NA,vacant,vacant,4211.239502,401.6657107,4
31.6,2012,2728,6,31,0,2012,153,102,95,55,72,NA,NA,1,2013,0,1,158,156,92,,25,9,NA,7,0,NA,camp,vacant,388626.5959,636017.5271,6
31.6,2015,4980,6,31,0,2015,153,128,115,16,32,NA,9,0,2016,0,1,151,158,134,,35,25,NA,15,1,NA,vacant,liom,591306.4459,842657.8783,6
31.7,2014,4274,7,31,0,2014,38,48,30,9,0,NA,1,0,2015,0,1,87,60,32,,2,0,NA,0,3,1 liom,vacant,fore,15131.48102,48195.1729,7
31.8,2012,2866,8,31,0,2012,21,8,6,0,0,NA,NA,0,2013,0,1,3,4,2,,0,0,NA,0,0,NA,vacant,vacant,269.39157,7.068583471,8
32.1,2011,1653,1,32,0,2011,32,25,17,0,0,NA,NA,0,2012,0,1,58,43,26,,11,0,NA,NA,5,NA,vacant,liom,3694.512961,18073.18984,1
32.4,2011,1928,4,32,0,2011,37,27,13,0,0,NA,NA,0,2012,0,1,13,15,8,,6,0,NA,NA,0,NA,vacant,vacant,3874.630939,450.0985975,4
32.5,2015,4928,5,32,0,2015,39,29,6,3,0,NA,0,4,2016,0,1,113,71,49,1,2,7,NA,6,7,NA,crem,fore,3126.866438,106499.991,5
32.5,2014,4139,5,32,0,2014,121,67,48,4,0,NA,0,19,2015,0,1,39,29,6,,3,0,NA,0,4,NA,crem,crem,104734.4813,3126.866438,5
32.7,2017,6611,7,32,0,2017,30,50,20,0,0,NA,0,1,2018,0,1,18,20,9,,0,0,NA,0,0,NA,liom,vacant,9621.127502,990.7797831,7
32.8,2012,2867,8,32,0,2012,47,42,33,2,1,NA,NA,0,2013,0,1,54,11,10,,0,0,NA,0,0,NA,vacant,vacant,17303.30329,1558.622655,8
33.3,2012,2486,3,33,0,2012,148,85,64,35,36,NA,NA,0,2013,0,1,140,140,80,1,23,25,NA,2,32,NA,vacant,liom,215051.7037,443488.1629,3
33.3,2015,4654,3,33,0,2015,152,97,73,10,8,NA,4,6,2016,0,1,160,149,81,1,20,27,NA,2,14,NA,liom,liom,287508.0877,553967.5046,3
33.3,2014,3887,3,33,0,2014,135,149,103,18,24,NA,4,19,2015,0,1,152,97,73,1,10,8,NA,4,6,awkward dimensions,liom,liom,561104.1559,287508.0877,3
33.4,2009,787,4,33,0,2009,31,23,11,0,0,NA,NA,0,2010,0,1,6,2,2,,3,0,NA,NA,NA,NA,vacant,vacant,2345.460715,6.283185307,4
33.8,2014,4374,8,33,0,2014,87,63,51,15,0,NA,0,34,2015,0,1,98,101,62,,0,3,NA,11,NA,no data recorded for herbivores,liom,NA,74001.00035,170415.8244,8
34.2,2013,3064,2,34,0,2013,21,30,12,0,0,NA,0,0,2014,0,1,14,14,3,,0,0,NA,0,0,2-NP-ad,vacant,vacant,2424.52413,264.8100808,2
34.8,2013,3443,8,34,0,2013,60,79,61,0,3,NA,0,12,2014,0,1,95,110,74,,32,20,NA,2,72,NA,other,liom,76969.02001,210507.6517,8
35.2,2014,3789,2,35,0,2014,21,4,11,7,0,NA,0,15,2015,0,1,37,33,13,1,0,0,NA,0,0,slant measurement,other,vacant,309.2505268,5124.199417,2
35.5,2016,5708,5,35,0,2016,77,67,52,0,0,NA,0,0,2017,0,1,53,44,23,,4,0,NA,0,4,NA,vacant,liom,71366.31676,15571.63124,5
35.6,2016,5757,6,35,0,2016,129,138,82,56,6,NA,2,11,2017,0,1,175,157,120,,17,20,NA,5,36,NA,liom,liom,408642.6644,878832.7287,6
35.6,2010,1442,6,35,0,2010,162,147,125,29,67,NA,NA,NA,2011,0,1,136,170,132,,1,0,NA,NA,6,NA,liom,liom,784443.1192,811823.1464,6
35.6,2011,2087,6,35,0,2011,136,170,132,1,0,NA,NA,6,2012,0,1,158,108,106,,65,59,NA,NA,9,NA,liom,liom,811823.1464,473579.9082,6
35.7,2017,6614,7,35,0,2017,10,13,5,1,0,NA,0,0,2018,0,1,8,2,1,,0,0,NA,0,0,"mostly dead, still",vacant,vacant,212.0575041,4.71238898,7
36.6,2009,942,6,36,0,2009,33,25,22,0,0,NA,NA,1,2010,0,1,38,12,3,,0,0,NA,NA,NA,NA,liom,vacant,4771.097493,559.5961914,6
37.4,2010,1290,4,37,0,2010,56,40,35,6,0,NA,NA,NA,2011,0,1,38,15,17,,0,0,NA,NA,0,NA,liom,vacant,20616.70179,2546.784445,4
37.8,2011,2226,8,37,0,2011,10,1,1,0,0,NA,NA,0,2012,0,1,15,7,4,,2,0,NA,NA,0,NA,vacant,vacant,2.617993878,118.7914722,8
38.1,2016,5263,1,38,0,2016,112,91,21,20,6,NA,0,0,2017,0,1,118,83,80,,12,1,NA,1,5,NA,vacant,liom,91952.32258,205194.5641,1
38.4,2011,1932,4,38,0,2011,51,39,18,0,0,NA,NA,4,2012,0,1,56,56,49,,16,0,NA,NA,11,NA,liom,liom,10844.97419,40408.73551,4
38.6,2009,943,6,38,0,2009,77,54,49,8,0,NA,NA,36,2010,0,1,99,29,18,,4,0,NA,NA,NA,NA,liom,liom,53465.52182,14313.29248,6
38.8,2012,2872,8,38,0,2012,36,19,9,3,0,NA,NA,5,2013,0,1,16,4,3,,0,0,NA,0,0,NA,liom,vacant,1847.25648,51.31268001,8
39.8,2012,2873,8,39,0,2012,125,60,45,22,0,NA,NA,2,2013,0,1,71,53,32,,0,0,NA,0,2,NA,crem,other,90198.07033,33574.13524,8
40.3,2011,1843,3,40,0,2011,44,20,15,2,0,NA,NA,15,2012,0,1,64,35,31,,27,0,NA,NA,0,NA,liom,vacant,3527.746751,18246.37013,3
40.4,2011,1934,4,40,0,2011,64,39,35,0,0,NA,NA,0,2012,0,1,30,31,24,,5,0,NA,NA,3,NA,vacant,liom,22937.81516,5939.573611,4
41.1,2017,6038,1,41,0,2017,110,104,91,26,15,NA,20,50,2018,0,1,128,130,99,,14,82,NA,3,32,NA,liom,liom,273760.3473,439328.6943,1
41.5,2010,1401,5,41,0,2010,162,102,87,11,9,NA,NA,NA,2011,0,1,160,111,90,,0,0,NA,NA,0,NA,NA,vacant,378745.3052,423078.2827,5
41.8,2012,2874,8,41,0,2012,27,19,20,21,0,NA,NA,0,2013,0,1,19,11,2,,0,0,NA,0,0,NA,vacant,vacant,2687.828865,210.1594586,8
42.2,2015,4557,2,42,0,2015,78,67,29,19,1,NA,0,10,2016,0,1,86,99,52,,7,7,NA,0,0,NA,fore,vacant,47048.49158,128339.6886,2
42.3,2009,710,3,42,0,2009,23,13,11,0,0,NA,NA,0,2010,0,1,11,2,2,,0,0,NA,NA,NA,NA,vacant,vacant,867.0795724,11.51917306,3
42.6,2016,5762,6,42,0,2016,57,44,42,6,0,NA,0,0,2017,0,1,47,24,7,,0,0,NA,0,0,NA,vacant,vacant,27591.82288,2956.173237,6
42.8,2013,3449,8,42,0,2013,12,31,11,5,0,NA,0,24,2014,0,1,62,35,18,1,7,0,NA,0,25,plant partially toppled over,crem,crem,1385.44236,11398.61445,8
42.8,2017,6707,8,42,0,2017,50,57,23,1,0,NA,0,13,2018,0,1,39,14,14,1,0,0,NA,0,0,NA,liom,vacant,20943.95102,2001.19452,8
44.1,2012,2309,1,44,0,2012,40,24,9,6,0,NA,NA,8,2013,0,1,53,32,24,,7,0,NA,0,15,NA,liom,liom,2850.995333,10878.28816,1
44.5,2015,4940,5,44,0,2015,20,15,7,0,0,NA,0,0,2016,0,1,6,3,1.5,,1,0,NA,0,0,new segment is the only green part,vacant,vacant,633.5545185,7.952156404,5
45.1,2011,1666,1,45,0,2011,55,44,16,0,0,NA,NA,0,2012,0,1,76,62,43,,15,0,NA,NA,8,NA,vacant,liom,12959.0697,54840.42676,1
45.2,2017,6137,2,45,0,2017,136,79,57,13,0,NA,8,4,2018,0,1,138,102,61,,32,7,NA,1,27,NA,fore,liom,164636.2102,239973.3037,2
45.3,2017,6232,3,45,0,2017,64,61,45,5,0,NA,0,7,2018,0,1,12,7,3.5,,3,0,NA,0,18,NA,liom,crem,47065.24674,86.59014751,3
45.7,2017,6622,7,45,0,2017,23,26,16,0,0,NA,0,0,2018,0,1,22,2,2,,0,0,NA,0,0,"all but dead, bottom of stem green (small part)",vacant,vacant,2655.43119,23.03834613,7
46.3,2011,1848,3,46,0,2011,63,16,14,0,0,NA,NA,0,2012,0,1,71,47,28,,2,0,NA,NA,0,NA,vacant,vacant,3711.006322,26139.03263,3
46.3,2009,714,3,46,0,2009,56,32,21,9,0,NA,NA,8,2010,0,1,87,43,32,,6,0,NA,NA,NA,NA,liom,vacant,10295.52272,32029.51885,3
46.3,2010,1210,3,46,0,2010,87,43,32,6,0,NA,NA,NA,2011,0,1,63,16,14,,0,0,NA,NA,0,NA,vacant,vacant,32029.51885,3711.006322,3
46.6,2013,3326,6,46,0,2013,16,14,5,0,0,NA,0,0,2014,0,1,19,2,2,,0,0,NA,0,0,NA,vacant,vacant,378.038316,19.89675347,6
47.3,2015,4665,3,47,0,2015,87,30,20,2,0,NA,0,0,2016,0,1,24,12,7,,0,0,NA,0,0,"tag fell off, but I think this is right; mostly dead, live at base",vacant,vacant,14235.34171,567.057474,3
47.3,2012,2497,3,47,0,2012,97,46,33,12,1,NA,NA,0,2013,0,1,85,23,19,,0,0,NA,0,0,NA,vacant,vacant,39621.832,9813.550052,3
48.8,2011,2237,8,48,0,2011,16,2.5,2.5,0,0,NA,NA,0,2012,0,1,28,12,12,,3,0,NA,NA,0,NA,vacant,vacant,26.17993878,1055.575132,8
50.2,2011,1766,2,50,0,2011,67,42,29,0,0,NA,NA,0,2012,0,1,33,6,11,,10,0,NA,NA,0,NA,vacant,vacant,22105.48946,624.1951904,2
50.5,2011,2055,5,50,0,2011,5.5,1,1,0,0,NA,NA,0,2012,0,1,18,3.5,3,,2,0,NA,NA,0,NA,vacant,vacant,1.439896633,49.77460861,5
50.5,2012,2698,5,50,0,2012,18,3.5,3,2,0,NA,NA,0,2013,0,1,22,18,2,,2,0,NA,0,0,NA,vacant,vacant,49.77460861,575.9586532,5
51.6,2017,6530,6,51,0,2017,105,115,58,6,0,NA,0,0,2018,0,1,119,104,93,,3,5,NA,0,50,a lot of dead wood in the middle making it look like two plants,vacant,liom,205679.0893,302265.1301,6
51.8,2011,2240,8,51,0,2011,10,5.5,2,0,0,NA,NA,0,2012,0,1,21,14,8,,6,0,NA,NA,1,NA,vacant,crem,36.81553891,665.2322444,8
51.8,2017,6715,8,51,0,2017,49,20,13,0,0,NA,0,22,2018,0,1,48,20,90,1,1,0,NA,0,7,NA,liom,crem,3492.469283,38013.27111,8
52.1,2016,5271,1,52,0,2016,82,61,32,1,0,NA,0,0,2017,0,1,110,73,47,,0,0,NA,0,0,50% dead,vacant,vacant,46418.20955,103672.5576,1
52.4,2013,3212,4,52,0,2013,27,21,15,0,0,NA,0,0,2014,0,1,18,5,3,,0,0,NA,0,0,almost entirely dead,vacant,vacant,2290.221044,75.39822369,4
52.4,2011,1946,4,52,0,2011,37,42,29,0,0,NA,NA,0,2012,0,1,31,28,11,,14,0,NA,NA,1,NA,vacant,other,12207.5091,3086.025734,4
52.8,2011,2241,8,52,0,2011,86,59,44,0,0,NA,NA,0,2012,0,1,108,81,70,,23,7,NA,NA,0,NA,vacant,vacant,59714.73866,161170.7717,8
53.6,2013,3331,6,53,0,2013,38,19,12,4,0,NA,0,0,2014,0,1,46,48,24,1,7,0,NA,0,22,mostly dead,vacant,crem,2390.097511,15607.4323,6
54.3,2009,722,3,54,0,2009,13,9,5,0,0,NA,NA,0,2010,0,1,41,23,10,,5,0,NA,NA,NA,NA,vacant,liom,166.76621,2922.270216,3
55.6,2014,4207,6,55,0,2014,40,24,28,11,0,NA,0,0,2015,0,1,71,52,44,,7,0,NA,0,2,NA,vacant,liom,7079.055446,42826.19105,6
55.7,2012,2826,7,55,0,2012,12,3,1.5,1,0,NA,NA,0,2013,0,1,15,17,2,,2,0,NA,0,0,NA,vacant,vacant,15.90431281,354.4109212,7
55.8,2011,2244,8,55,0,2011,59,33,31,0,0,NA,NA,0,2012,0,1,24,24,15,,8,0,NA,NA,2,NA,vacant,crem,15816.87181,2389.181213,8
56.2,2012,2415,2,56,0,2012,26,36,21,13,0,NA,NA,0,2013,0,1,61,34,33,,16,0,NA,0,0,NA,vacant,vacant,5528.810371,17922.06614,2
56.8,2011,2245,8,56,0,2011,49,57,56,0,0,NA,NA,8,2012,0,1,75,91,73,,42,9,NA,NA,9,NA,liom,liom,40950.72569,132025.4313,8
59.3,2009,727,3,59,0,2009,83,33,30,0,0,NA,NA,0,2010,0,1,75,15,3,,0,0,NA,NA,NA,NA,vacant,vacant,21560.94673,1590.431281,3
61.2,2009,646,2,61,0,2009,33,13,4,4,0,NA,NA,7,2010,0,1,40,22,21,,2,0,NA,NA,NA,NA,liom,liom,624.1951904,4840.67068,2
61.2,2017,6151,2,61,0,2017,29,16,9,0,0,NA,0,0,2018,0,1,25,2.5,2.5,,0,0,NA,0,0,2/3 dead,vacant,vacant,1186.278476,40.90615434,2
62.3,2013,3156,3,62,0,2013,163,157,131,89,162,NA,0,20,2014,0,1,179,176,172,,44,217,NA,1,74,"of 217, 3 were open, 1 bird nest",liom,liom,884873.5532,1418796.649,3
62.3,2016,5473,3,62,0,2016,179,191,148,74,240,NA,4,32,2017,0,1,192,210,168,,117,171,NA,3,59,NA,liom,liom,1346359.573,1795533.299,3
63.2,2009,648,2,63,0,2009,79,98,44,0,0,NA,NA,1,2010,0,1,79,34,31,,0,0,NA,NA,NA,NA,liom,vacant,104258.7264,21845.52267,2
64.4,2011,1957,4,64,0,2011,35,32,10,0,0,NA,NA,0,2012,0,1,43,48,38,,16,0,NA,NA,19,NA,vacant,liom,4040.873551,20814.88393,4
64.8,2015,5202,8,64,0,2015,89,87,53,8,1,NA,0,1,2016,0,1,94,42,40,,0,0,NA,0,0,"green, purple, yellow coloring; may be dying",liom,vacant,114170.713,41367.96846,8
65.1,2012,2325,1,65,0,2012,47,24,11,4,0,NA,NA,0,2013,0,1,21,10,8,,3,0,NA,0,0,NA,vacant,vacant,3768.274938,445.3207586,1
65.1,2010,1048,1,65,0,2010,61,33,25,1,0,NA,NA,NA,2011,0,1,48,15,8,,0,0,NA,NA,0,NA,vacant,vacant,13430.57039,1661.902514,1
65.3,2011,1865,3,65,0,2011,142,150,93,0,0,NA,NA,0,2012,0,1,91,109,100,,62,38,NA,NA,9,NA,vacant,liom,548794.2178,260161.2436,3
65.4,2016,5569,4,65,0,2016,32,22,12,0,0,NA,0,0,2017,0,1,38,35,29,,2,0,NA,0,1,NA,vacant,liom,2421.120738,10187.13778,4
67.3,2009,735,3,67,0,2009,64,40,46,0,0,NA,NA,0,2010,0,1,55,26,24,,0,0,NA,NA,NA,NA,vacant,vacant,30980.29235,8999.353956,3
67.4,2016,5571,4,67,0,2016,60,28,22,0,0,NA,0,0,2017,0,1,35,4,4,,0,0,NA,0,0,dying,vacant,vacant,9817.477042,146.6076572,4
68.1,2014,3715,1,68,0,2014,36,29,23,5,0,NA,0,22,2015,0,1,22,19,6,,2,0,NA,0,1,NA,crem,liom,6371.149901,899.9353956,1
68.8,2012,2899,8,68,0,2012,13,4,3,2,0,NA,NA,1,2013,0,1,28,16,14,,0,0,NA,0,0,NA,crem,vacant,41.69155251,1649.336143,8
68.8,2011,2257,8,68,0,2011,25,13,7,0,0,NA,NA,0,2012,0,1,13,4,3,,2,0,NA,NA,1,NA,vacant,crem,654.4984695,41.69155251,8
69.8,2011,2258,8,69,0,2011,40,38,12,0,0,NA,NA,0,2012,0,1,27,11,9,,9,0,NA,NA,0,NA,vacant,vacant,6544.984695,706.8583471,8
70.8,2015,5208,8,70,0,2015,132,150,94,38,41,NA,15,0,2016,0,1,96,99,71,1,8,21,NA,15,0,leaning; 2015 dimensions are wrong,vacant,vacant,514354.1156,181584.0554,8
71.4,2009,823,4,71,0,2009,27,15,7,4,0,NA,NA,1,2010,0,1,16,2,2,,0,0,NA,NA,NA,NA,liom,vacant,855.2985999,16.75516082,4
73.3,2014,3918,3,73,0,2014,16,9,13,0,0,NA,0,2,2015,0,1,8,5,3,,0,0,NA,0,0,NA,liom,vacant,506.8436148,33.51032164,3
73.3,2011,1873,3,73,0,2011,55,30,17,0,0,NA,NA,0,2012,0,1,51,11,5,,3,0,NA,NA,0,NA,vacant,vacant,7951.829155,854.5132018,3
74.1,2016,5283,1,74,0,2016,7,8,5,0,0,NA,0,0,2017,0,1,3,2.5,1,,0,0,NA,0,0,"yellow, dying?",vacant,vacant,77.42716894,2.405281875,1
77.4,2013,3231,4,77,0,2013,56,44,21,0,0,NA,0,4,2014,0,1,32,24,19,,0,0,NA,0,0,NA,liom,vacant,15485.43379,3872.536544,4
77.8,2015,5214,8,77,0,2015,105,110,77,9,32,NA,4,0,2016,0,1,119,121,124,,30,7,NA,9,1,NA,vacant,crem,240315.1483,467506.6205,8
78.1,2017,6058,1,78,0,2017,34,19,9,0,0,NA,0,0,2018,0,1,21,6,2,,1,0,NA,0,0,mostly dead,vacant,vacant,1744.63112,87.9645943,1
81.4,2013,3235,4,81,0,2013,31,22,12,0,0,NA,0,0,2014,0,1,27,7.5,3,,0,0,NA,0,0,dying,vacant,vacant,2345.460715,194.8278319,4
82.6,2016,5789,6,82,0,2016,9,9,2,0,0,NA,0,0,2017,0,1,2,3,0.5,,0,0,NA,0,0,very very very nearly dead,vacant,vacant,71.27488333,1.60352125,6
83.1,2016,5288,1,83,0,2016,59,33,8,0,0,NA,0,0,2017,0,1,15,20,6,,0,0,NA,0,0,"dying, mostly yellow",vacant,vacant,6491.250371,663.6614481,1
83.4,2011,1974,4,83,0,2011,12,8,5,0,0,NA,NA,0,2012,0,1,20,20,16,,7,0,NA,NA,0,NA,vacant,vacant,132.7322896,1696.460033,4
83.4,2015,4809,4,83,0,2015,43,35,24,0,0,NA,0,0,2016,0,1,24,6,5,,0,0,NA,0,0,"very yellow, only measured the green part (trunk)",vacant,vacant,9796.729441,190.0663555,4
85.3,2013,3171,3,85,0,2013,9,6,4,0,0,NA,0,0,2014,0,1,37,29,27,,14,0,NA,0,22,NA,vacant,liom,58.90486225,7594.276641,3
85.6,2017,6550,6,85,0,2017,44,30,21,3,0,NA,0,8,2018,0,1,12,3,3,,0,0,NA,0,0,NA,liom,vacant,7490.342284,28.27433388,6
87.3,2011,1882,3,87,0,2011,11,2,2,0,0,NA,NA,0,2012,0,1,22,9,4,,2,0,NA,NA,0,NA,vacant,vacant,11.51917306,243.342531,3
88.4,2014,4044,4,88,0,2014,2.5,1.5,0,0,0,NA,0,0,2015,0,1,5,4,2,,0,0,NA,0,0,NA,vacant,vacant,0.368155389,11.78097245,4
89.6,2017,6551,6,89,0,2017,14,9,7,0,0,NA,0,0,2018,0,1,53,34,24,,0,0,NA,0,4,hidden under a bush,vacant,liom,234.5722515,11669.18411,6
93.3,2017,6263,3,93,0,2017,16,10,5,0,0,NA,0,0,2018,0,1,8,1.5,1.5,,2,0,NA,0,0,barely alive,vacant,vacant,235.619449,4.71238898,3
93.3,2013,3176,3,93,0,2013,33,44,8,0,0,NA,0,0,2014,0,1,22,6.5,5,,0,0,NA,0,0,NA,vacant,vacant,5840.220743,190.4263297,3
93.4,2016,5594,4,93,0,2016,42,26,21,5,0,NA,0,0,2017,0,1,4,6,4,,0,0,NA,0,0,NA,vacant,vacant,6072.3059,26.17993878,4
95.3,2014,3930,3,95,0,2014,11,9,7,0,0,NA,0,2,2015,0,1,4,4,1,,0,0,NA,0,0,NA,liom,vacant,184.306769,6.544984695,3
95.6,2016,5797,6,95,0,2016,6,5,3,1,0,NA,0,0,2017,0,1,1,1,1,,0,0,NA,0,0,"trimbled, much die back almost completely dead",vacant,vacant,25.13274123,0.261799388,6
97.3,2014,3932,3,97,0,2014,19,18,12,3,0,NA,0,4,2015,0,1,29,40,32,,3,0,NA,0,2,NA,liom,liom,1119.192383,9839.468191,3
98.6,2016,5802,6,98,0,2016,5,3.5,3,2,0,NA,0,0,2017,0,1,2,1,1,,0,0,NA,0,0,"trimbled, barely alive",vacant,vacant,13.82628017,0.523598776,6
100.3,2017,6268,3,100,0,2017,36,44,27,0,0,NA,0,0,2018,0,1,36,20,10,,0,0,NA,0,0,NA,vacant,vacant,11877.57643,2120.575041,3
100.8,2015,5233,8,100,0,2015,9,1,1,1,0,NA,0,0,2016,0,1,9,6,3,,2,0,NA,0,0,NA,vacant,vacant,2.35619449,47.71293843,8
112.4,2017,6379,4,112,0,2017,61,33,8,4,0,NA,0,8,2018,0,1,55,3,3,,0,0,NA,0,0,NA,liom,vacant,6711.292756,129.590697,4
119.3,2017,6278,3,119,0,2017,18,8,5,4,0,NA,0,0,2018,0,1,7.4,1,1,,0,0,NA,0,0,NA,vacant,vacant,199.0984344,1.93731547,3
120.3,2017,6279,3,120,0,2017,13,3,1,2,0,NA,0,0,2018,0,1,4,0.75,0.75,,0,0,NA,0,0,NA,vacant,vacant,13.61356817,0.589048623,3
126.1,2017,6076,1,126,0,2017,2.5,0.5,0.5,0,0,NA,0,0,2018,0,1,7,2,2,,2,0,NA,0,0,NA,vacant,vacant,0.163624617,7.330382858,1
128.1,2017,6078,1,128,0,2017,3.5,0.5,0.5,0,0,NA,0,0,2018,0,1,5,4,2,,0,0,NA,0,0,NA,vacant,vacant,0.229074464,11.78097245,1
135.4,2017,6388,4,135,0,2017,11,8,3,2,0,NA,0,0,2018,0,1,3.5,1,1,,2,0,NA,0,0,2m east of 4-53,vacant,vacant,87.11374629,0.916297857,4
113A.3,2017,6289,3,113A,0,2017,6,1,1,1,0,NA,0,0,2018,0,1,8,6,3,,1,0,NA,0,0,NA,vacant,vacant,1.570796327,42.41150082,3
122A.4,2016,5651,4,122A,0,2016,3,1,1,0,0,NA,0,0,2017,0,1,22,9,5,,3,0,NA,0,0,NA,vacant,vacant,0.785398163,282.21974,4
125C.1,2017,6087,1,125C,0,2017,7,16,4.5,1,0,NA,0,0,2018,0,1,4,1,1,,0,0,NA,0,0,NA,vacant,vacant,192.5370873,1.047197551,1
132A.3,2016,5520,3,132A,0,2016,11,2,1,2,0,NA,0,0,2017,0,1,19,8,2,,3,0,NA,0,2,NA,vacant,liom,6.479534848,124.3547092,3
132E.3,2016,5523,3,132E,0,2016,11,3,2,2,0,NA,0,0,2017,0,1,19,11,5,,4,0,NA,0,1,NA,vacant,liom,17.99870791,318.3480556,3
133A.4,2017,6423,4,133A,0,2017,6,0.5,0.5,0,0,NA,0,0,2018,0,1,7.5,2,2,,0,0,NA,0,0,"2m south of 4-64, need to gps",vacant,vacant,0.392699082,7.853981634,4
19Y.6,2011,2124,6,19Y,0,2011,107,55,26,0,0,NA,NA,1,2012,0,1,121,81,56,,38,1,NA,NA,0,NA,liom,vacant,45947.5597,148639.8095,6
39X.6,2016,5813,6,39X,0,2016,76,76,51,16,5,NA,0,10,2017,0,1,114,145,86,1,7,3,NA,0,31,NA,liom,liom,80228.68419,398141.4983,6
39X.6,2015,5035,6,39X,0,2015,106,142,61,15,3,NA,0,0,2016,0,1,76,76,51,1,16,5,NA,0,10,data may have been recorded for 6-39Y,vacant,liom,285895.0108,80228.68419,6
53X.1,2011,1697,1,53X,0,2011,55,28,13,3,0,NA,NA,6,2012,0,1,66,33,44,,7,1,NA,NA,0,NA,liom,vacant,6051.1656,25611.44141,1
56A.7,2013,3650,7,56A,0,2013,21,11,5,4,0,NA,0,7,2014,0,1,28,21,21,,0,0,NA,0,NA,NA,liom,NA,351.8583772,3232.698841,7
56A.7,2014,4319,7,56A,0,2014,28,21,21,0,0,NA,0,0,2015,0,1,8,9,4,,0,0,NA,0,5,"probs dying, close ot ant nest",vacant,liom,3232.698841,88.48819308,7
57Y.6,2015,5038,6,57Y,0,2015,43,33,12,0,0,NA,0,0,2016,0,1,31,12,8,,2,0,NA,0,0,NA,vacant,vacant,5699.045423,811.5781022,6
59Y.4,2009,845,4,59Y,0,2009,17,11,3,0,0,NA,NA,0,2010,0,1,8,2,2,,3,0,NA,NA,NA,NA,vacant,vacant,218.07889,8.37758041,4
75A.8,2013,3669,8,75A,0,2013,13,6,3,2,0,NA,0,0,2014,0,1,36,12,15,,0,0,NA,0,0,pulled tag,vacant,vacant,68.91868884,1717.665783,8
80A.2,2017,6179,2,80A,0,2017,8,8,2,0,0,NA,0,0,2018,0,1,4,1,0.5,,0,0,NA,0,0,"root exposed, dying back",vacant,vacant,52.35987756,0.589048623,2
80B.2,2016,5406,2,80B,0,2016,16,9,8,1,0,NA,0,1,2017,0,1,16,1,1,,0,0,NA,0,0,NA,liom,vacant,302.6400923,4.188790205,2
80B.7,2016,5903,7,80B,0,2016,7,1,1,1,0,NA,0,0,2017,0,1,10,7.25,2,,1,0,NA,0,0,NA,vacant,vacant,1.832595715,56.0005253,7
80B.7,2017,6663,7,80B,0,2017,10,7.25,2,1,0,NA,0,0,2018,0,1,3,1.5,1.5,,0,0,NA,0,0,died back,vacant,vacant,56.0005253,1.767145868,7
82B.1,2012,2363,1,82B,0,2012,5,0.5,0.5,0,0,NA,NA,0,2013,0,1,5,3,2,,0,0,NA,0,0,NA,vacant,vacant,0.327249235,8.181230869,1
89C.3,2015,4747,3,89C,0,2015,19,5,4.5,2,0,NA,0,0,2016,0,1,25,15,12,,1,0,NA,0,0,NA,vacant,vacant,112.2301251,1192.823461,3
92B.1,2016,5330,1,92B,0,2016,15,10,5,8,0,NA,0,0,2017,0,1,3,2,2,,0,0,NA,0,0,NA,vacant,vacant,220.8932335,3.141592654,1
94A.3,2012,2550,3,94A,0,2012,14,1.5,2,2,0,NA,NA,0,2013,0,1,17,11,5,,4,0,NA,0,0,NA,vacant,vacant,11.22464875,284.8377339,3
AD10.T3,2005,212,T3,AD10,0,2005,97,89,52,20,4,5,1,12,2006,0,1,108,99,84,,13,15,15,0,61,NA,liom,liom,126217.2155,236719.7918,T3
AD12.T3,2005,213,T3,AD12,0,2005,90,69,54,18,16,18,2,7,2006,0,1,100,95,64,,11,6,6,0,78,NA,liom,liom,89117.16611,165463.7581,T3
AD14.T1,2006,253,T1,AD14,0,2006,102,114,149,1,3,3,0,49,2007,0,1,103,102,64,,2,3,3,0,NA,NA,liom,NA,461764.2473,185764.2062,T1
AD16.T1,2004,5,T1,AD16,0,2004,93,115,115,6,10,10,0,19,2005,0,1,68,115,38,,11,4,4,0,17,NA,liom,liom,321993.612,104183.8518,T1
AD17.T1,2007,374,T1,AD17,0,2007,98,65,42,12,29,31,2,NA,2008,0,1,103,71,58,,15,13,13,NA,49,NA,NA,liom,73434.85918,112182.543,T1
AD18.T2,2004,48,T2,AD18,0,2004,124,61,61,21,19,19,0,0,2005,0,1,128,95,70,,21,22,23,1,18,NA,vacant,liom,120795.2847,228079.6267,T2
AD20.T1,2006,259,T1,AD20,0,2006,125,54,26,5,19,19,0,46,2007,0,1,119,86,50,,12,4,4,0,NA,NA,liom,NA,52359.87756,144056.6839,T1
AD23.T1,2004,12,T1,AD23,0,2004,85,82,82,20,14,14,0,8,2005,0,1,107,93,72,,7,31,31,0,29,NA,liom,liom,149628.8221,190660.3129,T1
AD27.T1,2004,13,T1,AD27,0,2004,120,44,44,10,3,6,3,0,2005,0,1,132,63,52,,7,23,25,2,0,NA,vacant,vacant,60821.23377,114255.7978,T1
AD29.T1,2004,15,T1,AD29,0,2004,150,130,130,10,22,22,0,47,2005,0,1,54,141,61,,26,26,27,1,8,NA,liom,camp,663661.4481,144213.24,T1
AD3.T3,2004,93,T3,AD3,0,2004,90,78,78,22,31,38,7,22,2005,0,1,97,96,87,,27,20,25,5,45,NA,liom,liom,143350.8728,212609.4427,T3
AD5.T3,2005,227,T3,AD5,0,2005,89,83,69,13,7,12,5,12,2006,0,1,88,105,95,,8,6,6,0,63,NA,liom,liom,134581.6405,230383.4613,T3
AD9.T1,2004,20,T1,AD9,0,2004,84,88,88,3,12,12,0,0,2005,0,1,87,63,31,,8,6,6,0,0,NA,vacant,vacant,170299.4546,50313.39175,T1
LJ11.T1,2006,271,T1,LJ11,0,2006,5,40,28,0,0,0,NA,3,2007,0,1,61,40,32,1,5,0,0,NA,NA,NA,crem,NA,1513.200461,20696.8124,T1
LJ11.T1,2005,151,T1,LJ11,0,2005,58,39,28,4,0,0,NA,18,2006,0,1,5,40,28,1,0,0,0,NA,3,NA,crem,crem,17040.65305,1513.200461,T1
LJ12.T1,2007,390,T1,LJ12,0,2007,83,65,29,5,0,0,NA,NA,2008,0,1,92,0,30,1,15,2,2,NA,22,NA,NA,crem,48000.13235,5419.247327,T1
LJ15.T1,2005,155,T1,LJ15,0,2005,46,19,21,5,0,0,NA,0,2006,0,1,21,8,2,,0,0,0,NA,0,NA,vacant,vacant,4817.108736,137.4446786,T1
SJ10.T2,2007,440,T2,SJ10,0,2007,21,9,9,1,0,0,NA,NA,2008,0,1,31,26,19,,0,0,0,NA,23,NA,NA,liom,445.3207586,4108.614142,T2
SJ12.T3,2007,480,T3,SJ12,0,2007,41,26,18,1,0,0,NA,NA,2008,0,1,50,9,3,,0,0,0,NA,3,NA,NA,liom,5195.147051,471.238898,T3
SJ15.T3,2007,483,T3,SJ15,0,2007,36,24,19,0,0,0,NA,NA,2008,0,1,29,10,3,,0,0,0,NA,0,NA,NA,vacant,4356.603612,320.7696999,T3
SJ17.T1,2006,283,T1,SJ17,0,2006,20,12,4,0,0,0,NA,0,2007,0,1,8,2,2,,1,0,0,NA,NA,NA,vacant,NA,335.1032164,8.37758041,T1
SJ2.T1,2007,402,T1,SJ2,0,2007,63,25,16,4,0,0,NA,NA,2008,0,1,60,46,23,,7,0,0,NA,16,NA,NA,crem,6931.335142,18696.40328,T1
